============================================================
Job ID   : 62320371
Node     : gl1011
Started  : Tue Sep 29 04:18:22 EDT 2026
============================================================
Python : /home/xysong/.conda/envs/RL/bin/python
Torch  : 2.5.1+cu121
CUDA   : True
MATLAB : /sw/pkgs/arc/matlab/R2024b/bin/matlab
============================================================
=== [0/7] Train surrogate_model_v3 on gapped islands 100-150,350-400 (perturb=0.2, bootstrap_frac=0.5) ===
[train] Output dir : surrogate_model_v3/runs/gap_100-150_350-400_perturb0.2_bootstrap0.5
[train] Device     : cuda
[dataset] Loaded 5000 trajectories × 12 layers from DatasetV2_layer_12_samples_5000.pkl
[dataset] Split → train 4000 | val 500 | test 500
[dataset] State mean ∈ [164.2, 2761.5], std ∈ [31.5926, 1672.6]
[dataset] Laser power mean = 249.87 W, std = 89.44 W
[dataset] Cool time    mean = 0.1005 s, std = 0.0314 s
[dataset] ROI weight table: (12, 1053), range [0.801, 4.219]
[train] ROI weights loaded from mesh: /nfs/turbo/coe-sunwbgt/xysong/Offline-RL-Controller-in-AM/surrogate_model/mesh.mat
[train] LP filter (gapped) active: [100.0, 150.0], [350.0, 400.0] W
[TwoStageSurrogateDataset] lp_filter=[100.0, 150.0], [350.0, 400.0]W kept 18,549/48,000 transitions
[TwoStageSurrogateDataset] perturb_frac=20.0% of per-node state_std → noise std 6.32-334.52K (mean 44.31K) applied to 18,549 heating/next-state TARGETS (inputs s_t and the physical trajectory chain remain clean)
[dataset] Bootstrap masks: (18549, 5), resample_frac=0.5, ~60.6% of (sample, member) pairs unseen (expected ≈ 60.7%)
[TwoStageSurrogateDataset] 18,549 transitions, state_dim=1053, layers 0–11, bootstrap K=5 (transition-level resampling)
[TwoStageSurrogateDataset] lp_filter=[100.0, 150.0], [350.0, 400.0]W kept 2,330/6,000 transitions
[TwoStageSurrogateDataset] perturb_frac=20.0% of per-node state_std → noise std 6.32-334.52K (mean 44.31K) applied to 2,330 heating/next-state TARGETS (inputs s_t and the physical trajectory chain remain clean)
[dataset] Bootstrap masks: (2330, 5), resample_frac=0.5, ~60.5% of (sample, member) pairs unseen (expected ≈ 60.7%)
[TwoStageSurrogateDataset] 2,330 transitions, state_dim=1053, layers 0–11, bootstrap K=5 (transition-level resampling)
[train] TwoStageSurrogate(state=1053, lp_dim=1, cool_dim=1, K=5, n_layers=12, embed=8, rank=0 | heat×5=2,554,020  cool×5=2,554,020 | total=5,108,040)

[train] Starting training for up to 500 epochs (patience=30)
[train] Weights   → recon_heat=1.0  nll_heat=0.1  recon_cool=1.0  nll_cool=0.1
[train] Ensemble  → K=5 members, bootstrap_seed=42, bootstrap_frac=0.5
--------------------------------------------------------------------------------
Epoch    1/500 | train 0.28085 [rh=0.1511 nh=-0.0374 rc=0.1083 nc=0.2526] | val 0.20599 | lr 1.00e-03 |    6.8s ✓ best
Epoch    2/500 | train 0.15952 [rh=0.0626 nh=-0.1245 rc=0.0890 nc=0.2039] | val 0.13912 | lr 1.00e-03 |   12.4s ✓ best
Epoch    3/500 | train 0.13512 [rh=0.0455 nh=-0.1577 rc=0.0863 nc=0.1912] | val 0.13151 | lr 1.00e-03 |   17.9s ✓ best
Epoch    4/500 | train 0.12800 [rh=0.0428 nh=-0.1676 rc=0.0840 nc=0.1793] | val 0.12691 | lr 1.00e-03 |   23.4s ✓ best
Epoch    5/500 | train 0.12486 [rh=0.0422 nh=-0.1718 rc=0.0827 nc=0.1719] | val 0.12515 | lr 1.00e-03 |   28.9s ✓ best
Epoch    6/500 | train 0.12346 [rh=0.0420 nh=-0.1742 rc=0.0821 nc=0.1684] | val 0.12472 | lr 1.00e-03 |   34.6s ✓ best
Epoch    7/500 | train 0.12264 [rh=0.0418 nh=-0.1757 rc=0.0817 nc=0.1663] | val 0.12500 | lr 1.00e-03 |   39.9s (no improvement 1/30)
Epoch    8/500 | train 0.12434 [rh=0.0435 nh=-0.1726 rc=0.0816 nc=0.1652] | val 0.12401 | lr 9.99e-04 |   45.4s ✓ best
Epoch    9/500 | train 0.12165 [rh=0.0416 nh=-0.1777 rc=0.0814 nc=0.1637] | val 0.12324 | lr 9.99e-04 |   50.9s ✓ best
Epoch   10/500 | train 0.12090 [rh=0.0415 nh=-0.1792 rc=0.0811 nc=0.1621] | val 0.12285 | lr 9.99e-04 |   56.6s ✓ best
Epoch   11/500 | train 0.12055 [rh=0.0414 nh=-0.1800 rc=0.0810 nc=0.1611] | val 0.12260 | lr 9.99e-04 |   62.1s ✓ best
Epoch   12/500 | train 0.12015 [rh=0.0414 nh=-0.1805 rc=0.0808 nc=0.1598] | val 0.12290 | lr 9.99e-04 |   67.4s (no improvement 1/30)
Epoch   13/500 | train 0.11984 [rh=0.0413 nh=-0.1817 rc=0.0808 nc=0.1595] | val 0.12290 | lr 9.98e-04 |   72.7s (no improvement 2/30)
Epoch   14/500 | train 0.11969 [rh=0.0413 nh=-0.1821 rc=0.0807 nc=0.1588] | val 0.12286 | lr 9.98e-04 |   78.5s (no improvement 3/30)
Epoch   15/500 | train 0.12168 [rh=0.0430 nh=-0.1776 rc=0.0806 nc=0.1581] | val 0.12470 | lr 9.98e-04 |   83.8s (no improvement 4/30)
Epoch   16/500 | train 0.11932 [rh=0.0413 nh=-0.1821 rc=0.0805 nc=0.1572] | val 0.12253 | lr 9.98e-04 |   89.5s ✓ best
Epoch   17/500 | train 0.11908 [rh=0.0413 nh=-0.1831 rc=0.0805 nc=0.1567] | val 0.12251 | lr 9.97e-04 |   94.9s ✓ best
Epoch   18/500 | train 0.11817 [rh=0.0410 nh=-0.1846 rc=0.0801 nc=0.1549] | val 0.12236 | lr 9.97e-04 |  101.3s ✓ best
Epoch   19/500 | train 0.11838 [rh=0.0410 nh=-0.1847 rc=0.0803 nc=0.1553] | val 0.12217 | lr 9.96e-04 |  107.7s ✓ best
Epoch   20/500 | train 0.11802 [rh=0.0410 nh=-0.1854 rc=0.0802 nc=0.1545] | val 0.12192 | lr 9.96e-04 |  113.9s ✓ best
Epoch   21/500 | train 0.11768 [rh=0.0410 nh=-0.1856 rc=0.0799 nc=0.1531] | val 0.12238 | lr 9.96e-04 |  120.1s (no improvement 1/30)
Epoch   22/500 | train 0.11751 [rh=0.0409 nh=-0.1862 rc=0.0799 nc=0.1528] | val 0.12194 | lr 9.95e-04 |  126.1s (no improvement 2/30)
Epoch   23/500 | train 0.11714 [rh=0.0408 nh=-0.1868 rc=0.0798 nc=0.1518] | val 0.12225 | lr 9.95e-04 |  131.4s (no improvement 3/30)
Epoch   24/500 | train 0.11710 [rh=0.0409 nh=-0.1868 rc=0.0798 nc=0.1513] | val 0.12243 | lr 9.94e-04 |  137.2s (no improvement 4/30)
Epoch   25/500 | train 0.11947 [rh=0.0428 nh=-0.1807 rc=0.0797 nc=0.1504] | val 0.12269 | lr 9.94e-04 |  142.5s (no improvement 5/30)
Epoch   26/500 | train 0.11687 [rh=0.0410 nh=-0.1861 rc=0.0795 nc=0.1496] | val 0.12220 | lr 9.93e-04 |  147.8s (no improvement 6/30)
Epoch   27/500 | train 0.11729 [rh=0.0416 nh=-0.1853 rc=0.0794 nc=0.1486] | val 0.12563 | lr 9.93e-04 |  153.1s (no improvement 7/30)
Epoch   28/500 | train 0.11666 [rh=0.0410 nh=-0.1857 rc=0.0794 nc=0.1483] | val 0.12192 | lr 9.92e-04 |  158.5s ✓ best
Epoch   29/500 | train 0.11583 [rh=0.0407 nh=-0.1883 rc=0.0792 nc=0.1472] | val 0.12203 | lr 9.92e-04 |  163.8s (no improvement 1/30)
Epoch   30/500 | train 0.11557 [rh=0.0406 nh=-0.1891 rc=0.0792 nc=0.1466] | val 0.12244 | lr 9.91e-04 |  169.4s (no improvement 2/30)
Epoch   31/500 | train 0.11540 [rh=0.0406 nh=-0.1893 rc=0.0791 nc=0.1459] | val 0.12218 | lr 9.91e-04 |  174.7s (no improvement 3/30)
Epoch   32/500 | train 0.11538 [rh=0.0407 nh=-0.1894 rc=0.0791 nc=0.1456] | val 0.12191 | lr 9.90e-04 |  180.2s ✓ best
Epoch   33/500 | train 0.11492 [rh=0.0406 nh=-0.1899 rc=0.0789 nc=0.1441] | val 0.12164 | lr 9.89e-04 |  185.6s ✓ best
Epoch   34/500 | train 0.11474 [rh=0.0405 nh=-0.1906 rc=0.0789 nc=0.1440] | val 0.12210 | lr 9.89e-04 |  191.5s (no improvement 1/30)
Epoch   35/500 | train 0.11442 [rh=0.0405 nh=-0.1909 rc=0.0787 nc=0.1428] | val 0.12228 | lr 9.88e-04 |  196.8s (no improvement 2/30)
Epoch   36/500 | train 0.11449 [rh=0.0408 nh=-0.1900 rc=0.0786 nc=0.1417] | val 0.12165 | lr 9.87e-04 |  202.0s (no improvement 3/30)
Epoch   37/500 | train 0.11630 [rh=0.0405 nh=-0.1915 rc=0.0800 nc=0.1499] | val 0.12249 | lr 9.87e-04 |  207.3s (no improvement 4/30)
Epoch   38/500 | train 0.11493 [rh=0.0406 nh=-0.1912 rc=0.0790 nc=0.1448] | val 0.12199 | lr 9.86e-04 |  212.6s (no improvement 5/30)
Epoch   39/500 | train 0.11415 [rh=0.0405 nh=-0.1918 rc=0.0786 nc=0.1423] | val 0.12196 | lr 9.85e-04 |  217.9s (no improvement 6/30)
Epoch   40/500 | train 0.11377 [rh=0.0405 nh=-0.1921 rc=0.0784 nc=0.1408] | val 0.12211 | lr 9.84e-04 |  223.2s (no improvement 7/30)
Epoch   41/500 | train 0.11375 [rh=0.0404 nh=-0.1925 rc=0.0785 nc=0.1409] | val 0.12145 | lr 9.84e-04 |  228.7s ✓ best
Epoch   42/500 | train 0.11342 [rh=0.0405 nh=-0.1926 rc=0.0783 nc=0.1394] | val 0.12146 | lr 9.83e-04 |  234.1s (no improvement 1/30)
Epoch   43/500 | train 0.11300 [rh=0.0404 nh=-0.1932 rc=0.0781 nc=0.1381] | val 0.12187 | lr 9.82e-04 |  239.9s (no improvement 2/30)
Epoch   44/500 | train 0.11313 [rh=0.0406 nh=-0.1924 rc=0.0780 nc=0.1378] | val 0.12151 | lr 9.81e-04 |  245.2s (no improvement 3/30)
Epoch   45/500 | train 0.11266 [rh=0.0404 nh=-0.1934 rc=0.0779 nc=0.1366] | val 0.12189 | lr 9.80e-04 |  250.5s (no improvement 4/30)
Epoch   46/500 | train 0.11257 [rh=0.0404 nh=-0.1936 rc=0.0779 nc=0.1364] | val 0.12130 | lr 9.79e-04 |  256.0s ✓ best
Epoch   47/500 | train 0.11231 [rh=0.0403 nh=-0.1944 rc=0.0778 nc=0.1362] | val 0.12136 | lr 9.79e-04 |  261.7s (no improvement 1/30)
Epoch   48/500 | train 0.11197 [rh=0.0404 nh=-0.1943 rc=0.0776 nc=0.1343] | val 0.12101 | lr 9.78e-04 |  267.1s ✓ best
Epoch   49/500 | train 0.11170 [rh=0.0403 nh=-0.1948 rc=0.0775 nc=0.1337] | val 0.12115 | lr 9.77e-04 |  272.9s (no improvement 1/30)
Epoch   50/500 | train 0.11152 [rh=0.0403 nh=-0.1950 rc=0.0774 nc=0.1331] | val 0.12144 | lr 9.76e-04 |  278.6s (no improvement 2/30)
Epoch   51/500 | train 0.11149 [rh=0.0403 nh=-0.1950 rc=0.0774 nc=0.1328] | val 0.12144 | lr 9.75e-04 |  284.6s (no improvement 3/30)
Epoch   52/500 | train 0.11119 [rh=0.0404 nh=-0.1949 rc=0.0772 nc=0.1314] | val 0.12137 | lr 9.74e-04 |  290.4s (no improvement 4/30)
Epoch   53/500 | train 0.11084 [rh=0.0403 nh=-0.1956 rc=0.0771 nc=0.1305] | val 0.12130 | lr 9.73e-04 |  296.0s (no improvement 5/30)
Epoch   54/500 | train 0.11137 [rh=0.0402 nh=-0.1961 rc=0.0774 nc=0.1333] | val 0.12080 | lr 9.72e-04 |  301.5s ✓ best
Epoch   55/500 | train 0.11058 [rh=0.0402 nh=-0.1962 rc=0.0770 nc=0.1300] | val 0.12121 | lr 9.71e-04 |  307.7s (no improvement 1/30)
Epoch   56/500 | train 0.11051 [rh=0.0403 nh=-0.1957 rc=0.0768 nc=0.1291] | val 0.12103 | lr 9.70e-04 |  313.8s (no improvement 2/30)
Epoch   57/500 | train 0.10997 [rh=0.0402 nh=-0.1967 rc=0.0767 nc=0.1279] | val 0.12085 | lr 9.69e-04 |  319.9s (no improvement 3/30)
Epoch   58/500 | train 0.10977 [rh=0.0402 nh=-0.1969 rc=0.0766 nc=0.1269] | val 0.12117 | lr 9.67e-04 |  325.7s (no improvement 4/30)
Epoch   59/500 | train 0.10965 [rh=0.0402 nh=-0.1973 rc=0.0766 nc=0.1264] | val 0.12112 | lr 9.66e-04 |  331.0s (no improvement 5/30)
Epoch   60/500 | train 0.10949 [rh=0.0401 nh=-0.1976 rc=0.0765 nc=0.1262] | val 0.12052 | lr 9.65e-04 |  336.5s ✓ best
Epoch   61/500 | train 0.10952 [rh=0.0402 nh=-0.1973 rc=0.0765 nc=0.1259] | val 0.12051 | lr 9.64e-04 |  342.8s ✓ best
Epoch   62/500 | train 0.10925 [rh=0.0402 nh=-0.1973 rc=0.0763 nc=0.1249] | val 0.12070 | lr 9.63e-04 |  348.9s (no improvement 1/30)
Epoch   63/500 | train 0.10918 [rh=0.0402 nh=-0.1977 rc=0.0763 nc=0.1247] | val 0.12057 | lr 9.62e-04 |  355.1s (no improvement 2/30)
Epoch   64/500 | train 0.10909 [rh=0.0402 nh=-0.1975 rc=0.0762 nc=0.1240] | val 0.12051 | lr 9.61e-04 |  361.0s ✓ best
Epoch   65/500 | train 0.10880 [rh=0.0402 nh=-0.1971 rc=0.0760 nc=0.1228] | val 0.12038 | lr 9.59e-04 |  367.3s ✓ best
Epoch   66/500 | train 0.10901 [rh=0.0403 nh=-0.1963 rc=0.0760 nc=0.1234] | val 0.12014 | lr 9.58e-04 |  373.6s ✓ best
Epoch   67/500 | train 0.10873 [rh=0.0400 nh=-0.1986 rc=0.0761 nc=0.1241] | val 0.12054 | lr 9.57e-04 |  379.9s (no improvement 1/30)
Epoch   68/500 | train 0.10838 [rh=0.0401 nh=-0.1986 rc=0.0759 nc=0.1225] | val 0.12041 | lr 9.56e-04 |  386.1s (no improvement 2/30)
Epoch   69/500 | train 0.11039 [rh=0.0411 nh=-0.1938 rc=0.0762 nc=0.1249] | val 0.12063 | lr 9.54e-04 |  392.2s (no improvement 3/30)
Epoch   70/500 | train 0.10830 [rh=0.0402 nh=-0.1972 rc=0.0757 nc=0.1213] | val 0.11999 | lr 9.53e-04 |  398.3s ✓ best
Epoch   71/500 | train 0.10814 [rh=0.0401 nh=-0.1980 rc=0.0757 nc=0.1212] | val 0.12009 | lr 9.52e-04 |  403.7s (no improvement 1/30)
Epoch   72/500 | train 0.10759 [rh=0.0400 nh=-0.1992 rc=0.0755 nc=0.1199] | val 0.12004 | lr 9.50e-04 |  409.0s (no improvement 2/30)
Epoch   73/500 | train 0.10754 [rh=0.0400 nh=-0.1996 rc=0.0755 nc=0.1197] | val 0.12127 | lr 9.49e-04 |  414.5s (no improvement 3/30)
Epoch   74/500 | train 0.10790 [rh=0.0400 nh=-0.1991 rc=0.0756 nc=0.1214] | val 0.11981 | lr 9.47e-04 |  420.3s ✓ best
Epoch   75/500 | train 0.10716 [rh=0.0400 nh=-0.1996 rc=0.0753 nc=0.1185] | val 0.11998 | lr 9.46e-04 |  425.6s (no improvement 1/30)
Epoch   76/500 | train 0.10717 [rh=0.0399 nh=-0.2004 rc=0.0754 nc=0.1191] | val 0.11981 | lr 9.45e-04 |  431.2s (no improvement 2/30)
Epoch   77/500 | train 0.10684 [rh=0.0399 nh=-0.2005 rc=0.0752 nc=0.1175] | val 0.11967 | lr 9.43e-04 |  436.6s ✓ best
Epoch   78/500 | train 0.10647 [rh=0.0399 nh=-0.2009 rc=0.0750 nc=0.1163] | val 0.12027 | lr 9.42e-04 |  441.9s (no improvement 1/30)
Epoch   79/500 | train 0.10639 [rh=0.0399 nh=-0.2011 rc=0.0750 nc=0.1160] | val 0.11967 | lr 9.40e-04 |  447.4s (no improvement 2/30)
Epoch   80/500 | train 0.10671 [rh=0.0399 nh=-0.2011 rc=0.0752 nc=0.1174] | val 0.11985 | lr 9.39e-04 |  452.9s (no improvement 3/30)
Epoch   81/500 | train 0.10664 [rh=0.0399 nh=-0.2012 rc=0.0751 nc=0.1172] | val 0.11971 | lr 9.37e-04 |  458.6s (no improvement 4/30)
Epoch   82/500 | train 0.10587 [rh=0.0399 nh=-0.2016 rc=0.0748 nc=0.1143] | val 0.11947 | lr 9.36e-04 |  464.1s ✓ best
Epoch   83/500 | train 0.10600 [rh=0.0399 nh=-0.2016 rc=0.0748 nc=0.1149] | val 0.11997 | lr 9.34e-04 |  469.4s (no improvement 1/30)
Epoch   84/500 | train 0.10590 [rh=0.0399 nh=-0.2017 rc=0.0747 nc=0.1144] | val 0.11977 | lr 9.33e-04 |  474.8s (no improvement 2/30)
Epoch   85/500 | train 0.10550 [rh=0.0398 nh=-0.2021 rc=0.0746 nc=0.1130] | val 0.11997 | lr 9.31e-04 |  480.1s (no improvement 3/30)
Epoch   86/500 | train 0.10664 [rh=0.0405 nh=-0.1971 rc=0.0745 nc=0.1128] | val 0.11953 | lr 9.29e-04 |  485.9s (no improvement 4/30)
Epoch   87/500 | train 0.10573 [rh=0.0400 nh=-0.2002 rc=0.0745 nc=0.1128] | val 0.11951 | lr 9.28e-04 |  491.8s (no improvement 5/30)
Epoch   88/500 | train 0.10560 [rh=0.0399 nh=-0.2008 rc=0.0745 nc=0.1130] | val 0.11955 | lr 9.26e-04 |  497.1s (no improvement 6/30)
Epoch   89/500 | train 0.10538 [rh=0.0399 nh=-0.2018 rc=0.0744 nc=0.1127] | val 0.11956 | lr 9.25e-04 |  502.4s (no improvement 7/30)
Epoch   90/500 | train 0.10509 [rh=0.0399 nh=-0.2022 rc=0.0743 nc=0.1119] | val 0.12000 | lr 9.23e-04 |  508.2s (no improvement 8/30)
Epoch   91/500 | train 0.10530 [rh=0.0399 nh=-0.2021 rc=0.0744 nc=0.1125] | val 0.11952 | lr 9.21e-04 |  513.5s (no improvement 9/30)
Epoch   92/500 | train 0.10508 [rh=0.0398 nh=-0.2025 rc=0.0743 nc=0.1121] | val 0.11922 | lr 9.20e-04 |  519.9s ✓ best
Epoch   93/500 | train 0.10502 [rh=0.0398 nh=-0.2025 rc=0.0742 nc=0.1118] | val 0.11918 | lr 9.18e-04 |  526.2s ✓ best
Epoch   94/500 | train 0.10498 [rh=0.0398 nh=-0.2031 rc=0.0743 nc=0.1122] | val 0.11955 | lr 9.16e-04 |  532.4s (no improvement 1/30)
Epoch   95/500 | train 0.10475 [rh=0.0398 nh=-0.2035 rc=0.0742 nc=0.1116] | val 0.11917 | lr 9.14e-04 |  538.3s ✓ best
Epoch   96/500 | train 0.10496 [rh=0.0398 nh=-0.2030 rc=0.0742 nc=0.1124] | val 0.11963 | lr 9.13e-04 |  544.4s (no improvement 1/30)
Epoch   97/500 | train 0.10444 [rh=0.0398 nh=-0.2037 rc=0.0740 nc=0.1107] | val 0.11967 | lr 9.11e-04 |  550.6s (no improvement 2/30)
Epoch   98/500 | train 0.10436 [rh=0.0398 nh=-0.2029 rc=0.0739 nc=0.1095] | val 0.11905 | lr 9.09e-04 |  556.1s ✓ best
Epoch   99/500 | train 0.10424 [rh=0.0398 nh=-0.2035 rc=0.0739 nc=0.1093] | val 0.12021 | lr 9.07e-04 |  561.9s (no improvement 1/30)
Epoch  100/500 | train 0.10402 [rh=0.0398 nh=-0.2035 rc=0.0738 nc=0.1083] | val 0.12116 | lr 9.05e-04 |  567.2s (no improvement 2/30)
Epoch  101/500 | train 0.10438 [rh=0.0401 nh=-0.2015 rc=0.0736 nc=0.1075] | val 0.12014 | lr 9.04e-04 |  572.5s (no improvement 3/30)
Epoch  102/500 | train 0.10390 [rh=0.0398 nh=-0.2034 rc=0.0737 nc=0.1079] | val 0.11896 | lr 9.02e-04 |  578.8s ✓ best
Epoch  103/500 | train 0.10378 [rh=0.0398 nh=-0.2033 rc=0.0736 nc=0.1073] | val 0.11903 | lr 9.00e-04 |  584.1s (no improvement 1/30)
Epoch  104/500 | train 0.10359 [rh=0.0398 nh=-0.2039 rc=0.0735 nc=0.1068] | val 0.11968 | lr 8.98e-04 |  589.7s (no improvement 2/30)
Epoch  105/500 | train 0.10402 [rh=0.0399 nh=-0.2018 rc=0.0735 nc=0.1072] | val 0.11910 | lr 8.96e-04 |  596.0s (no improvement 3/30)
Epoch  106/500 | train 0.10353 [rh=0.0398 nh=-0.2031 rc=0.0734 nc=0.1061] | val 0.11897 | lr 8.94e-04 |  602.0s (no improvement 4/30)
Epoch  107/500 | train 0.10323 [rh=0.0398 nh=-0.2035 rc=0.0733 nc=0.1050] | val 0.11891 | lr 8.92e-04 |  608.2s ✓ best
Epoch  108/500 | train 0.10305 [rh=0.0397 nh=-0.2044 rc=0.0733 nc=0.1050] | val 0.11919 | lr 8.90e-04 |  614.4s (no improvement 1/30)
Epoch  109/500 | train 0.10376 [rh=0.0398 nh=-0.2033 rc=0.0735 nc=0.1072] | val 0.11951 | lr 8.88e-04 |  620.2s (no improvement 2/30)
Epoch  110/500 | train 0.10315 [rh=0.0397 nh=-0.2047 rc=0.0734 nc=0.1058] | val 0.11940 | lr 8.86e-04 |  626.0s (no improvement 3/30)
Epoch  111/500 | train 0.10312 [rh=0.0397 nh=-0.2044 rc=0.0733 nc=0.1053] | val 0.11901 | lr 8.84e-04 |  631.2s (no improvement 4/30)
Epoch  112/500 | train 0.10297 [rh=0.0397 nh=-0.2049 rc=0.0732 nc=0.1052] | val 0.11930 | lr 8.82e-04 |  637.3s (no improvement 5/30)
Epoch  113/500 | train 0.10369 [rh=0.0401 nh=-0.1999 rc=0.0731 nc=0.1043] | val 0.11868 | lr 8.80e-04 |  643.6s ✓ best
Epoch  114/500 | train 0.10433 [rh=0.0397 nh=-0.2036 rc=0.0739 nc=0.1102] | val 0.11877 | lr 8.78e-04 |  649.0s (no improvement 1/30)
Epoch  115/500 | train 0.10293 [rh=0.0398 nh=-0.2041 rc=0.0731 nc=0.1044] | val 0.11862 | lr 8.76e-04 |  655.0s ✓ best
Epoch  116/500 | train 0.10264 [rh=0.0397 nh=-0.2046 rc=0.0730 nc=0.1038] | val 0.11850 | lr 8.74e-04 |  661.2s ✓ best
Epoch  117/500 | train 0.10221 [rh=0.0396 nh=-0.2053 rc=0.0729 nc=0.1022] | val 0.11938 | lr 8.72e-04 |  666.5s (no improvement 1/30)
Epoch  118/500 | train 0.10237 [rh=0.0396 nh=-0.2056 rc=0.0730 nc=0.1031] | val 0.11889 | lr 8.70e-04 |  671.8s (no improvement 2/30)
Epoch  119/500 | train 0.10209 [rh=0.0397 nh=-0.2052 rc=0.0728 nc=0.1015] | val 0.11914 | lr 8.68e-04 |  677.1s (no improvement 3/30)
Epoch  120/500 | train 0.10219 [rh=0.0397 nh=-0.2055 rc=0.0728 nc=0.1024] | val 0.11894 | lr 8.66e-04 |  682.4s (no improvement 4/30)
Epoch  121/500 | train 0.10180 [rh=0.0396 nh=-0.2062 rc=0.0727 nc=0.1010] | val 0.11899 | lr 8.64e-04 |  687.7s (no improvement 5/30)
Epoch  122/500 | train 0.10198 [rh=0.0397 nh=-0.2050 rc=0.0727 nc=0.1009] | val 0.11861 | lr 8.62e-04 |  693.1s (no improvement 6/30)
Epoch  123/500 | train 0.10194 [rh=0.0397 nh=-0.2057 rc=0.0727 nc=0.1011] | val 0.11890 | lr 8.59e-04 |  698.3s (no improvement 7/30)
Epoch  124/500 | train 0.10196 [rh=0.0396 nh=-0.2066 rc=0.0728 nc=0.1025] | val 0.11951 | lr 8.57e-04 |  704.4s (no improvement 8/30)
Epoch  125/500 | train 0.10168 [rh=0.0397 nh=-0.2059 rc=0.0726 nc=0.1005] | val 0.12449 | lr 8.55e-04 |  710.6s (no improvement 9/30)
Epoch  126/500 | train 0.10382 [rh=0.0406 nh=-0.1942 rc=0.0726 nc=0.1003] | val 0.11848 | lr 8.53e-04 |  716.9s ✓ best
Epoch  127/500 | train 0.10207 [rh=0.0399 nh=-0.2029 rc=0.0725 nc=0.0999] | val 0.11890 | lr 8.51e-04 |  723.0s (no improvement 1/30)
Epoch  128/500 | train 0.10177 [rh=0.0398 nh=-0.2039 rc=0.0725 nc=0.0994] | val 0.11895 | lr 8.48e-04 |  728.8s (no improvement 2/30)
Epoch  129/500 | train 0.10156 [rh=0.0397 nh=-0.2045 rc=0.0724 nc=0.0991] | val 0.11865 | lr 8.46e-04 |  735.0s (no improvement 3/30)
Epoch  130/500 | train 0.10140 [rh=0.0397 nh=-0.2049 rc=0.0723 nc=0.0984] | val 0.11823 | lr 8.44e-04 |  740.5s ✓ best
Epoch  131/500 | train 0.10121 [rh=0.0396 nh=-0.2052 rc=0.0723 nc=0.0981] | val 0.11886 | lr 8.42e-04 |  746.0s (no improvement 1/30)
Epoch  132/500 | train 0.10126 [rh=0.0396 nh=-0.2055 rc=0.0723 nc=0.0985] | val 0.11867 | lr 8.39e-04 |  751.3s (no improvement 2/30)
Epoch  133/500 | train 0.10109 [rh=0.0396 nh=-0.2058 rc=0.0722 nc=0.0979] | val 0.11924 | lr 8.37e-04 |  756.6s (no improvement 3/30)
Epoch  134/500 | train 0.10142 [rh=0.0396 nh=-0.2054 rc=0.0724 nc=0.0992] | val 0.11894 | lr 8.35e-04 |  761.9s (no improvement 4/30)
Epoch  135/500 | train 0.10154 [rh=0.0397 nh=-0.2050 rc=0.0724 nc=0.0995] | val 0.11876 | lr 8.32e-04 |  767.3s (no improvement 5/30)
Epoch  136/500 | train 0.10157 [rh=0.0397 nh=-0.2037 rc=0.0723 nc=0.0989] | val 0.11892 | lr 8.30e-04 |  773.4s (no improvement 6/30)
Epoch  137/500 | train 0.10110 [rh=0.0396 nh=-0.2060 rc=0.0722 nc=0.0986] | val 0.11937 | lr 8.28e-04 |  779.5s (no improvement 7/30)
Epoch  138/500 | train 0.10099 [rh=0.0396 nh=-0.2063 rc=0.0722 nc=0.0983] | val 0.11862 | lr 8.25e-04 |  785.6s (no improvement 8/30)
Epoch  139/500 | train 0.10120 [rh=0.0396 nh=-0.2063 rc=0.0723 nc=0.0992] | val 0.11897 | lr 8.23e-04 |  791.5s (no improvement 9/30)
Epoch  140/500 | train 0.10069 [rh=0.0395 nh=-0.2072 rc=0.0721 nc=0.0977] | val 0.11940 | lr 8.21e-04 |  797.2s (no improvement 10/30)
Epoch  141/500 | train 0.10058 [rh=0.0396 nh=-0.2065 rc=0.0720 nc=0.0963] | val 0.11848 | lr 8.18e-04 |  803.6s (no improvement 11/30)
Epoch  142/500 | train 0.10049 [rh=0.0396 nh=-0.2071 rc=0.0720 nc=0.0965] | val 0.11849 | lr 8.16e-04 |  809.7s (no improvement 12/30)
Epoch  143/500 | train 0.10032 [rh=0.0396 nh=-0.2076 rc=0.0719 nc=0.0959] | val 0.11848 | lr 8.13e-04 |  815.8s (no improvement 13/30)
Epoch  144/500 | train 0.10111 [rh=0.0396 nh=-0.2069 rc=0.0723 nc=0.0991] | val 0.11885 | lr 8.11e-04 |  821.6s (no improvement 14/30)
Epoch  145/500 | train 0.10060 [rh=0.0396 nh=-0.2070 rc=0.0720 nc=0.0973] | val 0.11821 | lr 8.08e-04 |  827.1s ✓ best
Epoch  146/500 | train 0.10103 [rh=0.0401 nh=-0.2028 rc=0.0718 nc=0.0942] | val 0.11905 | lr 8.06e-04 |  833.2s (no improvement 1/30)
Epoch  147/500 | train 0.10027 [rh=0.0397 nh=-0.2061 rc=0.0718 nc=0.0946] | val 0.11829 | lr 8.03e-04 |  839.3s (no improvement 2/30)
Epoch  148/500 | train 0.10001 [rh=0.0396 nh=-0.2074 rc=0.0718 nc=0.0944] | val 0.11840 | lr 8.01e-04 |  845.4s (no improvement 3/30)
Epoch  149/500 | train 0.10089 [rh=0.0399 nh=-0.2039 rc=0.0718 nc=0.0953] | val 0.11838 | lr 7.98e-04 |  851.4s (no improvement 4/30)
Epoch  150/500 | train 0.10024 [rh=0.0395 nh=-0.2073 rc=0.0719 nc=0.0958] | val 0.11810 | lr 7.96e-04 |  857.6s ✓ best
Epoch  151/500 | train 0.10017 [rh=0.0395 nh=-0.2076 rc=0.0718 nc=0.0959] | val 0.11804 | lr 7.93e-04 |  863.7s ✓ best
Epoch  152/500 | train 0.10003 [rh=0.0395 nh=-0.2071 rc=0.0717 nc=0.0947] | val 0.11870 | lr 7.91e-04 |  869.8s (no improvement 1/30)
Epoch  153/500 | train 0.09987 [rh=0.0395 nh=-0.2083 rc=0.0717 nc=0.0947] | val 0.11860 | lr 7.88e-04 |  875.9s (no improvement 2/30)
Epoch  154/500 | train 0.09986 [rh=0.0395 nh=-0.2081 rc=0.0717 nc=0.0946] | val 0.11874 | lr 7.86e-04 |  881.8s (no improvement 3/30)
Epoch  155/500 | train 0.09992 [rh=0.0396 nh=-0.2073 rc=0.0716 nc=0.0944] | val 0.11829 | lr 7.83e-04 |  887.5s (no improvement 4/30)
Epoch  156/500 | train 0.09965 [rh=0.0395 nh=-0.2076 rc=0.0715 nc=0.0933] | val 0.11838 | lr 7.81e-04 |  892.8s (no improvement 5/30)
Epoch  157/500 | train 0.09954 [rh=0.0395 nh=-0.2085 rc=0.0715 nc=0.0939] | val 0.11873 | lr 7.78e-04 |  898.6s (no improvement 6/30)
Epoch  158/500 | train 0.09964 [rh=0.0396 nh=-0.2075 rc=0.0715 nc=0.0932] | val 0.11817 | lr 7.75e-04 |  904.1s (no improvement 7/30)
Epoch  159/500 | train 0.09918 [rh=0.0395 nh=-0.2085 rc=0.0714 nc=0.0917] | val 0.11883 | lr 7.73e-04 |  909.3s (no improvement 8/30)
Epoch  160/500 | train 0.10003 [rh=0.0395 nh=-0.2085 rc=0.0718 nc=0.0958] | val 0.11932 | lr 7.70e-04 |  915.0s (no improvement 9/30)
Epoch  161/500 | train 0.09955 [rh=0.0396 nh=-0.2077 rc=0.0715 nc=0.0928] | val 0.11895 | lr 7.68e-04 |  920.8s (no improvement 10/30)
Epoch  162/500 | train 0.09928 [rh=0.0394 nh=-0.2097 rc=0.0715 nc=0.0935] | val 0.11862 | lr 7.65e-04 |  926.4s (no improvement 11/30)
Epoch  163/500 | train 0.09929 [rh=0.0395 nh=-0.2078 rc=0.0713 nc=0.0917] | val 0.11849 | lr 7.62e-04 |  932.5s (no improvement 12/30)
Epoch  164/500 | train 0.09898 [rh=0.0394 nh=-0.2094 rc=0.0713 nc=0.0918] | val 0.11881 | lr 7.60e-04 |  938.7s (no improvement 13/30)
Epoch  165/500 | train 0.09900 [rh=0.0395 nh=-0.2091 rc=0.0713 nc=0.0915] | val 0.11823 | lr 7.57e-04 |  944.1s (no improvement 14/30)
Epoch  166/500 | train 0.09954 [rh=0.0398 nh=-0.2060 rc=0.0712 nc=0.0910] | val 0.11847 | lr 7.54e-04 |  950.1s (no improvement 15/30)
Epoch  167/500 | train 0.09893 [rh=0.0395 nh=-0.2080 rc=0.0712 nc=0.0900] | val 0.11911 | lr 7.52e-04 |  955.5s (no improvement 16/30)
Epoch  168/500 | train 0.09886 [rh=0.0395 nh=-0.2090 rc=0.0712 nc=0.0908] | val 0.11829 | lr 7.49e-04 |  960.8s (no improvement 17/30)
Epoch  169/500 | train 0.09876 [rh=0.0394 nh=-0.2098 rc=0.0712 nc=0.0907] | val 0.11921 | lr 7.46e-04 |  966.9s (no improvement 18/30)
Epoch  170/500 | train 0.09900 [rh=0.0396 nh=-0.2080 rc=0.0712 nc=0.0902] | val 0.11826 | lr 7.43e-04 |  972.8s (no improvement 19/30)
Epoch  171/500 | train 0.09871 [rh=0.0395 nh=-0.2085 rc=0.0711 nc=0.0896] | val 0.11845 | lr 7.41e-04 |  978.1s (no improvement 20/30)
Epoch  172/500 | train 0.09887 [rh=0.0396 nh=-0.2072 rc=0.0711 nc=0.0890] | val 0.11799 | lr 7.38e-04 |  984.4s ✓ best
Epoch  173/500 | train 0.09853 [rh=0.0394 nh=-0.2092 rc=0.0711 nc=0.0895] | val 0.11839 | lr 7.35e-04 |  990.3s (no improvement 1/30)
Epoch  174/500 | train 0.09884 [rh=0.0394 nh=-0.2098 rc=0.0713 nc=0.0915] | val 0.11852 | lr 7.32e-04 |  996.1s (no improvement 2/30)
Epoch  175/500 | train 0.09862 [rh=0.0394 nh=-0.2096 rc=0.0711 nc=0.0901] | val 0.11826 | lr 7.30e-04 | 1001.7s (no improvement 3/30)
Epoch  176/500 | train 0.09848 [rh=0.0394 nh=-0.2100 rc=0.0711 nc=0.0896] | val 0.11892 | lr 7.27e-04 | 1007.5s (no improvement 4/30)
Epoch  177/500 | train 0.09820 [rh=0.0394 nh=-0.2107 rc=0.0710 nc=0.0891] | val 0.11970 | lr 7.24e-04 | 1013.2s (no improvement 5/30)
Epoch  178/500 | train 0.09881 [rh=0.0395 nh=-0.2092 rc=0.0712 nc=0.0907] | val 0.11868 | lr 7.21e-04 | 1019.3s (no improvement 6/30)
Epoch  179/500 | train 0.09825 [rh=0.0394 nh=-0.2106 rc=0.0710 nc=0.0893] | val 0.11921 | lr 7.19e-04 | 1024.6s (no improvement 7/30)
Epoch  180/500 | train 0.09813 [rh=0.0395 nh=-0.2096 rc=0.0709 nc=0.0877] | val 0.11899 | lr 7.16e-04 | 1030.4s (no improvement 8/30)
Epoch  181/500 | train 0.09877 [rh=0.0398 nh=-0.2068 rc=0.0709 nc=0.0877] | val 0.11926 | lr 7.13e-04 | 1036.2s (no improvement 9/30)
Epoch  182/500 | train 0.09821 [rh=0.0395 nh=-0.2099 rc=0.0709 nc=0.0880] | val 0.11888 | lr 7.10e-04 | 1041.5s (no improvement 10/30)
Epoch  183/500 | train 0.09822 [rh=0.0394 nh=-0.2103 rc=0.0710 nc=0.0887] | val 0.11908 | lr 7.07e-04 | 1047.4s (no improvement 11/30)
Epoch  184/500 | train 0.09796 [rh=0.0395 nh=-0.2100 rc=0.0708 nc=0.0872] | val 0.11968 | lr 7.04e-04 | 1053.2s (no improvement 12/30)
Epoch  185/500 | train 0.09791 [rh=0.0394 nh=-0.2110 rc=0.0709 nc=0.0877] | val 0.11953 | lr 7.02e-04 | 1058.5s (no improvement 13/30)
Epoch  186/500 | train 0.09849 [rh=0.0395 nh=-0.2099 rc=0.0711 nc=0.0893] | val 0.11849 | lr 6.99e-04 | 1063.8s (no improvement 14/30)
Epoch  187/500 | train 0.09788 [rh=0.0394 nh=-0.2105 rc=0.0708 nc=0.0871] | val 0.11893 | lr 6.96e-04 | 1069.2s (no improvement 15/30)
Epoch  188/500 | train 0.09786 [rh=0.0394 nh=-0.2104 rc=0.0708 nc=0.0870] | val 0.11967 | lr 6.93e-04 | 1074.9s (no improvement 16/30)
Epoch  189/500 | train 0.09768 [rh=0.0394 nh=-0.2111 rc=0.0707 nc=0.0867] | val 0.11872 | lr 6.90e-04 | 1080.7s (no improvement 17/30)
Epoch  190/500 | train 0.09894 [rh=0.0400 nh=-0.2052 rc=0.0707 nc=0.0870] | val 0.11835 | lr 6.87e-04 | 1086.1s (no improvement 18/30)
Epoch  191/500 | train 0.09800 [rh=0.0395 nh=-0.2093 rc=0.0707 nc=0.0871] | val 0.11839 | lr 6.84e-04 | 1091.7s (no improvement 19/30)
Epoch  192/500 | train 0.09780 [rh=0.0394 nh=-0.2099 rc=0.0707 nc=0.0863] | val 0.11823 | lr 6.81e-04 | 1097.1s (no improvement 20/30)
Epoch  193/500 | train 0.09859 [rh=0.0399 nh=-0.2062 rc=0.0707 nc=0.0861] | val 0.11817 | lr 6.79e-04 | 1102.4s (no improvement 21/30)
Epoch  194/500 | train 0.09805 [rh=0.0396 nh=-0.2077 rc=0.0706 nc=0.0860] | val 0.11855 | lr 6.76e-04 | 1108.1s (no improvement 22/30)
Epoch  195/500 | train 0.09814 [rh=0.0396 nh=-0.2066 rc=0.0706 nc=0.0859] | val 0.11771 | lr 6.73e-04 | 1113.6s ✓ best
Epoch  196/500 | train 0.09749 [rh=0.0394 nh=-0.2100 rc=0.0706 nc=0.0853] | val 0.11822 | lr 6.70e-04 | 1119.4s (no improvement 1/30)
Epoch  197/500 | train 0.09734 [rh=0.0394 nh=-0.2104 rc=0.0706 nc=0.0846] | val 0.11859 | lr 6.67e-04 | 1125.2s (no improvement 2/30)
Epoch  198/500 | train 0.09724 [rh=0.0393 nh=-0.2112 rc=0.0706 nc=0.0849] | val 0.11804 | lr 6.64e-04 | 1130.5s (no improvement 3/30)
Epoch  199/500 | train 0.09731 [rh=0.0394 nh=-0.2105 rc=0.0705 nc=0.0844] | val 0.11858 | lr 6.61e-04 | 1135.8s (no improvement 4/30)
Epoch  200/500 | train 0.09740 [rh=0.0395 nh=-0.2094 rc=0.0705 nc=0.0834] | val 0.11870 | lr 6.58e-04 | 1141.1s (no improvement 5/30)
Epoch  201/500 | train 0.09717 [rh=0.0393 nh=-0.2120 rc=0.0706 nc=0.0849] | val 0.11964 | lr 6.55e-04 | 1146.3s (no improvement 6/30)
Epoch  202/500 | train 0.09735 [rh=0.0394 nh=-0.2101 rc=0.0705 nc=0.0843] | val 0.11914 | lr 6.52e-04 | 1151.8s (no improvement 7/30)
Epoch  203/500 | train 0.09740 [rh=0.0395 nh=-0.2091 rc=0.0705 nc=0.0838] | val 0.11849 | lr 6.49e-04 | 1157.7s (no improvement 8/30)
Epoch  204/500 | train 0.09709 [rh=0.0393 nh=-0.2112 rc=0.0705 nc=0.0841] | val 0.11846 | lr 6.46e-04 | 1163.5s (no improvement 9/30)
Epoch  205/500 | train 0.09696 [rh=0.0393 nh=-0.2118 rc=0.0705 nc=0.0837] | val 0.11903 | lr 6.43e-04 | 1168.8s (no improvement 10/30)
Epoch  206/500 | train 0.09726 [rh=0.0393 nh=-0.2126 rc=0.0707 nc=0.0859] | val 0.11884 | lr 6.40e-04 | 1174.6s (no improvement 11/30)
Epoch  207/500 | train 0.09692 [rh=0.0393 nh=-0.2125 rc=0.0705 nc=0.0840] | val 0.11830 | lr 6.37e-04 | 1180.4s (no improvement 12/30)
Epoch  208/500 | train 0.09716 [rh=0.0394 nh=-0.2109 rc=0.0705 nc=0.0840] | val 0.11893 | lr 6.34e-04 | 1186.1s (no improvement 13/30)
Epoch  209/500 | train 0.09679 [rh=0.0393 nh=-0.2121 rc=0.0704 nc=0.0834] | val 0.11953 | lr 6.31e-04 | 1191.4s (no improvement 14/30)
Epoch  210/500 | train 0.09679 [rh=0.0393 nh=-0.2121 rc=0.0704 nc=0.0830] | val 0.11961 | lr 6.28e-04 | 1196.7s (no improvement 15/30)
Epoch  211/500 | train 0.09674 [rh=0.0394 nh=-0.2120 rc=0.0703 nc=0.0829] | val 0.11909 | lr 6.25e-04 | 1202.1s (no improvement 16/30)
Epoch  212/500 | train 0.09650 [rh=0.0393 nh=-0.2125 rc=0.0703 nc=0.0818] | val 0.11906 | lr 6.22e-04 | 1207.9s (no improvement 17/30)
Epoch  213/500 | train 0.09701 [rh=0.0395 nh=-0.2110 rc=0.0703 nc=0.0831] | val 0.11963 | lr 6.19e-04 | 1213.7s (no improvement 18/30)
Epoch  214/500 | train 0.09708 [rh=0.0394 nh=-0.2098 rc=0.0703 nc=0.0831] | val 0.11919 | lr 6.16e-04 | 1219.5s (no improvement 19/30)
Epoch  215/500 | train 0.09671 [rh=0.0393 nh=-0.2115 rc=0.0703 nc=0.0824] | val 0.11961 | lr 6.13e-04 | 1225.1s (no improvement 20/30)
Epoch  216/500 | train 0.09657 [rh=0.0393 nh=-0.2123 rc=0.0703 nc=0.0819] | val 0.11958 | lr 6.10e-04 | 1230.9s (no improvement 21/30)
Epoch  217/500 | train 0.09707 [rh=0.0396 nh=-0.2092 rc=0.0702 nc=0.0817] | val 0.11952 | lr 6.07e-04 | 1236.2s (no improvement 22/30)
Epoch  218/500 | train 0.09654 [rh=0.0393 nh=-0.2115 rc=0.0702 nc=0.0813] | val 0.12043 | lr 6.04e-04 | 1241.5s (no improvement 23/30)
Epoch  219/500 | train 0.09673 [rh=0.0393 nh=-0.2126 rc=0.0704 nc=0.0833] | val 0.11891 | lr 6.01e-04 | 1246.9s (no improvement 24/30)
Epoch  220/500 | train 0.09636 [rh=0.0393 nh=-0.2128 rc=0.0702 nc=0.0815] | val 0.11970 | lr 5.98e-04 | 1252.3s (no improvement 25/30)
Epoch  221/500 | train 0.09622 [rh=0.0393 nh=-0.2132 rc=0.0702 nc=0.0811] | val 0.11956 | lr 5.95e-04 | 1257.7s (no improvement 26/30)
Epoch  222/500 | train 0.09647 [rh=0.0394 nh=-0.2120 rc=0.0702 nc=0.0811] | val 0.11936 | lr 5.92e-04 | 1263.4s (no improvement 27/30)
Epoch  223/500 | train 0.09627 [rh=0.0393 nh=-0.2126 rc=0.0701 nc=0.0807] | val 0.12024 | lr 5.89e-04 | 1268.7s (no improvement 28/30)
Epoch  224/500 | train 0.09617 [rh=0.0393 nh=-0.2130 rc=0.0701 nc=0.0808] | val 0.11991 | lr 5.86e-04 | 1274.0s (no improvement 29/30)
Epoch  225/500 | train 0.09638 [rh=0.0394 nh=-0.2117 rc=0.0701 nc=0.0803] | val 0.12009 | lr 5.82e-04 | 1279.4s (no improvement 30/30)
[train] Early stopping at epoch 225.
[train] Loss plot → surrogate_model_v3/runs/gap_100-150_350-400_perturb0.2_bootstrap0.5/loss_curves.png
[train] Component loss plot → surrogate_model_v3/runs/gap_100-150_350-400_perturb0.2_bootstrap0.5/loss_components.png

[train] Done.  Best val loss : 0.117706
[train] Best checkpoint  : surrogate_model_v3/runs/gap_100-150_350-400_perturb0.2_bootstrap0.5/surrogate_best.pt
[train] Final checkpoint : surrogate_model_v3/runs/gap_100-150_350-400_perturb0.2_bootstrap0.5/surrogate_final.pt
=== [1/7] Full surrogate evaluation (evaluate.py) ===
[evaluate] Output dir : /nfs/turbo/coe-sunwbgt/xysong/Offline-RL-Controller-in-AM/surrogate_model_v3/runs/gap_100-150_350-400_perturb0.2_bootstrap0.5
[evaluate] Device     : cuda
[evaluate] Mesh loaded: 1053 nodes, 488 triangles. X∈[0.00,12.00], Y∈[0.00,3.00]
[evaluate] TwoStageSurrogate(state=1053, lp_dim=1, cool_dim=1, K=5, n_layers=12, embed=8, rank=0 | heat×5=2,554,020  cool×5=2,554,020 | total=5,108,040)
[dataset] Loaded 5000 trajectories × 12 layers from DatasetV2_layer_12_samples_5000.pkl
[dataset] Split → train 4000 | val 500 | test 500
[dataset] Bootstrap masks: (4000, 5), resample_frac=1.0, ~37.1% of (sample, member) pairs unseen (expected ≈ 36.8%)
[TwoStageTrajectoryDataset] 4,000 trajectories, T=12, state_dim=1053, bootstrap K=5 (trajectory-level resampling)
[dataset] Bootstrap masks: (48000, 5), resample_frac=1.0, ~36.8% of (sample, member) pairs unseen (expected ≈ 36.8%)
[TwoStageSurrogateDataset] 48,000 transitions, state_dim=1053, layers 0–11, bootstrap K=5 (transition-level resampling)
[dataset] Bootstrap masks: (500, 5), resample_frac=1.0, ~36.7% of (sample, member) pairs unseen (expected ≈ 36.8%)
[TwoStageTrajectoryDataset] 500 trajectories, T=12, state_dim=1053, bootstrap K=5 (trajectory-level resampling)
[dataset] Bootstrap masks: (6000, 5), resample_frac=1.0, ~36.6% of (sample, member) pairs unseen (expected ≈ 36.8%)
[TwoStageSurrogateDataset] 6,000 transitions, state_dim=1053, layers 0–11, bootstrap K=5 (transition-level resampling)
[dataset] Bootstrap masks: (500, 5), resample_frac=1.0, ~36.7% of (sample, member) pairs unseen (expected ≈ 36.8%)
[TwoStageTrajectoryDataset] 500 trajectories, T=12, state_dim=1053, bootstrap K=5 (trajectory-level resampling)
[dataset] Bootstrap masks: (6000, 5), resample_frac=1.0, ~36.6% of (sample, member) pairs unseen (expected ≈ 36.8%)
[TwoStageSurrogateDataset] 6,000 transitions, state_dim=1053, layers 0–11, bootstrap K=5 (transition-level resampling)

[evaluate] ════════════════════ TRAIN SET ════════════════════
  recon_heat    : 0.002128
  nll_heat      : -0.678008
  recon_cool    : 0.001099
  nll_cool      : -0.311725

   Layer   Heat SS RMSE   Heat RO RMSE   Cool SS RMSE   Cool RO RMSE
       1         14.893         14.893          9.710         12.478
       2         12.943         18.931         10.962         18.001
       3         12.471         23.796         10.746         20.881
       4         13.807         27.158         10.966         23.686
       5         15.938         30.901         11.292         26.607
       6         14.149         31.906         11.648         28.219
       7         12.523         31.926         12.063         29.537
       8         13.052         31.899         11.978         30.198
       9         12.693         33.615         12.119         31.581
      10         14.372         35.398         13.371         33.214
      11         16.457         38.830         13.824         35.673
      12         19.062         42.064         14.985         38.513

[evaluate] ════════════════════ VAL SET ════════════════════
  recon_heat    : 0.002122
  nll_heat      : -0.678457
  recon_cool    : 0.001100
  nll_cool      : -0.311687

   Layer   Heat SS RMSE   Heat RO RMSE   Cool SS RMSE   Cool RO RMSE
       1         14.870         14.870          9.659         12.451
       2         13.351         19.298         10.900         18.089
       3         12.888         24.151         10.678         20.991
       4         13.770         27.326         10.871         23.867
       5         16.210         31.349         11.358         26.979
       6         14.437         31.958         11.653         28.292
       7         12.287         31.611         12.109         29.516
       8         12.445         31.687         11.902         30.099
       9         12.421         33.271         12.063         31.457
      10         14.432         35.315         13.806         33.393
      11         16.445         39.198         13.999         36.001
      12         18.439         42.229         14.576         38.675

[evaluate] ════════════════════ TEST SET ════════════════════
  recon_heat    : 0.002072
  nll_heat      : -0.678974
  recon_cool    : 0.001095
  nll_cool      : -0.311950

   Layer   Heat SS RMSE   Heat RO RMSE   Cool SS RMSE   Cool RO RMSE
       1         15.395         15.395          9.671         12.701
       2         12.658         18.740         10.637         17.702
       3         12.398         23.528         10.774         20.837
       4         13.603         26.848         10.999         23.496
       5         15.556         30.332         11.378         26.211
       6         14.714         32.436         11.551         28.272
       7         12.453         31.728         12.141         29.549
       8         12.618         32.201         11.785         30.280
       9         12.210         33.318         12.176         31.498
      10         14.514         35.761         13.861         33.815
      11         15.573         38.833         13.969         36.008
      12         20.146         43.104         14.879         39.041

[evaluate] ═════════════════════════════════════════════════════════════════════════════════════════════════════════════════════
[evaluate] SUMMARY
[evaluate] ═════════════════════════════════════════════════════════════════════════════════════════════════════════════════════
  Split   heat_ss_rmse [K]heat_ro_rmse [K]cool_ss_rmse [K]cool_ro_rmse [K] heat_epist_std cool_epist_std      total_std
  train           14.3633        30.1099        11.9720        27.3824         0.0303         0.0246         0.3539
  val             14.3329        30.1885        11.9643        27.4842         0.0306         0.0247         0.3539
  test            14.3197        30.1852        11.9851        27.4509         0.0302         0.0246         0.3539
[evaluate] ═════════════════════════════════════════════════════════════════════════════════════════════════════════════════════

[evaluate] Saved → /nfs/turbo/coe-sunwbgt/xysong/Offline-RL-Controller-in-AM/surrogate_model_v3/runs/gap_100-150_350-400_perturb0.2_bootstrap0.5/per_layer_rmse.png
[evaluate] Saved → /nfs/turbo/coe-sunwbgt/xysong/Offline-RL-Controller-in-AM/surrogate_model_v3/runs/gap_100-150_350-400_perturb0.2_bootstrap0.5/per_layer_mae.png
[evaluate] Saved → /nfs/turbo/coe-sunwbgt/xysong/Offline-RL-Controller-in-AM/surrogate_model_v3/runs/gap_100-150_350-400_perturb0.2_bootstrap0.5/per_layer_uncertainty.png
[evaluate] Saving field plots for 3 test trajectories ...
[evaluate] Saved → /nfs/turbo/coe-sunwbgt/xysong/Offline-RL-Controller-in-AM/surrogate_model_v3/runs/gap_100-150_350-400_perturb0.2_bootstrap0.5/traj_000/actions.txt
[evaluate] Saved → /nfs/turbo/coe-sunwbgt/xysong/Offline-RL-Controller-in-AM/surrogate_model_v3/runs/gap_100-150_350-400_perturb0.2_bootstrap0.5/traj_000/action_sequence.png
[evaluate] Saved → /nfs/turbo/coe-sunwbgt/xysong/Offline-RL-Controller-in-AM/surrogate_model_v3/runs/gap_100-150_350-400_perturb0.2_bootstrap0.5/traj_000/sigma_per_layer.png
[evaluate] Saved → /nfs/turbo/coe-sunwbgt/xysong/Offline-RL-Controller-in-AM/surrogate_model_v3/runs/gap_100-150_350-400_perturb0.2_bootstrap0.5/traj_000/layer_01_LP300W.png
[evaluate] Saved → /nfs/turbo/coe-sunwbgt/xysong/Offline-RL-Controller-in-AM/surrogate_model_v3/runs/gap_100-150_350-400_perturb0.2_bootstrap0.5/traj_000/layer_02_LP370W.png
[evaluate] Saved → /nfs/turbo/coe-sunwbgt/xysong/Offline-RL-Controller-in-AM/surrogate_model_v3/runs/gap_100-150_350-400_perturb0.2_bootstrap0.5/traj_000/layer_03_LP270W.png
[evaluate] Saved → /nfs/turbo/coe-sunwbgt/xysong/Offline-RL-Controller-in-AM/surrogate_model_v3/runs/gap_100-150_350-400_perturb0.2_bootstrap0.5/traj_000/layer_04_LP160W.png
[evaluate] Saved → /nfs/turbo/coe-sunwbgt/xysong/Offline-RL-Controller-in-AM/surrogate_model_v3/runs/gap_100-150_350-400_perturb0.2_bootstrap0.5/traj_000/layer_05_LP120W.png
[evaluate] Saved → /nfs/turbo/coe-sunwbgt/xysong/Offline-RL-Controller-in-AM/surrogate_model_v3/runs/gap_100-150_350-400_perturb0.2_bootstrap0.5/traj_000/layer_06_LP340W.png
[evaluate] Saved → /nfs/turbo/coe-sunwbgt/xysong/Offline-RL-Controller-in-AM/surrogate_model_v3/runs/gap_100-150_350-400_perturb0.2_bootstrap0.5/traj_000/layer_07_LP180W.png
[evaluate] Saved → /nfs/turbo/coe-sunwbgt/xysong/Offline-RL-Controller-in-AM/surrogate_model_v3/runs/gap_100-150_350-400_perturb0.2_bootstrap0.5/traj_000/layer_08_LP210W.png
[evaluate] Saved → /nfs/turbo/coe-sunwbgt/xysong/Offline-RL-Controller-in-AM/surrogate_model_v3/runs/gap_100-150_350-400_perturb0.2_bootstrap0.5/traj_000/layer_09_LP400W.png
[evaluate] Saved → /nfs/turbo/coe-sunwbgt/xysong/Offline-RL-Controller-in-AM/surrogate_model_v3/runs/gap_100-150_350-400_perturb0.2_bootstrap0.5/traj_000/layer_10_LP300W.png
[evaluate] Saved → /nfs/turbo/coe-sunwbgt/xysong/Offline-RL-Controller-in-AM/surrogate_model_v3/runs/gap_100-150_350-400_perturb0.2_bootstrap0.5/traj_000/layer_11_LP190W.png
[evaluate] Saved → /nfs/turbo/coe-sunwbgt/xysong/Offline-RL-Controller-in-AM/surrogate_model_v3/runs/gap_100-150_350-400_perturb0.2_bootstrap0.5/traj_000/layer_12_LP270W.png
[evaluate] Saved → /nfs/turbo/coe-sunwbgt/xysong/Offline-RL-Controller-in-AM/surrogate_model_v3/runs/gap_100-150_350-400_perturb0.2_bootstrap0.5/traj_001/actions.txt
[evaluate] Saved → /nfs/turbo/coe-sunwbgt/xysong/Offline-RL-Controller-in-AM/surrogate_model_v3/runs/gap_100-150_350-400_perturb0.2_bootstrap0.5/traj_001/action_sequence.png
[evaluate] Saved → /nfs/turbo/coe-sunwbgt/xysong/Offline-RL-Controller-in-AM/surrogate_model_v3/runs/gap_100-150_350-400_perturb0.2_bootstrap0.5/traj_001/sigma_per_layer.png
[evaluate] Saved → /nfs/turbo/coe-sunwbgt/xysong/Offline-RL-Controller-in-AM/surrogate_model_v3/runs/gap_100-150_350-400_perturb0.2_bootstrap0.5/traj_001/layer_01_LP350W.png
[evaluate] Saved → /nfs/turbo/coe-sunwbgt/xysong/Offline-RL-Controller-in-AM/surrogate_model_v3/runs/gap_100-150_350-400_perturb0.2_bootstrap0.5/traj_001/layer_02_LP400W.png
[evaluate] Saved → /nfs/turbo/coe-sunwbgt/xysong/Offline-RL-Controller-in-AM/surrogate_model_v3/runs/gap_100-150_350-400_perturb0.2_bootstrap0.5/traj_001/layer_03_LP230W.png
[evaluate] Saved → /nfs/turbo/coe-sunwbgt/xysong/Offline-RL-Controller-in-AM/surrogate_model_v3/runs/gap_100-150_350-400_perturb0.2_bootstrap0.5/traj_001/layer_04_LP160W.png
[evaluate] Saved → /nfs/turbo/coe-sunwbgt/xysong/Offline-RL-Controller-in-AM/surrogate_model_v3/runs/gap_100-150_350-400_perturb0.2_bootstrap0.5/traj_001/layer_05_LP390W.png
[evaluate] Saved → /nfs/turbo/coe-sunwbgt/xysong/Offline-RL-Controller-in-AM/surrogate_model_v3/runs/gap_100-150_350-400_perturb0.2_bootstrap0.5/traj_001/layer_06_LP260W.png
[evaluate] Saved → /nfs/turbo/coe-sunwbgt/xysong/Offline-RL-Controller-in-AM/surrogate_model_v3/runs/gap_100-150_350-400_perturb0.2_bootstrap0.5/traj_001/layer_07_LP390W.png
[evaluate] Saved → /nfs/turbo/coe-sunwbgt/xysong/Offline-RL-Controller-in-AM/surrogate_model_v3/runs/gap_100-150_350-400_perturb0.2_bootstrap0.5/traj_001/layer_08_LP190W.png
[evaluate] Saved → /nfs/turbo/coe-sunwbgt/xysong/Offline-RL-Controller-in-AM/surrogate_model_v3/runs/gap_100-150_350-400_perturb0.2_bootstrap0.5/traj_001/layer_09_LP170W.png
[evaluate] Saved → /nfs/turbo/coe-sunwbgt/xysong/Offline-RL-Controller-in-AM/surrogate_model_v3/runs/gap_100-150_350-400_perturb0.2_bootstrap0.5/traj_001/layer_10_LP250W.png
[evaluate] Saved → /nfs/turbo/coe-sunwbgt/xysong/Offline-RL-Controller-in-AM/surrogate_model_v3/runs/gap_100-150_350-400_perturb0.2_bootstrap0.5/traj_001/layer_11_LP310W.png
[evaluate] Saved → /nfs/turbo/coe-sunwbgt/xysong/Offline-RL-Controller-in-AM/surrogate_model_v3/runs/gap_100-150_350-400_perturb0.2_bootstrap0.5/traj_001/layer_12_LP170W.png
[evaluate] Saved → /nfs/turbo/coe-sunwbgt/xysong/Offline-RL-Controller-in-AM/surrogate_model_v3/runs/gap_100-150_350-400_perturb0.2_bootstrap0.5/traj_002/actions.txt
[evaluate] Saved → /nfs/turbo/coe-sunwbgt/xysong/Offline-RL-Controller-in-AM/surrogate_model_v3/runs/gap_100-150_350-400_perturb0.2_bootstrap0.5/traj_002/action_sequence.png
[evaluate] Saved → /nfs/turbo/coe-sunwbgt/xysong/Offline-RL-Controller-in-AM/surrogate_model_v3/runs/gap_100-150_350-400_perturb0.2_bootstrap0.5/traj_002/sigma_per_layer.png
[evaluate] Saved → /nfs/turbo/coe-sunwbgt/xysong/Offline-RL-Controller-in-AM/surrogate_model_v3/runs/gap_100-150_350-400_perturb0.2_bootstrap0.5/traj_002/layer_01_LP200W.png
[evaluate] Saved → /nfs/turbo/coe-sunwbgt/xysong/Offline-RL-Controller-in-AM/surrogate_model_v3/runs/gap_100-150_350-400_perturb0.2_bootstrap0.5/traj_002/layer_02_LP100W.png
[evaluate] Saved → /nfs/turbo/coe-sunwbgt/xysong/Offline-RL-Controller-in-AM/surrogate_model_v3/runs/gap_100-150_350-400_perturb0.2_bootstrap0.5/traj_002/layer_03_LP240W.png
[evaluate] Saved → /nfs/turbo/coe-sunwbgt/xysong/Offline-RL-Controller-in-AM/surrogate_model_v3/runs/gap_100-150_350-400_perturb0.2_bootstrap0.5/traj_002/layer_04_LP380W.png
[evaluate] Saved → /nfs/turbo/coe-sunwbgt/xysong/Offline-RL-Controller-in-AM/surrogate_model_v3/runs/gap_100-150_350-400_perturb0.2_bootstrap0.5/traj_002/layer_05_LP330W.png
[evaluate] Saved → /nfs/turbo/coe-sunwbgt/xysong/Offline-RL-Controller-in-AM/surrogate_model_v3/runs/gap_100-150_350-400_perturb0.2_bootstrap0.5/traj_002/layer_06_LP100W.png
[evaluate] Saved → /nfs/turbo/coe-sunwbgt/xysong/Offline-RL-Controller-in-AM/surrogate_model_v3/runs/gap_100-150_350-400_perturb0.2_bootstrap0.5/traj_002/layer_07_LP380W.png
[evaluate] Saved → /nfs/turbo/coe-sunwbgt/xysong/Offline-RL-Controller-in-AM/surrogate_model_v3/runs/gap_100-150_350-400_perturb0.2_bootstrap0.5/traj_002/layer_08_LP390W.png
[evaluate] Saved → /nfs/turbo/coe-sunwbgt/xysong/Offline-RL-Controller-in-AM/surrogate_model_v3/runs/gap_100-150_350-400_perturb0.2_bootstrap0.5/traj_002/layer_09_LP400W.png
[evaluate] Saved → /nfs/turbo/coe-sunwbgt/xysong/Offline-RL-Controller-in-AM/surrogate_model_v3/runs/gap_100-150_350-400_perturb0.2_bootstrap0.5/traj_002/layer_10_LP340W.png
[evaluate] Saved → /nfs/turbo/coe-sunwbgt/xysong/Offline-RL-Controller-in-AM/surrogate_model_v3/runs/gap_100-150_350-400_perturb0.2_bootstrap0.5/traj_002/layer_11_LP320W.png
[evaluate] Saved → /nfs/turbo/coe-sunwbgt/xysong/Offline-RL-Controller-in-AM/surrogate_model_v3/runs/gap_100-150_350-400_perturb0.2_bootstrap0.5/traj_002/layer_12_LP230W.png

[evaluate] Complete. All outputs in: /nfs/turbo/coe-sunwbgt/xysong/Offline-RL-Controller-in-AM/surrogate_model_v3/runs/gap_100-150_350-400_perturb0.2_bootstrap0.5
=== [2/7] OOD stress test — uncertainty vs. action (evaluate_ood.py) ===
[evaluate_ood] Output dir : /nfs/turbo/coe-sunwbgt/xysong/Offline-RL-Controller-in-AM/surrogate_model_v3/runs/gap_100-150_350-400_perturb0.2_bootstrap0.5
[evaluate_ood] Device     : cuda
[evaluate_ood] TwoStageSurrogate(state=1053, lp_dim=1, cool_dim=1, K=5, n_layers=12, embed=8, rank=0 | heat×5=2,554,020  cool×5=2,554,020 | total=5,108,040)
[dataset] Loaded 5000 trajectories × 12 layers from DatasetV2_layer_12_samples_5000.pkl
[evaluate_ood] Wide dataset laser-power range: [100.0, 400.0] W  (checkpoint trained on [100.0, 150.0], [350.0, 400.0] W)
[dataset] Bootstrap masks: (60000, 5), resample_frac=1.0, ~36.8% of (sample, member) pairs unseen (expected ≈ 36.8%)
[TwoStageSurrogateDataset] 60,000 transitions, state_dim=1053, layers 0–11, bootstrap K=5 (transition-level resampling)
[evaluate_ood] Running forward pass over all transitions (heating stage) ...

[evaluate_ood] ══════════════════════════════════════════════════════════════════════════════════════════
[evaluate_ood] SUMMARY  (n, mean epistemic σ, mean aleatoric σ, RMSE, corr(epistemic σ, per-sample squared error))
[evaluate_ood] ══════════════════════════════════════════════════════════════════════════════════════════
  ID           n= 23219  epist σ=0.02086  aleat σ=0.19844  RMSE=   8.05 K  corr(epi,err) pearson=0.623 spearman=0.680
  OOD          n= 36781  epist σ=0.03569  aleat σ=0.19763  RMSE=  17.36 K  corr(epi,err) pearson=0.220 spearman=0.304
  ALL          n= 60000  epist σ=0.02995  aleat σ=0.19795  RMSE=  14.48 K  corr(epi,err) pearson=0.347 spearman=0.652
[evaluate_ood] ══════════════════════════════════════════════════════════════════════════════════════════

     Power bin [W]        n     Epist σ     Aleat σ    RMSE [K]
    100.0-  125.0     5942     0.01960     0.19854        7.66
    125.0-  150.0     3803     0.02028     0.19775        6.92
    150.0-  175.0     5694     0.02606     0.19727       10.50
    175.0-  200.0     3853     0.03435     0.19745       16.24
    200.0-  225.0     5813     0.04218     0.19769       19.83
    225.0-  250.0     3925     0.04477     0.19758       20.63
    250.0-  275.0     5813     0.04181     0.19764       20.24
    275.0-  300.0     3940     0.03599     0.19728       18.41
    300.0-  325.0     5749     0.02996     0.19769       15.80
    325.0-  350.0     3942     0.02510     0.19841       10.80
    350.0-  375.0     5800     0.02151     0.19895        7.77
    375.0-  400.0     5726     0.02114     0.19868        9.26
[evaluate_ood] Saved → /nfs/turbo/coe-sunwbgt/xysong/Offline-RL-Controller-in-AM/surrogate_model_v3/runs/gap_100-150_350-400_perturb0.2_bootstrap0.5/ood_uncertainty_vs_action.png
[evaluate_ood] Saved → /nfs/turbo/coe-sunwbgt/xysong/Offline-RL-Controller-in-AM/surrogate_model_v3/runs/gap_100-150_350-400_perturb0.2_bootstrap0.5/ood_epistemic_vs_error.png

[evaluate_ood] Running forward pass over all transitions (combined heat+cool, propagate_uncertainty=False) ...

[evaluate_ood] ══════════════════════════════════════════════════════════════════════════════════════════
[evaluate_ood] SUMMARY — COMBINED (post-cooling)
[evaluate_ood] ══════════════════════════════════════════════════════════════════════════════════════════
  ID           n= 23219  epist σ=0.03236  aleat σ=0.35194  RMSE=  12.70 K  corr(epi,err) pearson=0.399 spearman=0.374
  OOD          n= 36781  epist σ=0.04572  aleat σ=0.35164  RMSE=  15.00 K  corr(epi,err) pearson=0.290 spearman=0.311
  ALL          n= 60000  epist σ=0.04055  aleat σ=0.35176  RMSE=  14.15 K  corr(epi,err) pearson=0.357 spearman=0.417
[evaluate_ood] ══════════════════════════════════════════════════════════════════════════════════════════

     Power bin [W]        n     Epist σ     Aleat σ    RMSE [K]
    100.0-  125.0     5942     0.03165     0.35397       13.97
    125.0-  150.0     3803     0.03172     0.35400       14.05
    150.0-  175.0     5694     0.03645     0.35336       14.17
    175.0-  200.0     3853     0.04402     0.35265       14.56
    200.0-  225.0     5813     0.05178     0.35205       15.28
    225.0-  250.0     3925     0.05457     0.35147       16.27
    250.0-  275.0     5813     0.05169     0.35123       17.09
    275.0-  300.0     3940     0.04607     0.35093       15.90
    300.0-  325.0     5749     0.04033     0.35100       13.89
    325.0-  350.0     3942     0.03590     0.35100       11.33
    350.0-  375.0     5800     0.03283     0.35055       10.25
    375.0-  400.0     5726     0.03250     0.34929       12.05
[evaluate_ood] Saved → /nfs/turbo/coe-sunwbgt/xysong/Offline-RL-Controller-in-AM/surrogate_model_v3/runs/gap_100-150_350-400_perturb0.2_bootstrap0.5/ood_uncertainty_vs_action_combined.png
[evaluate_ood] Saved → /nfs/turbo/coe-sunwbgt/xysong/Offline-RL-Controller-in-AM/surrogate_model_v3/runs/gap_100-150_350-400_perturb0.2_bootstrap0.5/ood_epistemic_vs_error_combined.png

[evaluate_ood] Complete. All outputs in: /nfs/turbo/coe-sunwbgt/xysong/Offline-RL-Controller-in-AM/surrogate_model_v3/runs/gap_100-150_350-400_perturb0.2_bootstrap0.5
=== [3/7] Calibrating UCPG's delta (J_min / J_rand, u=epistemic, alpha=0.4) ===
[TwoStageLatentLPBFEnv] Mesh loaded: 1053 nodes  X∈[0.00, 12.00]  Y∈[0.00, 3.00]
=================================================================
[calibrate_delta] UCPG v2 — delta calibration from J_min / J_rand
[calibrate_delta] Surrogate   : surrogate_model_v3/runs/gap_100-150_350-400_perturb0.2_bootstrap0.5/surrogate_best.pt
[calibrate_delta] Uncertainty : epistemic (info['epistemic_std'])  gamma_u=0.99
=================================================================
 Power [W]     J_u mean    J_u std     return
     100.0     0.477445   0.024453    -9.8064
     110.0     0.467498   0.025700    -8.7347
     120.0     0.458967   0.026905    -7.6611
     130.0     0.451828   0.028295    -6.6272
     140.0     0.445523   0.029865    -5.6832
     150.0     0.440285   0.032503    -4.8903
     160.0     0.440175   0.035108    -4.2882
     170.0     0.447905   0.033174    -3.9174
     180.0     0.472161   0.021667    -3.8637
     190.0     0.515014   0.011190    -4.1990
     200.0     0.549954   0.016228    -4.8047
     210.0     0.572435   0.019057    -5.5796
     220.0     0.579533   0.019497    -6.3376
     230.0     0.574830   0.019487    -7.0878
     240.0     0.565364   0.018535    -7.8861
     250.0     0.555084   0.016872    -8.8057
     260.0     0.546416   0.015357    -9.8695
     270.0     0.537319   0.014640   -11.0750
     280.0     0.525222   0.015319   -12.4194
     290.0     0.510912   0.016499   -13.8772
     300.0     0.498369   0.016826   -15.4039
     310.0     0.489341   0.017058   -16.9457
     320.0     0.482110   0.018436   -18.4598
     330.0     0.476548   0.020264   -19.9507
     340.0     0.474166   0.021783   -21.4472
     350.0     0.476850   0.022624   -22.9933
     360.0     0.486537   0.022278   -24.6256
     370.0     0.503721   0.020448   -26.3359
     380.0     0.527179   0.017581   -28.1020
     390.0     0.555037   0.015542   -29.8781
     400.0     0.585060   0.017018   -31.6194
-----------------------------------------------------------------
[calibrate_delta] J_min  = 0.440175  (constant 160 W)
[calibrate_delta] J_rand = 0.460072  ± 0.005303 (s.e.)
[calibrate_delta] (J_rand - J_min) / J_rand = 4.3%  — the share of J_u a policy can actually influence
[calibrate_delta] WARNING: < 10% of J_u is action-dependent — the constraint signal is weak (consider --uncertainty epistemic).
[calibrate_delta] delta  = J_min + 0.4 * (J_rand - J_min) = 0.448134
[calibrate_delta] Saved → online_RL_ucpg_v2/runs/gap_100-150_350-400_perturb0.2_bootstrap0.5_delta_calib_epistemic/delta_calibration.json
[calibrate_delta] Saved → online_RL_ucpg_v2/runs/gap_100-150_350-400_perturb0.2_bootstrap0.5_delta_calib_epistemic/delta_calibration.png
DELTA=0.448134
Calibration: delta=0.448134  (details: online_RL_ucpg_v2/runs/gap_100-150_350-400_perturb0.2_bootstrap0.5_delta_calib_epistemic/delta_calibration.json / .png)
=== [4/7] Naive PG (no uncertainty) ===
=================================================================
[naive_pg] Baseline 0 — naive (unconstrained) policy gradient
[naive_pg] Output dir : baselines/naive_pg/runs/gap_100-150_350-400_perturb0.2_bootstrap0.5
[naive_pg] Device     : cuda
=================================================================
[TwoStageLatentLPBFEnv] Mesh loaded: 1053 nodes  X∈[0.00, 12.00]  Y∈[0.00, 3.00]
[naive_pg] UCPGAgentV2(ContinuousLatentPolicyNet(latent_dim=1053, action_range=[100, 400]W, hidden=128, depth=3, n_layers=12, layer_embed_dim=8, params=237,167)  lambda=0.00000)
Iter     1/2000 | return -11.4008 (avg1 -11.4008) | loss -450.8772 | entropy 5.286 | OOD-action   3.9% | 5s
[agent] Checkpoint saved → baselines/naive_pg/runs/gap_100-150_350-400_perturb0.2_bootstrap0.5/naive_pg_best.pt
[agent] Checkpoint saved → baselines/naive_pg/runs/gap_100-150_350-400_perturb0.2_bootstrap0.5/naive_pg_best.pt
[agent] Checkpoint saved → baselines/naive_pg/runs/gap_100-150_350-400_perturb0.2_bootstrap0.5/naive_pg_best.pt
[agent] Checkpoint saved → baselines/naive_pg/runs/gap_100-150_350-400_perturb0.2_bootstrap0.5/naive_pg_best.pt
[agent] Checkpoint saved → baselines/naive_pg/runs/gap_100-150_350-400_perturb0.2_bootstrap0.5/naive_pg_best.pt
[agent] Checkpoint saved → baselines/naive_pg/runs/gap_100-150_350-400_perturb0.2_bootstrap0.5/naive_pg_best.pt
[agent] Checkpoint saved → baselines/naive_pg/runs/gap_100-150_350-400_perturb0.2_bootstrap0.5/naive_pg_best.pt
[agent] Checkpoint saved → baselines/naive_pg/runs/gap_100-150_350-400_perturb0.2_bootstrap0.5/naive_pg_best.pt
[agent] Checkpoint saved → baselines/naive_pg/runs/gap_100-150_350-400_perturb0.2_bootstrap0.5/naive_pg_best.pt
[agent] Checkpoint saved → baselines/naive_pg/runs/gap_100-150_350-400_perturb0.2_bootstrap0.5/naive_pg_best.pt
[agent] Checkpoint saved → baselines/naive_pg/runs/gap_100-150_350-400_perturb0.2_bootstrap0.5/naive_pg_best.pt
[agent] Checkpoint saved → baselines/naive_pg/runs/gap_100-150_350-400_perturb0.2_bootstrap0.5/naive_pg_best.pt
[agent] Checkpoint saved → baselines/naive_pg/runs/gap_100-150_350-400_perturb0.2_bootstrap0.5/naive_pg_best.pt
[agent] Checkpoint saved → baselines/naive_pg/runs/gap_100-150_350-400_perturb0.2_bootstrap0.5/naive_pg_best.pt
Iter    20/2000 | return -4.0066 (avg20 -6.0902) | loss -113.3147 | entropy 5.285 | OOD-action  34.1% | 86s
[agent] Checkpoint saved → baselines/naive_pg/runs/gap_100-150_350-400_perturb0.2_bootstrap0.5/naive_pg_best.pt
[agent] Checkpoint saved → baselines/naive_pg/runs/gap_100-150_350-400_perturb0.2_bootstrap0.5/naive_pg_best.pt
[agent] Checkpoint saved → baselines/naive_pg/runs/gap_100-150_350-400_perturb0.2_bootstrap0.5/naive_pg_best.pt
Iter    40/2000 | return -3.8127 (avg20 -3.7826) | loss -100.9142 | entropy 5.283 | OOD-action  41.7% | 170s
[agent] Checkpoint saved → baselines/naive_pg/runs/gap_100-150_350-400_perturb0.2_bootstrap0.5/naive_pg_best.pt
Iter    60/2000 | return -3.5315 (avg20 -3.7264) | loss -95.0407 | entropy 5.281 | OOD-action  32.3% | 254s
[agent] Checkpoint saved → baselines/naive_pg/runs/gap_100-150_350-400_perturb0.2_bootstrap0.5/naive_pg_best.pt
Iter    80/2000 | return -3.5760 (avg20 -3.6455) | loss -96.8950 | entropy 5.278 | OOD-action  40.9% | 339s
[agent] Checkpoint saved → baselines/naive_pg/runs/gap_100-150_350-400_perturb0.2_bootstrap0.5/naive_pg_best.pt
Iter   100/2000 | return -3.4192 (avg20 -3.6221) | loss -87.1371 | entropy 5.275 | OOD-action  41.9% | 423s
[agent] Checkpoint saved → baselines/naive_pg/runs/gap_100-150_350-400_perturb0.2_bootstrap0.5/naive_pg_best.pt
[agent] Checkpoint saved → baselines/naive_pg/runs/gap_100-150_350-400_perturb0.2_bootstrap0.5/naive_pg_best.pt
Iter   120/2000 | return -3.5358 (avg20 -3.4426) | loss -93.5697 | entropy 5.272 | OOD-action  39.8% | 508s
Iter   140/2000 | return -3.4177 (avg20 -3.5980) | loss -89.8039 | entropy 5.270 | OOD-action  33.1% | 592s
Iter   160/2000 | return -5.2585 (avg20 -4.5314) | loss -125.1770 | entropy 5.267 | OOD-action  48.4% | 677s
Iter   180/2000 | return -3.8582 (avg20 -3.9326) | loss -104.7300 | entropy 5.264 | OOD-action  44.8% | 761s
Iter   200/2000 | return -3.5215 (avg20 -3.5612) | loss -93.2540 | entropy 5.263 | OOD-action  43.0% | 845s
[agent] Checkpoint saved → baselines/naive_pg/runs/gap_100-150_350-400_perturb0.2_bootstrap0.5/naive_pg_iter00200.pt
[train] Plot saved → baselines/naive_pg/runs/gap_100-150_350-400_perturb0.2_bootstrap0.5/return.png
[train] Plot saved → baselines/naive_pg/runs/gap_100-150_350-400_perturb0.2_bootstrap0.5/loss.png
[train] Plot saved → baselines/naive_pg/runs/gap_100-150_350-400_perturb0.2_bootstrap0.5/entropy.png
[train] Plot saved → baselines/naive_pg/runs/gap_100-150_350-400_perturb0.2_bootstrap0.5/ood_action_fraction.png
[agent] Checkpoint saved → baselines/naive_pg/runs/gap_100-150_350-400_perturb0.2_bootstrap0.5/naive_pg_best.pt
[agent] Checkpoint saved → baselines/naive_pg/runs/gap_100-150_350-400_perturb0.2_bootstrap0.5/naive_pg_best.pt
Iter   220/2000 | return -3.4086 (avg20 -3.3748) | loss -88.3849 | entropy 5.261 | OOD-action  40.6% | 931s
Iter   240/2000 | return -3.3071 (avg20 -3.3973) | loss -86.1674 | entropy 5.261 | OOD-action  34.9% | 1016s
Iter   260/2000 | return -3.2938 (avg20 -3.2674) | loss -85.9252 | entropy 5.259 | OOD-action  41.9% | 1101s
Iter   280/2000 | return -3.4804 (avg20 -3.3039) | loss -95.9600 | entropy 5.257 | OOD-action  45.8% | 1186s
Iter   300/2000 | return -3.6586 (avg20 -3.7847) | loss -82.9054 | entropy 5.254 | OOD-action  52.9% | 1271s
Iter   320/2000 | return -3.4507 (avg20 -3.4739) | loss -91.1920 | entropy 5.252 | OOD-action  41.1% | 1356s
Iter   340/2000 | return -3.2863 (avg20 -3.3376) | loss -85.4762 | entropy 5.250 | OOD-action  36.2% | 1441s
Iter   360/2000 | return -3.4018 (avg20 -3.3238) | loss -92.7414 | entropy 5.246 | OOD-action  40.4% | 1526s
Iter   380/2000 | return -3.1429 (avg20 -3.3446) | loss -78.6051 | entropy 5.243 | OOD-action  42.2% | 1611s
Iter   400/2000 | return -4.0407 (avg20 -3.3723) | loss -101.7229 | entropy 5.241 | OOD-action  46.6% | 1696s
[agent] Checkpoint saved → baselines/naive_pg/runs/gap_100-150_350-400_perturb0.2_bootstrap0.5/naive_pg_iter00400.pt
[train] Plot saved → baselines/naive_pg/runs/gap_100-150_350-400_perturb0.2_bootstrap0.5/return.png
[train] Plot saved → baselines/naive_pg/runs/gap_100-150_350-400_perturb0.2_bootstrap0.5/loss.png
[train] Plot saved → baselines/naive_pg/runs/gap_100-150_350-400_perturb0.2_bootstrap0.5/entropy.png
[train] Plot saved → baselines/naive_pg/runs/gap_100-150_350-400_perturb0.2_bootstrap0.5/ood_action_fraction.png
Iter   420/2000 | return -3.1659 (avg20 -3.4113) | loss -80.2017 | entropy 5.240 | OOD-action  39.8% | 1782s
[agent] Checkpoint saved → baselines/naive_pg/runs/gap_100-150_350-400_perturb0.2_bootstrap0.5/naive_pg_best.pt
Iter   440/2000 | return -3.3751 (avg20 -3.2353) | loss -90.7981 | entropy 5.238 | OOD-action  38.8% | 1868s
Iter   460/2000 | return -3.5763 (avg20 -3.4064) | loss -94.5250 | entropy 5.236 | OOD-action  38.3% | 1953s
Iter   480/2000 | return -3.2712 (avg20 -3.4554) | loss -85.4118 | entropy 5.234 | OOD-action  38.8% | 2039s
Iter   500/2000 | return -3.3846 (avg20 -3.2572) | loss -92.0443 | entropy 5.232 | OOD-action  41.1% | 2124s
Iter   520/2000 | return -3.0894 (avg20 -3.2576) | loss -77.9628 | entropy 5.231 | OOD-action  44.0% | 2209s
[agent] Checkpoint saved → baselines/naive_pg/runs/gap_100-150_350-400_perturb0.2_bootstrap0.5/naive_pg_best.pt
Iter   540/2000 | return -3.0909 (avg20 -3.2369) | loss -78.9155 | entropy 5.229 | OOD-action  41.1% | 2295s
Iter   560/2000 | return -3.2895 (avg20 -3.2761) | loss -83.9528 | entropy 5.227 | OOD-action  47.4% | 2380s
Iter   580/2000 | return -3.2873 (avg20 -3.6969) | loss -88.1045 | entropy 5.224 | OOD-action  33.6% | 2465s
Iter   600/2000 | return -3.5502 (avg20 -3.2958) | loss -96.1548 | entropy 5.222 | OOD-action  37.2% | 2551s
[agent] Checkpoint saved → baselines/naive_pg/runs/gap_100-150_350-400_perturb0.2_bootstrap0.5/naive_pg_iter00600.pt
[train] Plot saved → baselines/naive_pg/runs/gap_100-150_350-400_perturb0.2_bootstrap0.5/return.png
[train] Plot saved → baselines/naive_pg/runs/gap_100-150_350-400_perturb0.2_bootstrap0.5/loss.png
[train] Plot saved → baselines/naive_pg/runs/gap_100-150_350-400_perturb0.2_bootstrap0.5/entropy.png
[train] Plot saved → baselines/naive_pg/runs/gap_100-150_350-400_perturb0.2_bootstrap0.5/ood_action_fraction.png
Iter   620/2000 | return -3.7726 (avg20 -3.3998) | loss -101.9738 | entropy 5.220 | OOD-action  49.2% | 2637s
Iter   640/2000 | return -3.7758 (avg20 -3.6923) | loss -90.6823 | entropy 5.219 | OOD-action  34.9% | 2722s
Iter   660/2000 | return -3.5545 (avg20 -3.6572) | loss -98.9534 | entropy 5.217 | OOD-action  53.6% | 2807s
Iter   680/2000 | return -3.3797 (avg20 -3.6107) | loss -89.4376 | entropy 5.216 | OOD-action  35.4% | 2892s
Iter   700/2000 | return -3.2553 (avg20 -3.3506) | loss -83.6188 | entropy 5.213 | OOD-action  35.7% | 2978s
Iter   720/2000 | return -3.2078 (avg20 -3.2781) | loss -82.2133 | entropy 5.209 | OOD-action  43.0% | 3063s
Iter   740/2000 | return -3.2187 (avg20 -3.3085) | loss -84.7558 | entropy 5.206 | OOD-action  41.7% | 3148s
Iter   760/2000 | return -3.4738 (avg20 -3.2197) | loss -93.4055 | entropy 5.204 | OOD-action  53.4% | 3234s
Iter   780/2000 | return -3.2247 (avg20 -3.2355) | loss -81.8223 | entropy 5.202 | OOD-action  43.0% | 3319s
Iter   800/2000 | return -3.1833 (avg20 -3.1977) | loss -83.3380 | entropy 5.199 | OOD-action  41.9% | 3404s
[agent] Checkpoint saved → baselines/naive_pg/runs/gap_100-150_350-400_perturb0.2_bootstrap0.5/naive_pg_iter00800.pt
[train] Plot saved → baselines/naive_pg/runs/gap_100-150_350-400_perturb0.2_bootstrap0.5/return.png
[train] Plot saved → baselines/naive_pg/runs/gap_100-150_350-400_perturb0.2_bootstrap0.5/loss.png
[train] Plot saved → baselines/naive_pg/runs/gap_100-150_350-400_perturb0.2_bootstrap0.5/entropy.png
[train] Plot saved → baselines/naive_pg/runs/gap_100-150_350-400_perturb0.2_bootstrap0.5/ood_action_fraction.png
Iter   820/2000 | return -3.1560 (avg20 -3.1997) | loss -82.3221 | entropy 5.196 | OOD-action  43.5% | 3490s
[agent] Checkpoint saved → baselines/naive_pg/runs/gap_100-150_350-400_perturb0.2_bootstrap0.5/naive_pg_best.pt
[agent] Checkpoint saved → baselines/naive_pg/runs/gap_100-150_350-400_perturb0.2_bootstrap0.5/naive_pg_best.pt
Iter   840/2000 | return -3.1651 (avg20 -3.2121) | loss -81.9067 | entropy 5.193 | OOD-action  35.7% | 3576s
Iter   860/2000 | return -3.2508 (avg20 -3.4558) | loss -80.7210 | entropy 5.191 | OOD-action  39.8% | 3661s
Iter   880/2000 | return -3.0843 (avg20 -3.2118) | loss -77.2251 | entropy 5.189 | OOD-action  45.1% | 3746s
Iter   900/2000 | return -3.2338 (avg20 -3.1729) | loss -85.7485 | entropy 5.187 | OOD-action  42.2% | 3831s
Iter   920/2000 | return -3.1162 (avg20 -3.1750) | loss -80.8718 | entropy 5.185 | OOD-action  46.4% | 3916s
Iter   940/2000 | return -3.0766 (avg20 -3.1170) | loss -78.5860 | entropy 5.183 | OOD-action  42.4% | 4001s
Iter   960/2000 | return -3.2957 (avg20 -3.1855) | loss -85.5955 | entropy 5.179 | OOD-action  35.2% | 4087s
Iter   980/2000 | return -3.1346 (avg20 -3.2060) | loss -78.2056 | entropy 5.177 | OOD-action  45.6% | 4172s
Iter  1000/2000 | return -3.1762 (avg20 -3.1698) | loss -80.9614 | entropy 5.175 | OOD-action  39.1% | 4257s
[agent] Checkpoint saved → baselines/naive_pg/runs/gap_100-150_350-400_perturb0.2_bootstrap0.5/naive_pg_iter01000.pt
[train] Plot saved → baselines/naive_pg/runs/gap_100-150_350-400_perturb0.2_bootstrap0.5/return.png
[train] Plot saved → baselines/naive_pg/runs/gap_100-150_350-400_perturb0.2_bootstrap0.5/loss.png
[train] Plot saved → baselines/naive_pg/runs/gap_100-150_350-400_perturb0.2_bootstrap0.5/entropy.png
[train] Plot saved → baselines/naive_pg/runs/gap_100-150_350-400_perturb0.2_bootstrap0.5/ood_action_fraction.png
Iter  1020/2000 | return -3.1798 (avg20 -3.1433) | loss -82.6533 | entropy 5.173 | OOD-action  44.3% | 4344s
Iter  1040/2000 | return -3.1319 (avg20 -3.1707) | loss -78.1798 | entropy 5.171 | OOD-action  35.9% | 4430s
Iter  1060/2000 | return -3.2369 (avg20 -3.2070) | loss -84.0255 | entropy 5.168 | OOD-action  37.5% | 4516s
Iter  1080/2000 | return -3.0258 (avg20 -3.1274) | loss -75.9975 | entropy 5.166 | OOD-action  38.3% | 4602s
Iter  1100/2000 | return -3.2364 (avg20 -3.1871) | loss -82.5090 | entropy 5.163 | OOD-action  43.5% | 4688s
Iter  1120/2000 | return -3.0316 (avg20 -3.2242) | loss -77.3461 | entropy 5.161 | OOD-action  38.8% | 4774s
Iter  1140/2000 | return -3.1178 (avg20 -3.1013) | loss -79.2240 | entropy 5.159 | OOD-action  41.7% | 4860s
[agent] Checkpoint saved → baselines/naive_pg/runs/gap_100-150_350-400_perturb0.2_bootstrap0.5/naive_pg_best.pt
Iter  1160/2000 | return -3.0499 (avg20 -3.0995) | loss -77.1667 | entropy 5.156 | OOD-action  46.6% | 4946s
Iter  1180/2000 | return -3.6131 (avg20 -3.4231) | loss -96.2893 | entropy 5.154 | OOD-action  51.0% | 5032s
Iter  1200/2000 | return -3.0811 (avg20 -3.2129) | loss -77.9158 | entropy 5.152 | OOD-action  43.5% | 5117s
[agent] Checkpoint saved → baselines/naive_pg/runs/gap_100-150_350-400_perturb0.2_bootstrap0.5/naive_pg_iter01200.pt
[train] Plot saved → baselines/naive_pg/runs/gap_100-150_350-400_perturb0.2_bootstrap0.5/return.png
[train] Plot saved → baselines/naive_pg/runs/gap_100-150_350-400_perturb0.2_bootstrap0.5/loss.png
[train] Plot saved → baselines/naive_pg/runs/gap_100-150_350-400_perturb0.2_bootstrap0.5/entropy.png
[train] Plot saved → baselines/naive_pg/runs/gap_100-150_350-400_perturb0.2_bootstrap0.5/ood_action_fraction.png
Iter  1220/2000 | return -3.2850 (avg20 -3.1660) | loss -78.2757 | entropy 5.151 | OOD-action  42.4% | 5204s
Iter  1240/2000 | return -3.0518 (avg20 -3.1438) | loss -76.1969 | entropy 5.149 | OOD-action  35.2% | 5290s
[agent] Checkpoint saved → baselines/naive_pg/runs/gap_100-150_350-400_perturb0.2_bootstrap0.5/naive_pg_best.pt
Iter  1260/2000 | return -3.3604 (avg20 -3.1469) | loss -85.4379 | entropy 5.147 | OOD-action  30.2% | 5376s
Iter  1280/2000 | return -3.0457 (avg20 -3.1130) | loss -77.8048 | entropy 5.145 | OOD-action  42.7% | 5462s
Iter  1300/2000 | return -3.0177 (avg20 -3.0941) | loss -74.8299 | entropy 5.143 | OOD-action  34.6% | 5548s
Iter  1320/2000 | return -3.0666 (avg20 -3.0988) | loss -76.8630 | entropy 5.141 | OOD-action  38.0% | 5634s
Iter  1340/2000 | return -3.0740 (avg20 -3.0869) | loss -77.0100 | entropy 5.138 | OOD-action  41.1% | 5720s
[agent] Checkpoint saved → baselines/naive_pg/runs/gap_100-150_350-400_perturb0.2_bootstrap0.5/naive_pg_best.pt
Iter  1360/2000 | return -3.0038 (avg20 -3.0832) | loss -75.9594 | entropy 5.136 | OOD-action  44.0% | 5806s
Iter  1380/2000 | return -3.2000 (avg20 -3.0796) | loss -82.2637 | entropy 5.134 | OOD-action  37.5% | 5892s
Iter  1400/2000 | return -3.0378 (avg20 -3.0755) | loss -77.9785 | entropy 5.131 | OOD-action  43.8% | 5978s
[agent] Checkpoint saved → baselines/naive_pg/runs/gap_100-150_350-400_perturb0.2_bootstrap0.5/naive_pg_iter01400.pt
[train] Plot saved → baselines/naive_pg/runs/gap_100-150_350-400_perturb0.2_bootstrap0.5/return.png
[train] Plot saved → baselines/naive_pg/runs/gap_100-150_350-400_perturb0.2_bootstrap0.5/loss.png
[train] Plot saved → baselines/naive_pg/runs/gap_100-150_350-400_perturb0.2_bootstrap0.5/entropy.png
[train] Plot saved → baselines/naive_pg/runs/gap_100-150_350-400_perturb0.2_bootstrap0.5/ood_action_fraction.png
Iter  1420/2000 | return -2.8708 (avg20 -3.0601) | loss -70.0093 | entropy 5.129 | OOD-action  45.6% | 6065s
[agent] Checkpoint saved → baselines/naive_pg/runs/gap_100-150_350-400_perturb0.2_bootstrap0.5/naive_pg_best.pt
Iter  1440/2000 | return -3.5170 (avg20 -3.2292) | loss -91.9786 | entropy 5.127 | OOD-action  55.5% | 6151s
Iter  1460/2000 | return -3.0368 (avg20 -3.1337) | loss -75.3400 | entropy 5.126 | OOD-action  34.6% | 6236s
Iter  1480/2000 | return -2.9877 (avg20 -3.2524) | loss -76.3775 | entropy 5.124 | OOD-action  39.8% | 6322s
Iter  1500/2000 | return -3.0350 (avg20 -3.1026) | loss -74.7283 | entropy 5.123 | OOD-action  49.2% | 6407s
Iter  1520/2000 | return -3.1120 (avg20 -3.0949) | loss -78.8342 | entropy 5.121 | OOD-action  35.2% | 6493s
Iter  1540/2000 | return -3.1096 (avg20 -3.0658) | loss -74.9303 | entropy 5.119 | OOD-action  41.9% | 6578s
Iter  1560/2000 | return -3.0861 (avg20 -3.0759) | loss -76.5909 | entropy 5.117 | OOD-action  40.1% | 6664s
[agent] Checkpoint saved → baselines/naive_pg/runs/gap_100-150_350-400_perturb0.2_bootstrap0.5/naive_pg_best.pt
Iter  1580/2000 | return -3.1966 (avg20 -3.0601) | loss -84.7130 | entropy 5.115 | OOD-action  42.7% | 6749s
Iter  1600/2000 | return -3.3083 (avg20 -3.1166) | loss -79.7109 | entropy 5.113 | OOD-action  42.2% | 6834s
[agent] Checkpoint saved → baselines/naive_pg/runs/gap_100-150_350-400_perturb0.2_bootstrap0.5/naive_pg_iter01600.pt
[train] Plot saved → baselines/naive_pg/runs/gap_100-150_350-400_perturb0.2_bootstrap0.5/return.png
[train] Plot saved → baselines/naive_pg/runs/gap_100-150_350-400_perturb0.2_bootstrap0.5/loss.png
[train] Plot saved → baselines/naive_pg/runs/gap_100-150_350-400_perturb0.2_bootstrap0.5/entropy.png
[train] Plot saved → baselines/naive_pg/runs/gap_100-150_350-400_perturb0.2_bootstrap0.5/ood_action_fraction.png
Iter  1620/2000 | return -3.2959 (avg20 -3.2740) | loss -83.0185 | entropy 5.112 | OOD-action  51.0% | 6920s
Iter  1640/2000 | return -3.2204 (avg20 -3.1766) | loss -83.4298 | entropy 5.111 | OOD-action  38.3% | 7006s
Iter  1660/2000 | return -3.5080 (avg20 -3.2191) | loss -89.2053 | entropy 5.109 | OOD-action  55.2% | 7091s
Iter  1680/2000 | return -3.5346 (avg20 -3.4478) | loss -76.8786 | entropy 5.108 | OOD-action  55.7% | 7176s
Iter  1700/2000 | return -3.0585 (avg20 -3.4115) | loss -72.5167 | entropy 5.106 | OOD-action  36.7% | 7262s
Iter  1720/2000 | return -3.2212 (avg20 -3.1539) | loss -79.9522 | entropy 5.105 | OOD-action  41.7% | 7347s
Iter  1740/2000 | return -3.0980 (avg20 -3.1671) | loss -74.3270 | entropy 5.104 | OOD-action  45.6% | 7433s
Iter  1760/2000 | return -3.1681 (avg20 -3.1921) | loss -79.1239 | entropy 5.102 | OOD-action  41.9% | 7519s
Iter  1780/2000 | return -3.3875 (avg20 -3.2962) | loss -80.6476 | entropy 5.100 | OOD-action  40.6% | 7604s
Iter  1800/2000 | return -3.0173 (avg20 -3.1374) | loss -76.9077 | entropy 5.098 | OOD-action  38.5% | 7690s
[agent] Checkpoint saved → baselines/naive_pg/runs/gap_100-150_350-400_perturb0.2_bootstrap0.5/naive_pg_iter01800.pt
[train] Plot saved → baselines/naive_pg/runs/gap_100-150_350-400_perturb0.2_bootstrap0.5/return.png
[train] Plot saved → baselines/naive_pg/runs/gap_100-150_350-400_perturb0.2_bootstrap0.5/loss.png
[train] Plot saved → baselines/naive_pg/runs/gap_100-150_350-400_perturb0.2_bootstrap0.5/entropy.png
[train] Plot saved → baselines/naive_pg/runs/gap_100-150_350-400_perturb0.2_bootstrap0.5/ood_action_fraction.png
Iter  1820/2000 | return -3.0358 (avg20 -3.0689) | loss -75.9212 | entropy 5.097 | OOD-action  40.6% | 7776s
Iter  1840/2000 | return -3.1612 (avg20 -3.0696) | loss -76.7232 | entropy 5.094 | OOD-action  46.6% | 7862s
Iter  1860/2000 | return -3.3744 (avg20 -3.2296) | loss -83.0510 | entropy 5.092 | OOD-action  49.7% | 7947s
Iter  1880/2000 | return -3.2097 (avg20 -3.2206) | loss -79.7250 | entropy 5.090 | OOD-action  39.3% | 8033s
Iter  1900/2000 | return -2.9492 (avg20 -3.0362) | loss -73.0891 | entropy 5.088 | OOD-action  39.6% | 8118s
Iter  1920/2000 | return -2.8561 (avg20 -3.0037) | loss -68.8821 | entropy 5.086 | OOD-action  43.5% | 8204s
Iter  1940/2000 | return -3.1959 (avg20 -3.0482) | loss -79.6948 | entropy 5.083 | OOD-action  34.4% | 8289s
Iter  1960/2000 | return -3.1296 (avg20 -3.0941) | loss -78.9501 | entropy 5.081 | OOD-action  48.4% | 8375s
Iter  1980/2000 | return -2.9556 (avg20 -3.0520) | loss -72.0817 | entropy 5.078 | OOD-action  41.4% | 8460s
Iter  2000/2000 | return -2.9328 (avg20 -2.9689) | loss -71.4640 | entropy 5.076 | OOD-action  43.0% | 8546s
[agent] Checkpoint saved → baselines/naive_pg/runs/gap_100-150_350-400_perturb0.2_bootstrap0.5/naive_pg_iter02000.pt
[train] Plot saved → baselines/naive_pg/runs/gap_100-150_350-400_perturb0.2_bootstrap0.5/return.png
[train] Plot saved → baselines/naive_pg/runs/gap_100-150_350-400_perturb0.2_bootstrap0.5/loss.png
[train] Plot saved → baselines/naive_pg/runs/gap_100-150_350-400_perturb0.2_bootstrap0.5/entropy.png
[train] Plot saved → baselines/naive_pg/runs/gap_100-150_350-400_perturb0.2_bootstrap0.5/ood_action_fraction.png
[agent] Checkpoint saved → baselines/naive_pg/runs/gap_100-150_350-400_perturb0.2_bootstrap0.5/naive_pg_final.pt
[train] Plot saved → baselines/naive_pg/runs/gap_100-150_350-400_perturb0.2_bootstrap0.5/return.png
[train] Plot saved → baselines/naive_pg/runs/gap_100-150_350-400_perturb0.2_bootstrap0.5/ood_action_fraction.png

[naive_pg] Done. Best return: -2.7977
[naive_pg] Best checkpoint: baselines/naive_pg/runs/gap_100-150_350-400_perturb0.2_bootstrap0.5/naive_pg_best.pt
=== [5/7] UCPG v2 (relative, u=epistemic, delta=0.448134) ===
=================================================================
[train] Uncertainty-Constrained Policy Gradient v2 — LPBF Controller
[train] (continuous action, two-stage heating/cooling surrogate)
[train] Output dir : online_RL_ucpg_v2/runs/gap_100-150_350-400_perturb0.2_bootstrap0.5_relative_epistemic
[train] Device     : cuda
[train] delta (uncertainty budget) : 0.448134
[train] RELATIVE uncertainty constraint: G_u/delta in the advantage, dual step on (J_u_hat/delta - 1)
[train] Uncertainty signal u_t : epistemic (env info['epistemic_std'])
=================================================================

[train] Loading surrogate: surrogate_model_v3/runs/gap_100-150_350-400_perturb0.2_bootstrap0.5/surrogate_best.pt
[train] Surrogate   : TwoStageSurrogate(state=1053, lp_dim=1, cool_dim=1, K=5, n_layers=12, embed=8, rank=0 | heat×5=2,554,020  cool×5=2,554,020 | total=5,108,040)
[TwoStageLatentLPBFEnv] Mesh loaded: 1053 nodes  X∈[0.00, 12.00]  Y∈[0.00, 3.00]
[train] Action aim range : [100, 400] W  (continuous, unclipped)
[train] cool_time range  : [0.050, 0.150] s  (drawn once/episode)
[train] obs_dim     : 1055  (latent_dim=1053 + layer token + cool_time token)
[train] UCPGAgentV2(ContinuousLatentPolicyNet(latent_dim=1053, action_range=[100, 400]W, hidden=128, depth=3, n_layers=12, layer_embed_dim=8, params=237,167)  lambda=0.00000)

[train] Starting 2000 iterations (N=32 trajectories/iter, T=12 steps/traj)
[train] gamma_r=0.99  gamma_u=0.99  lr_theta=0.0003  lr_lambda=0.01
-----------------------------------------------------------------
Iter     1/2000 | return -11.4008 (avg1 -11.4008) | J_u 0.51215 (δ=0.448134) | λ 0.00143 | loss -450.8772 | entropy 5.286 | action 251.4±47.1W | OOD-action   3.9% | 5s
[agent] Checkpoint saved → online_RL_ucpg_v2/runs/gap_100-150_350-400_perturb0.2_bootstrap0.5_relative_epistemic/ucpg_best.pt
[agent] Checkpoint saved → online_RL_ucpg_v2/runs/gap_100-150_350-400_perturb0.2_bootstrap0.5_relative_epistemic/ucpg_best.pt
[agent] Checkpoint saved → online_RL_ucpg_v2/runs/gap_100-150_350-400_perturb0.2_bootstrap0.5_relative_epistemic/ucpg_best.pt
[agent] Checkpoint saved → online_RL_ucpg_v2/runs/gap_100-150_350-400_perturb0.2_bootstrap0.5_relative_epistemic/ucpg_best.pt
[agent] Checkpoint saved → online_RL_ucpg_v2/runs/gap_100-150_350-400_perturb0.2_bootstrap0.5_relative_epistemic/ucpg_best.pt
[agent] Checkpoint saved → online_RL_ucpg_v2/runs/gap_100-150_350-400_perturb0.2_bootstrap0.5_relative_epistemic/ucpg_best.pt
[agent] Checkpoint saved → online_RL_ucpg_v2/runs/gap_100-150_350-400_perturb0.2_bootstrap0.5_relative_epistemic/ucpg_best.pt
[agent] Checkpoint saved → online_RL_ucpg_v2/runs/gap_100-150_350-400_perturb0.2_bootstrap0.5_relative_epistemic/ucpg_best.pt
[agent] Checkpoint saved → online_RL_ucpg_v2/runs/gap_100-150_350-400_perturb0.2_bootstrap0.5_relative_epistemic/ucpg_best.pt
[agent] Checkpoint saved → online_RL_ucpg_v2/runs/gap_100-150_350-400_perturb0.2_bootstrap0.5_relative_epistemic/ucpg_best.pt
[agent] Checkpoint saved → online_RL_ucpg_v2/runs/gap_100-150_350-400_perturb0.2_bootstrap0.5_relative_epistemic/ucpg_best.pt
[agent] Checkpoint saved → online_RL_ucpg_v2/runs/gap_100-150_350-400_perturb0.2_bootstrap0.5_relative_epistemic/ucpg_best.pt
[agent] Checkpoint saved → online_RL_ucpg_v2/runs/gap_100-150_350-400_perturb0.2_bootstrap0.5_relative_epistemic/ucpg_best.pt
[agent] Checkpoint saved → online_RL_ucpg_v2/runs/gap_100-150_350-400_perturb0.2_bootstrap0.5_relative_epistemic/ucpg_best.pt
Iter    20/2000 | return -4.0074 (avg20 -6.0906) | J_u 0.48389 (δ=0.448134) | λ 0.02371 | loss -114.2701 | entropy 5.285 | action 177.4±60.6W | OOD-action  34.1% | 85s
[agent] Checkpoint saved → online_RL_ucpg_v2/runs/gap_100-150_350-400_perturb0.2_bootstrap0.5_relative_epistemic/ucpg_best.pt
[agent] Checkpoint saved → online_RL_ucpg_v2/runs/gap_100-150_350-400_perturb0.2_bootstrap0.5_relative_epistemic/ucpg_best.pt
[agent] Checkpoint saved → online_RL_ucpg_v2/runs/gap_100-150_350-400_perturb0.2_bootstrap0.5_relative_epistemic/ucpg_best.pt
Iter    40/2000 | return -3.8171 (avg20 -3.7847) | J_u 0.51457 (δ=0.448134) | λ 0.04796 | loss -103.0673 | entropy 5.283 | action 179.9±79.3W | OOD-action  41.9% | 169s
[agent] Checkpoint saved → online_RL_ucpg_v2/runs/gap_100-150_350-400_perturb0.2_bootstrap0.5_relative_epistemic/ucpg_best.pt
Iter    60/2000 | return -3.5270 (avg20 -3.7218) | J_u 0.50851 (δ=0.448134) | λ 0.07054 | loss -97.7822 | entropy 5.281 | action 178.6±63.2W | OOD-action  32.3% | 281s
Iter    80/2000 | return -3.5874 (avg20 -3.6666) | J_u 0.49979 (δ=0.448134) | λ 0.09328 | loss -101.0022 | entropy 5.278 | action 166.3±61.5W | OOD-action  40.9% | 394s
[agent] Checkpoint saved → online_RL_ucpg_v2/runs/gap_100-150_350-400_perturb0.2_bootstrap0.5_relative_epistemic/ucpg_best.pt
Iter   100/2000 | return -3.4386 (avg20 -3.6486) | J_u 0.49430 (δ=0.448134) | λ 0.11125 | loss -92.1466 | entropy 5.275 | action 166.7±64.9W | OOD-action  41.9% | 506s
[agent] Checkpoint saved → online_RL_ucpg_v2/runs/gap_100-150_350-400_perturb0.2_bootstrap0.5_relative_epistemic/ucpg_best.pt
[agent] Checkpoint saved → online_RL_ucpg_v2/runs/gap_100-150_350-400_perturb0.2_bootstrap0.5_relative_epistemic/ucpg_best.pt
Iter   120/2000 | return -3.5503 (avg20 -3.4673) | J_u 0.52132 (δ=0.448134) | λ 0.14049 | loss -100.0699 | entropy 5.272 | action 178.0±77.9W | OOD-action  39.8% | 618s
Iter   140/2000 | return -3.4568 (avg20 -3.6430) | J_u 0.51080 (δ=0.448134) | λ 0.17800 | loss -97.7153 | entropy 5.270 | action 182.8±70.1W | OOD-action  33.3% | 731s
Iter   160/2000 | return -5.0952 (avg20 -4.3736) | J_u 0.50017 (δ=0.448134) | λ 0.19933 | loss -130.1331 | entropy 5.267 | action 154.4±53.2W | OOD-action  47.1% | 843s
Iter   180/2000 | return -3.8041 (avg20 -3.8489) | J_u 0.50700 (δ=0.448134) | λ 0.22127 | loss -112.1294 | entropy 5.264 | action 170.5±74.9W | OOD-action  44.3% | 956s
Iter   200/2000 | return -3.6287 (avg20 -3.6287) | J_u 0.52024 (δ=0.448134) | λ 0.24733 | loss -106.4661 | entropy 5.263 | action 178.4±77.0W | OOD-action  40.1% | 1069s
[agent] Checkpoint saved → online_RL_ucpg_v2/runs/gap_100-150_350-400_perturb0.2_bootstrap0.5_relative_epistemic/ucpg_iter00200.pt
[train] Plot saved → online_RL_ucpg_v2/runs/gap_100-150_350-400_perturb0.2_bootstrap0.5_relative_epistemic/return.png
[train] Plot saved → online_RL_ucpg_v2/runs/gap_100-150_350-400_perturb0.2_bootstrap0.5_relative_epistemic/j_u.png
[train] Plot saved → online_RL_ucpg_v2/runs/gap_100-150_350-400_perturb0.2_bootstrap0.5_relative_epistemic/lambda.png
[train] Plot saved → online_RL_ucpg_v2/runs/gap_100-150_350-400_perturb0.2_bootstrap0.5_relative_epistemic/loss.png
[train] Plot saved → online_RL_ucpg_v2/runs/gap_100-150_350-400_perturb0.2_bootstrap0.5_relative_epistemic/entropy.png
[train] Plot saved → online_RL_ucpg_v2/runs/gap_100-150_350-400_perturb0.2_bootstrap0.5_relative_epistemic/action_stats.png
[train] Plot saved → online_RL_ucpg_v2/runs/gap_100-150_350-400_perturb0.2_bootstrap0.5_relative_epistemic/ood_action_fraction.png
[agent] Checkpoint saved → online_RL_ucpg_v2/runs/gap_100-150_350-400_perturb0.2_bootstrap0.5_relative_epistemic/ucpg_best.pt
Iter   220/2000 | return -3.4598 (avg20 -3.4415) | J_u 0.48191 (δ=0.448134) | λ 0.27395 | loss -101.4173 | entropy 5.262 | action 163.1±56.0W | OOD-action  44.5% | 1184s
Iter   240/2000 | return -3.3463 (avg20 -3.3978) | J_u 0.51032 (δ=0.448134) | λ 0.29856 | loss -99.6208 | entropy 5.261 | action 184.7±71.4W | OOD-action  33.9% | 1297s
[agent] Checkpoint saved → online_RL_ucpg_v2/runs/gap_100-150_350-400_perturb0.2_bootstrap0.5_relative_epistemic/ucpg_best.pt
Iter   260/2000 | return -3.3153 (avg20 -3.2936) | J_u 0.53356 (δ=0.448134) | λ 0.33005 | loss -100.6313 | entropy 5.260 | action 172.5±77.5W | OOD-action  42.7% | 1411s
Iter   280/2000 | return -3.5282 (avg20 -3.2973) | J_u 0.47910 (δ=0.448134) | λ 0.35786 | loss -110.0701 | entropy 5.258 | action 164.3±67.1W | OOD-action  45.6% | 1524s
Iter   300/2000 | return -3.1851 (avg20 -3.6137) | J_u 0.50577 (δ=0.448134) | λ 0.38265 | loss -97.2447 | entropy 5.256 | action 164.3±76.1W | OOD-action  52.1% | 1638s
Iter   320/2000 | return -3.5475 (avg20 -3.4024) | J_u 0.52496 (δ=0.448134) | λ 0.41721 | loss -111.8637 | entropy 5.254 | action 180.7±83.7W | OOD-action  42.7% | 1752s
Iter   340/2000 | return -3.2666 (avg20 -3.4134) | J_u 0.49705 (δ=0.448134) | λ 0.44211 | loss -105.4347 | entropy 5.252 | action 173.6±63.4W | OOD-action  38.5% | 1866s
Iter   360/2000 | return -3.4800 (avg20 -3.3327) | J_u 0.48108 (δ=0.448134) | λ 0.46270 | loss -114.4380 | entropy 5.249 | action 166.5±62.8W | OOD-action  40.9% | 1978s
[agent] Checkpoint saved → online_RL_ucpg_v2/runs/gap_100-150_350-400_perturb0.2_bootstrap0.5_relative_epistemic/ucpg_best.pt
Iter   380/2000 | return -3.2446 (avg20 -3.3715) | J_u 0.53564 (δ=0.448134) | λ 0.48851 | loss -101.5531 | entropy 5.247 | action 175.0±77.8W | OOD-action  42.2% | 2063s
Iter   400/2000 | return -3.8277 (avg20 -3.3772) | J_u 0.47249 (δ=0.448134) | λ 0.51597 | loss -120.3374 | entropy 5.246 | action 158.6±56.9W | OOD-action  47.7% | 2148s
[agent] Checkpoint saved → online_RL_ucpg_v2/runs/gap_100-150_350-400_perturb0.2_bootstrap0.5_relative_epistemic/ucpg_iter00400.pt
[train] Plot saved → online_RL_ucpg_v2/runs/gap_100-150_350-400_perturb0.2_bootstrap0.5_relative_epistemic/return.png
[train] Plot saved → online_RL_ucpg_v2/runs/gap_100-150_350-400_perturb0.2_bootstrap0.5_relative_epistemic/j_u.png
[train] Plot saved → online_RL_ucpg_v2/runs/gap_100-150_350-400_perturb0.2_bootstrap0.5_relative_epistemic/lambda.png
[train] Plot saved → online_RL_ucpg_v2/runs/gap_100-150_350-400_perturb0.2_bootstrap0.5_relative_epistemic/loss.png
[train] Plot saved → online_RL_ucpg_v2/runs/gap_100-150_350-400_perturb0.2_bootstrap0.5_relative_epistemic/entropy.png
[train] Plot saved → online_RL_ucpg_v2/runs/gap_100-150_350-400_perturb0.2_bootstrap0.5_relative_epistemic/action_stats.png
[train] Plot saved → online_RL_ucpg_v2/runs/gap_100-150_350-400_perturb0.2_bootstrap0.5_relative_epistemic/ood_action_fraction.png
Iter   420/2000 | return -3.2050 (avg20 -3.3416) | J_u 0.52396 (δ=0.448134) | λ 0.54146 | loss -104.0644 | entropy 5.244 | action 178.8±76.3W | OOD-action  39.8% | 2234s
[agent] Checkpoint saved → online_RL_ucpg_v2/runs/gap_100-150_350-400_perturb0.2_bootstrap0.5_relative_epistemic/ucpg_best.pt
Iter   440/2000 | return -3.5604 (avg20 -3.3153) | J_u 0.49073 (δ=0.448134) | λ 0.57316 | loss -119.7543 | entropy 5.243 | action 168.6±63.9W | OOD-action  42.2% | 2319s
Iter   460/2000 | return -3.9029 (avg20 -3.7148) | J_u 0.48375 (δ=0.448134) | λ 0.59341 | loss -126.0774 | entropy 5.241 | action 168.9±66.3W | OOD-action  41.7% | 2404s
[agent] Checkpoint saved → online_RL_ucpg_v2/runs/gap_100-150_350-400_perturb0.2_bootstrap0.5_relative_epistemic/ucpg_best.pt
Iter   480/2000 | return -3.2678 (avg20 -3.4906) | J_u 0.50428 (δ=0.448134) | λ 0.61145 | loss -112.0468 | entropy 5.239 | action 170.3±73.0W | OOD-action  43.0% | 2489s
Iter   500/2000 | return -3.3812 (avg20 -3.2696) | J_u 0.51447 (δ=0.448134) | λ 0.64369 | loss -119.1945 | entropy 5.238 | action 174.8±74.0W | OOD-action  40.1% | 2573s
Iter   520/2000 | return -3.1112 (avg20 -3.2819) | J_u 0.49861 (δ=0.448134) | λ 0.67266 | loss -106.5366 | entropy 5.237 | action 174.7±70.6W | OOD-action  42.7% | 2658s
[agent] Checkpoint saved → online_RL_ucpg_v2/runs/gap_100-150_350-400_perturb0.2_bootstrap0.5_relative_epistemic/ucpg_best.pt
Iter   540/2000 | return -3.0952 (avg20 -3.2595) | J_u 0.48943 (δ=0.448134) | λ 0.69924 | loss -107.1857 | entropy 5.235 | action 172.9±67.2W | OOD-action  40.1% | 2743s
Iter   560/2000 | return -3.2730 (avg20 -3.2739) | J_u 0.51492 (δ=0.448134) | λ 0.73098 | loss -115.7812 | entropy 5.233 | action 168.5±74.3W | OOD-action  45.8% | 2828s
Iter   580/2000 | return -3.4200 (avg20 -3.8986) | J_u 0.48361 (δ=0.448134) | λ 0.74677 | loss -120.1702 | entropy 5.231 | action 171.6±57.5W | OOD-action  34.6% | 2912s
Iter   600/2000 | return -3.8007 (avg20 -3.4132) | J_u 0.50067 (δ=0.448134) | λ 0.77116 | loss -136.1103 | entropy 5.230 | action 189.0±78.2W | OOD-action  34.6% | 2997s
[agent] Checkpoint saved → online_RL_ucpg_v2/runs/gap_100-150_350-400_perturb0.2_bootstrap0.5_relative_epistemic/ucpg_iter00600.pt
[train] Plot saved → online_RL_ucpg_v2/runs/gap_100-150_350-400_perturb0.2_bootstrap0.5_relative_epistemic/return.png
[train] Plot saved → online_RL_ucpg_v2/runs/gap_100-150_350-400_perturb0.2_bootstrap0.5_relative_epistemic/j_u.png
[train] Plot saved → online_RL_ucpg_v2/runs/gap_100-150_350-400_perturb0.2_bootstrap0.5_relative_epistemic/lambda.png
[train] Plot saved → online_RL_ucpg_v2/runs/gap_100-150_350-400_perturb0.2_bootstrap0.5_relative_epistemic/loss.png
[train] Plot saved → online_RL_ucpg_v2/runs/gap_100-150_350-400_perturb0.2_bootstrap0.5_relative_epistemic/entropy.png
[train] Plot saved → online_RL_ucpg_v2/runs/gap_100-150_350-400_perturb0.2_bootstrap0.5_relative_epistemic/action_stats.png
[train] Plot saved → online_RL_ucpg_v2/runs/gap_100-150_350-400_perturb0.2_bootstrap0.5_relative_epistemic/ood_action_fraction.png
Iter   620/2000 | return -3.3470 (avg20 -3.4680) | J_u 0.48228 (δ=0.448134) | λ 0.79909 | loss -121.1796 | entropy 5.228 | action 170.6±67.0W | OOD-action  39.3% | 3113s
Iter   640/2000 | return -3.2826 (avg20 -3.3420) | J_u 0.48239 (δ=0.448134) | λ 0.81488 | loss -115.4615 | entropy 5.226 | action 165.2±59.9W | OOD-action  38.3% | 3226s
Iter   660/2000 | return -3.3723 (avg20 -3.4062) | J_u 0.54276 (δ=0.448134) | λ 0.84265 | loss -130.6607 | entropy 5.225 | action 160.5±76.8W | OOD-action  56.8% | 3340s
Iter   680/2000 | return -3.4954 (avg20 -3.5105) | J_u 0.54840 (δ=0.448134) | λ 0.87975 | loss -129.6295 | entropy 5.223 | action 182.0±76.5W | OOD-action  40.1% | 3453s
Iter   700/2000 | return -3.3158 (avg20 -3.4381) | J_u 0.51579 (δ=0.448134) | λ 0.91019 | loss -125.2337 | entropy 5.221 | action 174.0±69.2W | OOD-action  37.0% | 3567s
Iter   720/2000 | return -3.2519 (avg20 -3.3118) | J_u 0.50102 (δ=0.448134) | λ 0.93641 | loss -121.2873 | entropy 5.218 | action 171.4±63.5W | OOD-action  39.1% | 3681s
Iter   740/2000 | return -3.4383 (avg20 -3.3412) | J_u 0.49345 (δ=0.448134) | λ 0.95731 | loss -131.0512 | entropy 5.215 | action 166.3±62.6W | OOD-action  44.3% | 3790s
Iter   760/2000 | return -3.2917 (avg20 -3.2171) | J_u 0.48870 (δ=0.448134) | λ 0.98012 | loss -125.9496 | entropy 5.213 | action 172.2±69.4W | OOD-action  46.4% | 3875s
Iter   780/2000 | return -3.2477 (avg20 -3.2015) | J_u 0.51615 (δ=0.448134) | λ 1.00858 | loss -128.3649 | entropy 5.211 | action 167.1±75.7W | OOD-action  45.1% | 3960s
Iter   800/2000 | return -3.2769 (avg20 -3.2237) | J_u 0.53116 (δ=0.448134) | λ 1.03674 | loss -132.3059 | entropy 5.208 | action 178.2±76.7W | OOD-action  40.1% | 4045s
[agent] Checkpoint saved → online_RL_ucpg_v2/runs/gap_100-150_350-400_perturb0.2_bootstrap0.5_relative_epistemic/ucpg_iter00800.pt
[train] Plot saved → online_RL_ucpg_v2/runs/gap_100-150_350-400_perturb0.2_bootstrap0.5_relative_epistemic/return.png
[train] Plot saved → online_RL_ucpg_v2/runs/gap_100-150_350-400_perturb0.2_bootstrap0.5_relative_epistemic/j_u.png
[train] Plot saved → online_RL_ucpg_v2/runs/gap_100-150_350-400_perturb0.2_bootstrap0.5_relative_epistemic/lambda.png
[train] Plot saved → online_RL_ucpg_v2/runs/gap_100-150_350-400_perturb0.2_bootstrap0.5_relative_epistemic/loss.png
[train] Plot saved → online_RL_ucpg_v2/runs/gap_100-150_350-400_perturb0.2_bootstrap0.5_relative_epistemic/entropy.png
[train] Plot saved → online_RL_ucpg_v2/runs/gap_100-150_350-400_perturb0.2_bootstrap0.5_relative_epistemic/action_stats.png
[train] Plot saved → online_RL_ucpg_v2/runs/gap_100-150_350-400_perturb0.2_bootstrap0.5_relative_epistemic/ood_action_fraction.png
Iter   820/2000 | return -3.2364 (avg20 -3.2509) | J_u 0.50563 (δ=0.448134) | λ 1.06480 | loss -128.7830 | entropy 5.205 | action 171.3±70.3W | OOD-action  42.2% | 4132s
[agent] Checkpoint saved → online_RL_ucpg_v2/runs/gap_100-150_350-400_perturb0.2_bootstrap0.5_relative_epistemic/ucpg_best.pt
Iter   840/2000 | return -3.1501 (avg20 -3.2202) | J_u 0.48779 (δ=0.448134) | λ 1.08485 | loss -125.5421 | entropy 5.202 | action 173.0±62.5W | OOD-action  36.5% | 4217s
Iter   860/2000 | return -3.2844 (avg20 -3.3793) | J_u 0.51631 (δ=0.448134) | λ 1.11348 | loss -130.7542 | entropy 5.201 | action 180.0±71.6W | OOD-action  38.0% | 4302s
Iter   880/2000 | return -3.1734 (avg20 -3.2646) | J_u 0.49980 (δ=0.448134) | λ 1.13549 | loss -125.7710 | entropy 5.199 | action 167.2±65.3W | OOD-action  44.5% | 4387s
Iter   900/2000 | return -3.3939 (avg20 -3.2717) | J_u 0.50781 (δ=0.448134) | λ 1.16054 | loss -140.3824 | entropy 5.198 | action 163.3±65.6W | OOD-action  44.3% | 4472s
Iter   920/2000 | return -3.2110 (avg20 -3.2615) | J_u 0.51735 (δ=0.448134) | λ 1.18638 | loss -137.6592 | entropy 5.195 | action 162.3±72.0W | OOD-action  46.9% | 4557s
Iter   940/2000 | return -3.1069 (avg20 -3.1486) | J_u 0.50456 (δ=0.448134) | λ 1.21155 | loss -129.6121 | entropy 5.194 | action 170.1±62.7W | OOD-action  40.9% | 4642s
Iter   960/2000 | return -3.3969 (avg20 -3.2577) | J_u 0.50010 (δ=0.448134) | λ 1.23314 | loss -138.9258 | entropy 5.191 | action 173.8±61.0W | OOD-action  34.6% | 4727s
Iter   980/2000 | return -3.1636 (avg20 -3.3216) | J_u 0.50106 (δ=0.448134) | λ 1.25200 | loss -132.5257 | entropy 5.190 | action 167.3±67.4W | OOD-action  45.6% | 4812s
Iter  1000/2000 | return -3.1922 (avg20 -3.1917) | J_u 0.50790 (δ=0.448134) | λ 1.28279 | loss -134.5674 | entropy 5.188 | action 177.3±69.7W | OOD-action  37.2% | 4897s
[agent] Checkpoint saved → online_RL_ucpg_v2/runs/gap_100-150_350-400_perturb0.2_bootstrap0.5_relative_epistemic/ucpg_iter01000.pt
[train] Plot saved → online_RL_ucpg_v2/runs/gap_100-150_350-400_perturb0.2_bootstrap0.5_relative_epistemic/return.png
[train] Plot saved → online_RL_ucpg_v2/runs/gap_100-150_350-400_perturb0.2_bootstrap0.5_relative_epistemic/j_u.png
[train] Plot saved → online_RL_ucpg_v2/runs/gap_100-150_350-400_perturb0.2_bootstrap0.5_relative_epistemic/lambda.png
[train] Plot saved → online_RL_ucpg_v2/runs/gap_100-150_350-400_perturb0.2_bootstrap0.5_relative_epistemic/loss.png
[train] Plot saved → online_RL_ucpg_v2/runs/gap_100-150_350-400_perturb0.2_bootstrap0.5_relative_epistemic/entropy.png
[train] Plot saved → online_RL_ucpg_v2/runs/gap_100-150_350-400_perturb0.2_bootstrap0.5_relative_epistemic/action_stats.png
[train] Plot saved → online_RL_ucpg_v2/runs/gap_100-150_350-400_perturb0.2_bootstrap0.5_relative_epistemic/ood_action_fraction.png
Iter  1020/2000 | return -3.2018 (avg20 -3.1778) | J_u 0.49117 (δ=0.448134) | λ 1.31407 | loss -136.1221 | entropy 5.186 | action 166.3±59.4W | OOD-action  43.2% | 4984s
Iter  1040/2000 | return -3.1582 (avg20 -3.1861) | J_u 0.50609 (δ=0.448134) | λ 1.33741 | loss -133.9724 | entropy 5.185 | action 176.9±65.3W | OOD-action  35.9% | 5069s
Iter  1060/2000 | return -3.2892 (avg20 -3.2883) | J_u 0.49757 (δ=0.448134) | λ 1.36469 | loss -139.9984 | entropy 5.183 | action 177.0±62.4W | OOD-action  35.4% | 5153s
Iter  1080/2000 | return -3.1272 (avg20 -3.1882) | J_u 0.51577 (δ=0.448134) | λ 1.38897 | loss -136.1056 | entropy 5.182 | action 173.6±63.0W | OOD-action  37.2% | 5238s
Iter  1100/2000 | return -3.2857 (avg20 -3.2677) | J_u 0.47871 (δ=0.448134) | λ 1.40881 | loss -139.0727 | entropy 5.180 | action 163.5±58.4W | OOD-action  41.7% | 5323s
Iter  1120/2000 | return -3.1494 (avg20 -3.3549) | J_u 0.49371 (δ=0.448134) | λ 1.42650 | loss -140.3539 | entropy 5.178 | action 166.7±60.7W | OOD-action  40.1% | 5408s
Iter  1140/2000 | return -3.1466 (avg20 -3.1562) | J_u 0.50556 (δ=0.448134) | λ 1.45076 | loss -141.8176 | entropy 5.176 | action 172.8±65.6W | OOD-action  39.6% | 5493s
Iter  1160/2000 | return -3.1336 (avg20 -3.1359) | J_u 0.51336 (δ=0.448134) | λ 1.47554 | loss -143.5418 | entropy 5.173 | action 161.9±65.9W | OOD-action  46.9% | 5577s
Iter  1180/2000 | return -4.1836 (avg20 -3.6818) | J_u 0.48037 (δ=0.448134) | λ 1.49861 | loss -177.6477 | entropy 5.171 | action 148.5±68.7W | OOD-action  58.9% | 5662s
Iter  1200/2000 | return -3.0775 (avg20 -3.2319) | J_u 0.52050 (δ=0.448134) | λ 1.51959 | loss -145.6839 | entropy 5.170 | action 175.3±70.7W | OOD-action  41.9% | 5747s
[agent] Checkpoint saved → online_RL_ucpg_v2/runs/gap_100-150_350-400_perturb0.2_bootstrap0.5_relative_epistemic/ucpg_iter01200.pt
[train] Plot saved → online_RL_ucpg_v2/runs/gap_100-150_350-400_perturb0.2_bootstrap0.5_relative_epistemic/return.png
[train] Plot saved → online_RL_ucpg_v2/runs/gap_100-150_350-400_perturb0.2_bootstrap0.5_relative_epistemic/j_u.png
[train] Plot saved → online_RL_ucpg_v2/runs/gap_100-150_350-400_perturb0.2_bootstrap0.5_relative_epistemic/lambda.png
[train] Plot saved → online_RL_ucpg_v2/runs/gap_100-150_350-400_perturb0.2_bootstrap0.5_relative_epistemic/loss.png
[train] Plot saved → online_RL_ucpg_v2/runs/gap_100-150_350-400_perturb0.2_bootstrap0.5_relative_epistemic/entropy.png
[train] Plot saved → online_RL_ucpg_v2/runs/gap_100-150_350-400_perturb0.2_bootstrap0.5_relative_epistemic/action_stats.png
[train] Plot saved → online_RL_ucpg_v2/runs/gap_100-150_350-400_perturb0.2_bootstrap0.5_relative_epistemic/ood_action_fraction.png
Iter  1220/2000 | return -3.3130 (avg20 -3.2097) | J_u 0.52414 (δ=0.448134) | λ 1.54925 | loss -145.1454 | entropy 5.169 | action 184.5±76.3W | OOD-action  37.5% | 5834s
Iter  1240/2000 | return -3.1510 (avg20 -3.2194) | J_u 0.52418 (δ=0.448134) | λ 1.58080 | loss -145.4434 | entropy 5.168 | action 178.8±68.7W | OOD-action  37.0% | 5919s
Iter  1260/2000 | return -3.2840 (avg20 -3.1665) | J_u 0.47832 (δ=0.448134) | λ 1.60579 | loss -146.1463 | entropy 5.167 | action 171.5±56.7W | OOD-action  33.3% | 6003s
Iter  1280/2000 | return -3.1850 (avg20 -3.1762) | J_u 0.48098 (δ=0.448134) | λ 1.62495 | loss -145.9685 | entropy 5.165 | action 166.9±60.0W | OOD-action  42.2% | 6088s
Iter  1300/2000 | return -3.1246 (avg20 -3.4201) | J_u 0.49256 (δ=0.448134) | λ 1.64024 | loss -143.2299 | entropy 5.163 | action 179.7±61.7W | OOD-action  32.6% | 6173s
Iter  1320/2000 | return -3.1288 (avg20 -3.1823) | J_u 0.49968 (δ=0.448134) | λ 1.66384 | loss -146.0025 | entropy 5.161 | action 175.9±66.2W | OOD-action  36.7% | 6258s
Iter  1340/2000 | return -3.1538 (avg20 -3.2049) | J_u 0.47236 (δ=0.448134) | λ 1.68091 | loss -145.1526 | entropy 5.159 | action 171.6±65.1W | OOD-action  42.2% | 6343s
Iter  1360/2000 | return -3.0817 (avg20 -3.1894) | J_u 0.49178 (δ=0.448134) | λ 1.70079 | loss -146.8217 | entropy 5.158 | action 171.2±67.0W | OOD-action  43.0% | 6428s
Iter  1380/2000 | return -3.2130 (avg20 -3.1751) | J_u 0.49715 (δ=0.448134) | λ 1.72188 | loss -152.8061 | entropy 5.156 | action 175.2±67.1W | OOD-action  39.6% | 6512s
[agent] Checkpoint saved → online_RL_ucpg_v2/runs/gap_100-150_350-400_perturb0.2_bootstrap0.5_relative_epistemic/ucpg_best.pt
Iter  1400/2000 | return -3.0891 (avg20 -3.1279) | J_u 0.49346 (δ=0.448134) | λ 1.74652 | loss -150.2715 | entropy 5.153 | action 168.9±67.5W | OOD-action  40.9% | 6597s
[agent] Checkpoint saved → online_RL_ucpg_v2/runs/gap_100-150_350-400_perturb0.2_bootstrap0.5_relative_epistemic/ucpg_iter01400.pt
[train] Plot saved → online_RL_ucpg_v2/runs/gap_100-150_350-400_perturb0.2_bootstrap0.5_relative_epistemic/return.png
[train] Plot saved → online_RL_ucpg_v2/runs/gap_100-150_350-400_perturb0.2_bootstrap0.5_relative_epistemic/j_u.png
[train] Plot saved → online_RL_ucpg_v2/runs/gap_100-150_350-400_perturb0.2_bootstrap0.5_relative_epistemic/lambda.png
[train] Plot saved → online_RL_ucpg_v2/runs/gap_100-150_350-400_perturb0.2_bootstrap0.5_relative_epistemic/loss.png
[train] Plot saved → online_RL_ucpg_v2/runs/gap_100-150_350-400_perturb0.2_bootstrap0.5_relative_epistemic/entropy.png
[train] Plot saved → online_RL_ucpg_v2/runs/gap_100-150_350-400_perturb0.2_bootstrap0.5_relative_epistemic/action_stats.png
[train] Plot saved → online_RL_ucpg_v2/runs/gap_100-150_350-400_perturb0.2_bootstrap0.5_relative_epistemic/ood_action_fraction.png
Iter  1420/2000 | return -2.9033 (avg20 -3.1220) | J_u 0.49780 (δ=0.448134) | λ 1.76651 | loss -142.9319 | entropy 5.151 | action 164.4±66.1W | OOD-action  47.4% | 6684s
[agent] Checkpoint saved → online_RL_ucpg_v2/runs/gap_100-150_350-400_perturb0.2_bootstrap0.5_relative_epistemic/ucpg_best.pt
Iter  1440/2000 | return -4.2496 (avg20 -3.4444) | J_u 0.47426 (δ=0.448134) | λ 1.78527 | loss -186.7374 | entropy 5.149 | action 143.1±59.8W | OOD-action  64.3% | 6769s
Iter  1460/2000 | return -3.1816 (avg20 -3.3821) | J_u 0.48903 (δ=0.448134) | λ 1.80114 | loss -150.4368 | entropy 5.148 | action 172.1±61.4W | OOD-action  39.3% | 6854s
Iter  1480/2000 | return -3.0452 (avg20 -3.3831) | J_u 0.50628 (δ=0.448134) | λ 1.81936 | loss -152.0751 | entropy 5.147 | action 174.1±68.5W | OOD-action  39.8% | 6939s
Iter  1500/2000 | return -3.1264 (avg20 -3.1174) | J_u 0.50598 (δ=0.448134) | λ 1.84512 | loss -158.6343 | entropy 5.147 | action 166.0±79.1W | OOD-action  51.8% | 7024s
Iter  1520/2000 | return -3.2549 (avg20 -3.2585) | J_u 0.48376 (δ=0.448134) | λ 1.86278 | loss -156.9897 | entropy 5.146 | action 175.0±63.3W | OOD-action  37.5% | 7109s
Iter  1540/2000 | return -3.2211 (avg20 -3.1264) | J_u 0.50880 (δ=0.448134) | λ 1.88665 | loss -155.8572 | entropy 5.144 | action 181.9±73.8W | OOD-action  40.4% | 7223s
Iter  1560/2000 | return -3.2391 (avg20 -3.2762) | J_u 0.51478 (δ=0.448134) | λ 1.91589 | loss -160.6144 | entropy 5.144 | action 182.4±74.3W | OOD-action  37.8% | 7337s
[agent] Checkpoint saved → online_RL_ucpg_v2/runs/gap_100-150_350-400_perturb0.2_bootstrap0.5_relative_epistemic/ucpg_best.pt
Iter  1580/2000 | return -3.2945 (avg20 -3.1241) | J_u 0.49344 (δ=0.448134) | λ 1.94022 | loss -167.4325 | entropy 5.142 | action 169.0±66.5W | OOD-action  44.0% | 7451s
Iter  1600/2000 | return -3.3645 (avg20 -3.1778) | J_u 0.53515 (δ=0.448134) | λ 1.96740 | loss -168.5487 | entropy 5.141 | action 178.4±80.3W | OOD-action  44.0% | 7564s
[agent] Checkpoint saved → online_RL_ucpg_v2/runs/gap_100-150_350-400_perturb0.2_bootstrap0.5_relative_epistemic/ucpg_iter01600.pt
[train] Plot saved → online_RL_ucpg_v2/runs/gap_100-150_350-400_perturb0.2_bootstrap0.5_relative_epistemic/return.png
[train] Plot saved → online_RL_ucpg_v2/runs/gap_100-150_350-400_perturb0.2_bootstrap0.5_relative_epistemic/j_u.png
[train] Plot saved → online_RL_ucpg_v2/runs/gap_100-150_350-400_perturb0.2_bootstrap0.5_relative_epistemic/lambda.png
[train] Plot saved → online_RL_ucpg_v2/runs/gap_100-150_350-400_perturb0.2_bootstrap0.5_relative_epistemic/loss.png
[train] Plot saved → online_RL_ucpg_v2/runs/gap_100-150_350-400_perturb0.2_bootstrap0.5_relative_epistemic/entropy.png
[train] Plot saved → online_RL_ucpg_v2/runs/gap_100-150_350-400_perturb0.2_bootstrap0.5_relative_epistemic/action_stats.png
[train] Plot saved → online_RL_ucpg_v2/runs/gap_100-150_350-400_perturb0.2_bootstrap0.5_relative_epistemic/ood_action_fraction.png
Iter  1620/2000 | return -3.4034 (avg20 -3.3795) | J_u 0.52180 (δ=0.448134) | λ 2.00673 | loss -171.6353 | entropy 5.141 | action 174.9±83.3W | OOD-action  51.8% | 7680s
Iter  1640/2000 | return -3.1725 (avg20 -3.2633) | J_u 0.49800 (δ=0.448134) | λ 2.03381 | loss -165.1461 | entropy 5.140 | action 176.2±69.1W | OOD-action  40.6% | 7793s
Iter  1660/2000 | return -3.3693 (avg20 -3.1923) | J_u 0.47015 (δ=0.448134) | λ 2.05899 | loss -162.5716 | entropy 5.139 | action 165.7±72.7W | OOD-action  53.1% | 7907s
Iter  1680/2000 | return -3.6407 (avg20 -3.6623) | J_u 0.51950 (δ=0.448134) | λ 2.08115 | loss -168.1778 | entropy 5.138 | action 184.7±101.0W | OOD-action  59.1% | 8021s
Iter  1700/2000 | return -3.1978 (avg20 -3.5074) | J_u 0.48366 (δ=0.448134) | λ 2.10790 | loss -158.0081 | entropy 5.137 | action 178.3±65.4W | OOD-action  37.5% | 8134s
Iter  1720/2000 | return -3.3177 (avg20 -3.2549) | J_u 0.50054 (δ=0.448134) | λ 2.13114 | loss -168.3850 | entropy 5.136 | action 180.0±73.6W | OOD-action  40.9% | 8248s
Iter  1740/2000 | return -3.5913 (avg20 -3.4057) | J_u 0.54161 (δ=0.448134) | λ 2.16424 | loss -181.3736 | entropy 5.135 | action 177.0±86.3W | OOD-action  49.2% | 8361s
Iter  1760/2000 | return -3.4609 (avg20 -3.6081) | J_u 0.49898 (δ=0.448134) | λ 2.19958 | loss -178.5686 | entropy 5.134 | action 168.9±71.0W | OOD-action  46.9% | 8475s
Iter  1780/2000 | return -3.9558 (avg20 -3.6087) | J_u 0.48637 (δ=0.448134) | λ 2.21317 | loss -179.2558 | entropy 5.132 | action 156.8±49.3W | OOD-action  43.2% | 8589s
Iter  1800/2000 | return -3.5392 (avg20 -3.7884) | J_u 0.48757 (δ=0.448134) | λ 2.22480 | loss -177.2941 | entropy 5.131 | action 169.9±54.8W | OOD-action  37.5% | 8702s
[agent] Checkpoint saved → online_RL_ucpg_v2/runs/gap_100-150_350-400_perturb0.2_bootstrap0.5_relative_epistemic/ucpg_iter01800.pt
[train] Plot saved → online_RL_ucpg_v2/runs/gap_100-150_350-400_perturb0.2_bootstrap0.5_relative_epistemic/return.png
[train] Plot saved → online_RL_ucpg_v2/runs/gap_100-150_350-400_perturb0.2_bootstrap0.5_relative_epistemic/j_u.png
[train] Plot saved → online_RL_ucpg_v2/runs/gap_100-150_350-400_perturb0.2_bootstrap0.5_relative_epistemic/lambda.png
[train] Plot saved → online_RL_ucpg_v2/runs/gap_100-150_350-400_perturb0.2_bootstrap0.5_relative_epistemic/loss.png
[train] Plot saved → online_RL_ucpg_v2/runs/gap_100-150_350-400_perturb0.2_bootstrap0.5_relative_epistemic/entropy.png
[train] Plot saved → online_RL_ucpg_v2/runs/gap_100-150_350-400_perturb0.2_bootstrap0.5_relative_epistemic/action_stats.png
[train] Plot saved → online_RL_ucpg_v2/runs/gap_100-150_350-400_perturb0.2_bootstrap0.5_relative_epistemic/ood_action_fraction.png
Iter  1820/2000 | return -3.3946 (avg20 -3.4797) | J_u 0.49951 (δ=0.448134) | λ 2.24516 | loss -172.9098 | entropy 5.130 | action 170.1±64.4W | OOD-action  39.1% | 8816s
Iter  1840/2000 | return -3.3505 (avg20 -3.4577) | J_u 0.51480 (δ=0.448134) | λ 2.26608 | loss -177.1915 | entropy 5.129 | action 171.9±62.8W | OOD-action  37.2% | 8901s
Iter  1860/2000 | return -3.4241 (avg20 -3.3600) | J_u 0.52157 (δ=0.448134) | λ 2.28659 | loss -183.2450 | entropy 5.127 | action 174.7±74.3W | OOD-action  39.6% | 8985s
Iter  1880/2000 | return -3.5852 (avg20 -3.5962) | J_u 0.52335 (δ=0.448134) | λ 2.32470 | loss -188.3405 | entropy 5.126 | action 178.6±77.0W | OOD-action  40.6% | 9070s
Iter  1900/2000 | return -3.3791 (avg20 -3.3734) | J_u 0.48138 (δ=0.448134) | λ 2.34812 | loss -172.3062 | entropy 5.125 | action 164.3±55.8W | OOD-action  38.5% | 9154s
Iter  1920/2000 | return -3.1777 (avg20 -3.3894) | J_u 0.49518 (δ=0.448134) | λ 2.36651 | loss -170.2211 | entropy 5.123 | action 164.7±63.1W | OOD-action  41.9% | 9239s
Iter  1940/2000 | return -3.4887 (avg20 -3.3360) | J_u 0.53111 (δ=0.448134) | λ 2.39604 | loss -189.2557 | entropy 5.121 | action 185.2±75.4W | OOD-action  35.7% | 9323s
Iter  1960/2000 | return -3.6275 (avg20 -3.5646) | J_u 0.53382 (δ=0.448134) | λ 2.43294 | loss -196.8546 | entropy 5.119 | action 179.3±80.7W | OOD-action  44.0% | 9408s
Iter  1980/2000 | return -3.2091 (avg20 -3.3155) | J_u 0.49104 (δ=0.448134) | λ 2.46196 | loss -176.0340 | entropy 5.118 | action 167.9±61.9W | OOD-action  42.4% | 9492s
Iter  2000/2000 | return -3.1408 (avg20 -3.2355) | J_u 0.50298 (δ=0.448134) | λ 2.48638 | loss -179.2903 | entropy 5.117 | action 167.9±65.2W | OOD-action  45.6% | 9577s
[agent] Checkpoint saved → online_RL_ucpg_v2/runs/gap_100-150_350-400_perturb0.2_bootstrap0.5_relative_epistemic/ucpg_iter02000.pt
[train] Plot saved → online_RL_ucpg_v2/runs/gap_100-150_350-400_perturb0.2_bootstrap0.5_relative_epistemic/return.png
[train] Plot saved → online_RL_ucpg_v2/runs/gap_100-150_350-400_perturb0.2_bootstrap0.5_relative_epistemic/j_u.png
[train] Plot saved → online_RL_ucpg_v2/runs/gap_100-150_350-400_perturb0.2_bootstrap0.5_relative_epistemic/lambda.png
[train] Plot saved → online_RL_ucpg_v2/runs/gap_100-150_350-400_perturb0.2_bootstrap0.5_relative_epistemic/loss.png
[train] Plot saved → online_RL_ucpg_v2/runs/gap_100-150_350-400_perturb0.2_bootstrap0.5_relative_epistemic/entropy.png
[train] Plot saved → online_RL_ucpg_v2/runs/gap_100-150_350-400_perturb0.2_bootstrap0.5_relative_epistemic/action_stats.png
[train] Plot saved → online_RL_ucpg_v2/runs/gap_100-150_350-400_perturb0.2_bootstrap0.5_relative_epistemic/ood_action_fraction.png
[agent] Checkpoint saved → online_RL_ucpg_v2/runs/gap_100-150_350-400_perturb0.2_bootstrap0.5_relative_epistemic/ucpg_final.pt
[train] Plot saved → online_RL_ucpg_v2/runs/gap_100-150_350-400_perturb0.2_bootstrap0.5_relative_epistemic/return.png
[train] Plot saved → online_RL_ucpg_v2/runs/gap_100-150_350-400_perturb0.2_bootstrap0.5_relative_epistemic/j_u.png
[train] Plot saved → online_RL_ucpg_v2/runs/gap_100-150_350-400_perturb0.2_bootstrap0.5_relative_epistemic/lambda.png
[train] Plot saved → online_RL_ucpg_v2/runs/gap_100-150_350-400_perturb0.2_bootstrap0.5_relative_epistemic/loss.png
[train] Plot saved → online_RL_ucpg_v2/runs/gap_100-150_350-400_perturb0.2_bootstrap0.5_relative_epistemic/entropy.png
[train] Plot saved → online_RL_ucpg_v2/runs/gap_100-150_350-400_perturb0.2_bootstrap0.5_relative_epistemic/action_stats.png
[train] Plot saved → online_RL_ucpg_v2/runs/gap_100-150_350-400_perturb0.2_bootstrap0.5_relative_epistemic/ood_action_fraction.png

=================================================================
[train] Training complete in 159.7 min
[train] Best undiscounted return : -2.8299
[train] Final J_u_hat / delta     : 0.50298 / 0.448134
[train] Final lambda              : 2.48638
[train] Final action              : 167.9 ± 65.2 W
[train] Best checkpoint  : online_RL_ucpg_v2/runs/gap_100-150_350-400_perturb0.2_bootstrap0.5_relative_epistemic/ucpg_best.pt
[train] Final checkpoint : online_RL_ucpg_v2/runs/gap_100-150_350-400_perturb0.2_bootstrap0.5_relative_epistemic/ucpg_final.pt
=================================================================
=== [6/7] Aggregate — SURROGATE-driven leaderboard (naive_pg vs. UCPG) ===
======================================================================
  Baselines — Aggregated Evaluation
======================================================================
  Surrogate (shared environment) : surrogate_model_v3/runs/gap_100-150_350-400_perturb0.2_bootstrap0.5/surrogate_best.pt
  Episodes/method                : 50
======================================================================
[TwoStageLatentLPBFEnv] Mesh loaded: 1053 nodes  X∈[0.00, 12.00]  Y∈[0.00, 3.00]
[agent] Loaded checkpoint from baselines/naive_pg/runs/gap_100-150_350-400_perturb0.2_bootstrap0.5/naive_pg_best.pt  (lambda=0.00000)
[eval_harness] Saved → baselines/results_gap_100-150_350-400_perturb0.2_bootstrap0.5/per_layer_0_naive_pg.png
[agent] Loaded checkpoint from online_RL_ucpg_v2/runs/gap_100-150_350-400_perturb0.2_bootstrap0.5_relative_epistemic/ucpg_best.pt  (lambda=1.93274)
[eval_harness] Saved → baselines/results_gap_100-150_350-400_perturb0.2_bootstrap0.5/per_layer_ucpg_v2_ours.png

Method                     Return (mean±std)   Uncertainty     Action (mean±std)
--------------------------------------------------------------------------------
UCPG v2 (ours)          -2.3620 ± 0.2554        0.39301     171.2 ± 47.5   
0. Naive PG             -2.3980 ± 0.3031        0.39218     169.8 ± 46.3   
[eval_harness] Saved → baselines/results_gap_100-150_350-400_perturb0.2_bootstrap0.5/leaderboard.csv
[eval_harness] Saved → baselines/results_gap_100-150_350-400_perturb0.2_bootstrap0.5/leaderboard.png
=== [7/7] Aggregate — REAL PHYSICS leaderboard (naive_pg vs. UCPG) ===
======================================================================
  All-Methods REAL PHYSICS Evaluation (simulateHeatingCooling_v2.m)
======================================================================
  Surrogate (norm stats only) : surrogate_model_v3/runs/gap_100-150_350-400_perturb0.2_bootstrap0.5/surrogate_best.pt
  Episodes/method              : 1
======================================================================
  Scratch dir : /tmp/real_eval_all_tz1mk2tr

=== Naive PG ===
[agent] Loaded checkpoint from baselines/naive_pg/runs/gap_100-150_350-400_perturb0.2_bootstrap0.5/naive_pg_best.pt  (lambda=0.00000)
    [0. Naive PG] episode 1/1  (cool_time=0.100s)
[evaluate_real] Mesh consistency check passed (matches surrogate_model/mesh.mat).
      layer  1/12  LP= 291.10W  reward=-1.0026  (17s)
      layer  2/12  LP= 160.55W  reward=-0.3752  (14s)
      layer  3/12  LP= 133.36W  reward=-0.2259  (14s)
      layer  4/12  LP= 141.94W  reward=-0.2980  (14s)
      layer  5/12  LP= 123.61W  reward=-0.1984  (14s)
      layer  6/12  LP= 102.13W  reward=-0.0862  (14s)
      layer  7/12  LP= 104.35W  reward=-0.1060  (14s)
      layer  8/12  LP= 108.52W  reward=-0.1484  (14s)
      layer  9/12  LP= 112.76W  reward=-0.1941  (14s)
      layer 10/12  LP= 115.52W  reward=-0.3120  (14s)
      layer 11/12  LP= 119.97W  reward=-0.4564  (14s)
      layer 12/12  LP= 126.18W  reward=-0.6113  (14s)
      → episode return: -4.0147
[eval_harness] Saved → baselines/results_gap_100-150_350-400_perturb0.2_bootstrap0.5_real/per_layer_real_0_naive_pg.png
  [0. Naive PG] done in 2.8 min

=== UCPG v2 (ours) ===
[agent] Loaded checkpoint from online_RL_ucpg_v2/runs/gap_100-150_350-400_perturb0.2_bootstrap0.5_relative_epistemic/ucpg_best.pt  (lambda=1.93274)
    [UCPG v2 (ours)] episode 1/1  (cool_time=0.100s)
[evaluate_real] Mesh consistency check passed (matches surrogate_model/mesh.mat).
      layer  1/12  LP= 287.05W  reward=-0.9680  (14s)
      layer  2/12  LP= 173.47W  reward=-0.4744  (14s)
      layer  3/12  LP= 144.27W  reward=-0.3188  (14s)
      layer  4/12  LP= 142.97W  reward=-0.3302  (14s)
      layer  5/12  LP= 106.17W  reward=-0.1109  (14s)
      layer  6/12  LP= 104.23W  reward=-0.0872  (14s)
      layer  7/12  LP= 107.14W  reward=-0.1229  (14s)
      layer  8/12  LP= 110.57W  reward=-0.1698  (14s)
      layer  9/12  LP= 113.06W  reward=-0.2009  (14s)
      layer 10/12  LP= 114.65W  reward=-0.3087  (14s)
      layer 11/12  LP= 117.27W  reward=-0.4252  (14s)
      layer 12/12  LP= 121.03W  reward=-0.5389  (14s)
      → episode return: -4.0559
[eval_harness] Saved → baselines/results_gap_100-150_350-400_perturb0.2_bootstrap0.5_real/per_layer_real_ucpg_v2_ours.png
  [UCPG v2 (ours)] done in 2.8 min


Method                     Return (mean±std)   Uncertainty     Action (mean±std)
--------------------------------------------------------------------------------
0. Naive PG             -4.0147 ± 0.0000        0.00000     136.7 ± 49.2   
UCPG v2 (ours)          -4.0559 ± 0.0000        0.00000     136.8 ± 49.4   
[eval_harness] Saved → baselines/results_gap_100-150_350-400_perturb0.2_bootstrap0.5_real/leaderboard_real.csv
[eval_harness] Saved → baselines/results_gap_100-150_350-400_perturb0.2_bootstrap0.5_real/leaderboard_real.png
============================================================
Finished : Tue Sep 29 09:51:36 EDT 2026  (exit code: 0)
Surrogate checkpoint      : surrogate_model_v3/runs/gap_100-150_350-400_perturb0.2_bootstrap0.5/surrogate_best.pt
Surrogate eval plots      : surrogate_model_v3/runs/gap_100-150_350-400_perturb0.2_bootstrap0.5/  (evaluate.py) and alongside checkpoint (evaluate_ood.py)
Delta calibration         : online_RL_ucpg_v2/runs/gap_100-150_350-400_perturb0.2_bootstrap0.5_delta_calib_epistemic/delta_calibration.json / .png  (delta=0.448134)
Naive PG / UCPG checkpts  : baselines/naive_pg/runs/gap_100-150_350-400_perturb0.2_bootstrap0.5/naive_pg_best.pt , online_RL_ucpg_v2/runs/gap_100-150_350-400_perturb0.2_bootstrap0.5_relative_epistemic/ucpg_best.pt
Surrogate leaderboard     : baselines/results_gap_100-150_350-400_perturb0.2_bootstrap0.5/leaderboard.png / .csv
Real-physics leaderboard  : baselines/results_gap_100-150_350-400_perturb0.2_bootstrap0.5_real/leaderboard_real.png / .csv
============================================================
