============================================================
Job ID   : 62270987
Node     : gl1013
Started  : Mon Sep 28 19:52:22 EDT 2026
============================================================
Python : /home/xysong/.conda/envs/RL/bin/python
Torch  : 2.5.1+cu121
CUDA   : True
MATLAB : /sw/pkgs/arc/matlab/R2024b/bin/matlab
============================================================
=== [0/7] Train surrogate_model_v3 on gapped islands 100-150,300-350 ===
[train] Output dir : surrogate_model_v3/runs/gap_100-150_300-350
[train] Device     : cuda
[dataset] Loaded 5000 trajectories × 12 layers from DatasetV2_layer_12_samples_5000.pkl
[dataset] Split → train 4000 | val 500 | test 500
[dataset] State mean ∈ [164.2, 2761.5], std ∈ [31.5926, 1672.6]
[dataset] Laser power mean = 249.87 W, std = 89.44 W
[dataset] Cool time    mean = 0.1005 s, std = 0.0314 s
[dataset] ROI weight table: (12, 1053), range [0.801, 4.219]
[train] ROI weights loaded from mesh: /nfs/turbo/coe-sunwbgt/xysong/Offline-RL-Controller-in-AM/surrogate_model/mesh.mat
[train] LP filter (gapped) active: [100.0, 150.0], [300.0, 350.0] W
[TwoStageSurrogateDataset] lp_filter=[100.0, 150.0], [300.0, 350.0]W kept 18,518/48,000 transitions
[dataset] Bootstrap masks: (18518, 5), resample_frac=1.0, ~36.8% of (sample, member) pairs unseen (expected ≈ 36.8%)
[TwoStageSurrogateDataset] 18,518 transitions, state_dim=1053, layers 0–11, bootstrap K=5 (transition-level resampling)
[TwoStageSurrogateDataset] lp_filter=[100.0, 150.0], [300.0, 350.0]W kept 2,368/6,000 transitions
[dataset] Bootstrap masks: (2368, 5), resample_frac=1.0, ~36.7% of (sample, member) pairs unseen (expected ≈ 36.8%)
[TwoStageSurrogateDataset] 2,368 transitions, state_dim=1053, layers 0–11, bootstrap K=5 (transition-level resampling)
[train] TwoStageSurrogate(state=1053, lp_dim=1, cool_dim=1, K=5, n_layers=12, embed=8, rank=0 | heat×5=2,554,020  cool×5=2,554,020 | total=5,108,040)

[train] Starting training for up to 500 epochs (patience=30)
[train] Weights   → recon_heat=1.0  nll_heat=0.1  recon_cool=1.0  nll_cool=0.1
[train] Ensemble  → K=5 members, bootstrap_seed=42, bootstrap_frac=1.0
--------------------------------------------------------------------------------
Epoch    1/500 | train -0.21498 [rh=0.0725 nh=-2.0044 rc=0.0239 nc=-1.1094] | val -0.34470 | lr 1.00e-03 |    7.7s ✓ best
Epoch    2/500 | train -0.40272 [rh=0.0149 nh=-2.6586 rc=0.0060 nc=-1.5778] | val -0.41013 | lr 1.00e-03 |   13.7s ✓ best
Epoch    3/500 | train -0.48038 [rh=0.0031 nh=-3.0670 rc=0.0038 nc=-1.8062] | val -0.45913 | lr 1.00e-03 |   19.2s ✓ best
Epoch    4/500 | train -0.50430 [rh=0.0021 nh=-3.2146 rc=0.0031 nc=-1.8810] | val -0.52451 | lr 1.00e-03 |   24.8s ✓ best
Epoch    5/500 | train -0.54693 [rh=0.0017 nh=-3.3045 rc=0.0019 nc=-2.2002] | val -0.57443 | lr 1.00e-03 |   31.1s ✓ best
Epoch    6/500 | train -0.57035 [rh=0.0012 nh=-3.4148 rc=0.0015 nc=-2.3152] | val -0.58380 | lr 1.00e-03 |   37.6s ✓ best
Epoch    7/500 | train -0.58249 [rh=0.0010 nh=-3.5059 rc=0.0014 nc=-2.3431] | val -0.58983 | lr 1.00e-03 |   43.8s ✓ best
Epoch    8/500 | train -0.60449 [rh=0.0009 nh=-3.5440 rc=0.0009 nc=-2.5191] | val -0.61838 | lr 9.99e-04 |   49.8s ✓ best
Epoch    9/500 | train -0.62035 [rh=0.0009 nh=-3.5912 rc=0.0008 nc=-2.6294] | val -0.60872 | lr 9.99e-04 |   55.1s (no improvement 1/30)
Epoch   10/500 | train -0.62760 [rh=0.0006 nh=-3.6752 rc=0.0010 nc=-2.6176] | val -0.61469 | lr 9.99e-04 |   60.5s (no improvement 2/30)
Epoch   11/500 | train -0.63139 [rh=0.0006 nh=-3.7357 rc=0.0013 nc=-2.5979] | val -0.58685 | lr 9.99e-04 |   65.8s (no improvement 3/30)
Epoch   12/500 | train -0.64016 [rh=0.0008 nh=-3.7006 rc=0.0007 nc=-2.7162] | val -0.67654 | lr 9.99e-04 |   71.3s ✓ best
Epoch   13/500 | train -0.66327 [rh=0.0005 nh=-3.8452 rc=0.0005 nc=-2.7983] | val -0.68253 | lr 9.98e-04 |   77.2s ✓ best
Epoch   14/500 | train -0.66020 [rh=0.0005 nh=-3.8610 rc=0.0006 nc=-2.7521] | val -0.67189 | lr 9.98e-04 |   82.6s (no improvement 1/30)
Epoch   15/500 | train -0.68084 [rh=0.0005 nh=-3.8866 rc=0.0004 nc=-2.9310] | val -0.65009 | lr 9.98e-04 |   87.9s (no improvement 2/30)
Epoch   16/500 | train -0.68281 [rh=0.0006 nh=-3.8526 rc=0.0004 nc=-2.9851] | val -0.69102 | lr 9.98e-04 |   93.7s ✓ best
Epoch   17/500 | train -0.68804 [rh=0.0004 nh=-3.9980 rc=0.0006 nc=-2.8922] | val -0.69710 | lr 9.97e-04 |   99.2s ✓ best
Epoch   18/500 | train -0.70267 [rh=0.0004 nh=-3.9936 rc=0.0003 nc=-3.0406] | val -0.66803 | lr 9.97e-04 |  104.8s (no improvement 1/30)
Epoch   19/500 | train -0.70699 [rh=0.0003 nh=-4.0514 rc=0.0003 nc=-3.0253] | val -0.70753 | lr 9.96e-04 |  110.4s ✓ best
Epoch   20/500 | train -0.70573 [rh=0.0004 nh=-4.0433 rc=0.0004 nc=-3.0213] | val -0.68945 | lr 9.96e-04 |  115.7s (no improvement 1/30)
Epoch   21/500 | train -0.72048 [rh=0.0003 nh=-4.1089 rc=0.0003 nc=-3.1018] | val -0.74614 | lr 9.96e-04 |  122.1s ✓ best
Epoch   22/500 | train -0.72477 [rh=0.0003 nh=-4.1602 rc=0.0003 nc=-3.0932] | val -0.73947 | lr 9.95e-04 |  128.2s (no improvement 1/30)
Epoch   23/500 | train -0.72908 [rh=0.0003 nh=-4.1817 rc=0.0003 nc=-3.1147] | val -0.71369 | lr 9.95e-04 |  134.5s (no improvement 2/30)
Epoch   24/500 | train -0.73377 [rh=0.0003 nh=-4.1772 rc=0.0003 nc=-3.1660] | val -0.68281 | lr 9.94e-04 |  140.0s (no improvement 3/30)
Epoch   25/500 | train -0.72570 [rh=0.0003 nh=-4.1068 rc=0.0003 nc=-3.1563] | val -0.74738 | lr 9.94e-04 |  146.1s ✓ best
Epoch   26/500 | train -0.73885 [rh=0.0004 nh=-4.2465 rc=0.0003 nc=-3.1482] | val -0.74445 | lr 9.93e-04 |  151.5s (no improvement 1/30)
Epoch   27/500 | train -0.74727 [rh=0.0003 nh=-4.2538 rc=0.0002 nc=-3.2240] | val -0.75481 | lr 9.93e-04 |  157.9s ✓ best
Epoch   28/500 | train -0.74648 [rh=0.0003 nh=-4.2719 rc=0.0002 nc=-3.1981] | val -0.69960 | lr 9.92e-04 |  164.0s (no improvement 1/30)
Epoch   29/500 | train -0.75002 [rh=0.0002 nh=-4.3042 rc=0.0002 nc=-3.2007] | val -0.77223 | lr 9.92e-04 |  170.4s ✓ best
Epoch   30/500 | train -0.75889 [rh=0.0002 nh=-4.3463 rc=0.0002 nc=-3.2471] | val -0.75105 | lr 9.91e-04 |  176.8s (no improvement 1/30)
Epoch   31/500 | train -0.75375 [rh=0.0002 nh=-4.2926 rc=0.0002 nc=-3.2491] | val -0.77328 | lr 9.91e-04 |  182.8s ✓ best
Epoch   32/500 | train -0.76603 [rh=0.0002 nh=-4.4053 rc=0.0002 nc=-3.2595] | val -0.74085 | lr 9.90e-04 |  189.0s (no improvement 1/30)
Epoch   33/500 | train -0.75334 [rh=0.0004 nh=-4.2649 rc=0.0002 nc=-3.2745] | val -0.76245 | lr 9.89e-04 |  195.1s (no improvement 2/30)
Epoch   34/500 | train -0.77326 [rh=0.0002 nh=-4.4152 rc=0.0002 nc=-3.3213] | val -0.74446 | lr 9.89e-04 |  201.2s (no improvement 3/30)
Epoch   35/500 | train -0.77749 [rh=0.0002 nh=-4.4631 rc=0.0002 nc=-3.3156] | val -0.76133 | lr 9.88e-04 |  207.1s (no improvement 4/30)
Epoch   36/500 | train -0.76553 [rh=0.0004 nh=-4.3168 rc=0.0002 nc=-3.3438] | val -0.78967 | lr 9.87e-04 |  212.7s ✓ best
Epoch   37/500 | train -0.77864 [rh=0.0002 nh=-4.4779 rc=0.0002 nc=-3.3122] | val -0.77100 | lr 9.87e-04 |  218.1s (no improvement 1/30)
Epoch   38/500 | train -0.78509 [rh=0.0002 nh=-4.4559 rc=0.0002 nc=-3.3986] | val -0.77293 | lr 9.86e-04 |  223.4s (no improvement 2/30)
Epoch   39/500 | train -0.77249 [rh=0.0003 nh=-4.4329 rc=0.0002 nc=-3.2969] | val -0.79001 | lr 9.85e-04 |  228.8s ✓ best
Epoch   40/500 | train -0.78446 [rh=0.0002 nh=-4.5751 rc=0.0002 nc=-3.2736] | val -0.76803 | lr 9.84e-04 |  234.7s (no improvement 1/30)
Epoch   41/500 | train -0.77991 [rh=0.0002 nh=-4.4148 rc=0.0002 nc=-3.3883] | val -0.82542 | lr 9.84e-04 |  240.2s ✓ best
Epoch   42/500 | train -0.79609 [rh=0.0002 nh=-4.5340 rc=0.0002 nc=-3.4301] | val -0.77110 | lr 9.83e-04 |  245.5s (no improvement 1/30)
Epoch   43/500 | train -0.79966 [rh=0.0002 nh=-4.5912 rc=0.0002 nc=-3.4088] | val -0.80376 | lr 9.82e-04 |  251.3s (no improvement 2/30)
Epoch   44/500 | train -0.80348 [rh=0.0001 nh=-4.6139 rc=0.0002 nc=-3.4239] | val -0.79633 | lr 9.81e-04 |  256.6s (no improvement 3/30)
Epoch   45/500 | train -0.79222 [rh=0.0002 nh=-4.5122 rc=0.0002 nc=-3.4133] | val -0.78471 | lr 9.80e-04 |  262.0s (no improvement 4/30)
Epoch   46/500 | train -0.80380 [rh=0.0002 nh=-4.5517 rc=0.0001 nc=-3.4899] | val -0.80907 | lr 9.79e-04 |  267.3s (no improvement 5/30)
Epoch   47/500 | train -0.81375 [rh=0.0001 nh=-4.6841 rc=0.0001 nc=-3.4562] | val -0.81263 | lr 9.79e-04 |  272.6s (no improvement 6/30)
Epoch   48/500 | train -0.79702 [rh=0.0002 nh=-4.5791 rc=0.0002 nc=-3.3945] | val -0.79781 | lr 9.78e-04 |  277.9s (no improvement 7/30)
Epoch   49/500 | train -0.80020 [rh=0.0002 nh=-4.6233 rc=0.0002 nc=-3.3824] | val -0.80653 | lr 9.77e-04 |  283.4s (no improvement 8/30)
Epoch   50/500 | train -0.81009 [rh=0.0002 nh=-4.5969 rc=0.0001 nc=-3.5071] | val -0.80289 | lr 9.76e-04 |  288.8s (no improvement 9/30)
Epoch   51/500 | train -0.79130 [rh=0.0002 nh=-4.5132 rc=0.0002 nc=-3.4038] | val -0.80785 | lr 9.75e-04 |  294.2s (no improvement 10/30)
Epoch   52/500 | train -0.81139 [rh=0.0002 nh=-4.6326 rc=0.0001 nc=-3.4844] | val -0.79099 | lr 9.74e-04 |  299.5s (no improvement 11/30)
Epoch   53/500 | train -0.81141 [rh=0.0001 nh=-4.6839 rc=0.0002 nc=-3.4333] | val -0.82883 | lr 9.73e-04 |  305.0s ✓ best
Epoch   54/500 | train -0.81091 [rh=0.0002 nh=-4.6236 rc=0.0001 nc=-3.4888] | val -0.81877 | lr 9.72e-04 |  310.4s (no improvement 1/30)
Epoch   55/500 | train -0.81916 [rh=0.0001 nh=-4.6876 rc=0.0001 nc=-3.5068] | val -0.83677 | lr 9.71e-04 |  316.1s ✓ best
Epoch   56/500 | train -0.82437 [rh=0.0002 nh=-4.7212 rc=0.0001 nc=-3.5256] | val -0.84599 | lr 9.70e-04 |  321.7s ✓ best
Epoch   57/500 | train -0.82327 [rh=0.0001 nh=-4.7272 rc=0.0001 nc=-3.5081] | val -0.77913 | lr 9.69e-04 |  327.0s (no improvement 1/30)
Epoch   58/500 | train -0.83084 [rh=0.0001 nh=-4.7799 rc=0.0001 nc=-3.5310] | val -0.80673 | lr 9.67e-04 |  332.9s (no improvement 2/30)
Epoch   59/500 | train -0.83191 [rh=0.0001 nh=-4.7606 rc=0.0001 nc=-3.5609] | val -0.84022 | lr 9.66e-04 |  338.3s (no improvement 3/30)
Epoch   60/500 | train -0.82343 [rh=0.0001 nh=-4.6908 rc=0.0001 nc=-3.5462] | val -0.83243 | lr 9.65e-04 |  343.8s (no improvement 4/30)
Epoch   61/500 | train -0.83389 [rh=0.0001 nh=-4.7671 rc=0.0001 nc=-3.5743] | val -0.84287 | lr 9.64e-04 |  349.7s (no improvement 5/30)
Epoch   62/500 | train -0.83730 [rh=0.0001 nh=-4.7599 rc=0.0001 nc=-3.6155] | val -0.85531 | lr 9.63e-04 |  355.6s ✓ best
Epoch   63/500 | train -0.83582 [rh=0.0001 nh=-4.8121 rc=0.0001 nc=-3.5486] | val -0.82761 | lr 9.62e-04 |  360.9s (no improvement 1/30)
Epoch   64/500 | train -0.84487 [rh=0.0001 nh=-4.7968 rc=0.0001 nc=-3.6543] | val -0.84166 | lr 9.61e-04 |  366.2s (no improvement 2/30)
Epoch   65/500 | train -0.84344 [rh=0.0001 nh=-4.8351 rc=0.0001 nc=-3.6014] | val -0.82630 | lr 9.59e-04 |  371.6s (no improvement 3/30)
Epoch   66/500 | train -0.84105 [rh=0.0001 nh=-4.8321 rc=0.0001 nc=-3.5806] | val -0.83518 | lr 9.58e-04 |  377.3s (no improvement 4/30)
Epoch   67/500 | train -0.85004 [rh=0.0001 nh=-4.8326 rc=0.0001 nc=-3.6701] | val -0.86893 | lr 9.57e-04 |  383.6s ✓ best
Epoch   68/500 | train -0.83251 [rh=0.0002 nh=-4.7008 rc=0.0001 nc=-3.6270] | val -0.84621 | lr 9.56e-04 |  389.4s (no improvement 1/30)
Epoch   69/500 | train -0.84339 [rh=0.0001 nh=-4.8216 rc=0.0001 nc=-3.6148] | val -0.81353 | lr 9.54e-04 |  394.8s (no improvement 2/30)
Epoch   70/500 | train -0.85402 [rh=0.0001 nh=-4.8717 rc=0.0001 nc=-3.6706] | val -0.86132 | lr 9.53e-04 |  400.7s (no improvement 3/30)
Epoch   71/500 | train -0.85005 [rh=0.0001 nh=-4.8319 rc=0.0001 nc=-3.6707] | val -0.86760 | lr 9.52e-04 |  406.6s (no improvement 4/30)
Epoch   72/500 | train -0.85363 [rh=0.0001 nh=-4.8746 rc=0.0001 nc=-3.6638] | val -0.87328 | lr 9.50e-04 |  412.0s ✓ best
Epoch   73/500 | train -0.85950 [rh=0.0001 nh=-4.8715 rc=0.0001 nc=-3.7254] | val -0.83037 | lr 9.49e-04 |  417.4s (no improvement 1/30)
Epoch   74/500 | train -0.84281 [rh=0.0001 nh=-4.7777 rc=0.0001 nc=-3.6527] | val -0.88619 | lr 9.47e-04 |  423.0s ✓ best
Epoch   75/500 | train -0.85533 [rh=0.0001 nh=-4.9076 rc=0.0001 nc=-3.6478] | val -0.87060 | lr 9.46e-04 |  428.3s (no improvement 1/30)
Epoch   76/500 | train -0.86464 [rh=0.0001 nh=-4.9113 rc=0.0001 nc=-3.7371] | val -0.86921 | lr 9.45e-04 |  434.1s (no improvement 2/30)
Epoch   77/500 | train -0.85314 [rh=0.0001 nh=-4.9146 rc=0.0001 nc=-3.6189] | val -0.83884 | lr 9.43e-04 |  439.5s (no improvement 3/30)
Epoch   78/500 | train -0.86053 [rh=0.0001 nh=-4.8784 rc=0.0001 nc=-3.7289] | val -0.80868 | lr 9.42e-04 |  444.8s (no improvement 4/30)
Epoch   79/500 | train -0.86413 [rh=0.0001 nh=-4.9261 rc=0.0001 nc=-3.7172] | val -0.85730 | lr 9.40e-04 |  450.2s (no improvement 5/30)
Epoch   80/500 | train -0.85571 [rh=0.0001 nh=-4.8594 rc=0.0001 nc=-3.7000] | val -0.84191 | lr 9.39e-04 |  456.3s (no improvement 6/30)
Epoch   81/500 | train -0.87570 [rh=0.0001 nh=-4.9638 rc=0.0001 nc=-3.7949] | val -0.85293 | lr 9.37e-04 |  462.1s (no improvement 7/30)
Epoch   82/500 | train -0.85330 [rh=0.0001 nh=-4.8551 rc=0.0001 nc=-3.6798] | val -0.85669 | lr 9.36e-04 |  467.5s (no improvement 8/30)
Epoch   83/500 | train -0.87838 [rh=0.0001 nh=-4.9625 rc=0.0001 nc=-3.8229] | val -0.87956 | lr 9.34e-04 |  472.8s (no improvement 9/30)
Epoch   84/500 | train -0.87337 [rh=0.0001 nh=-4.9657 rc=0.0001 nc=-3.7698] | val -0.88035 | lr 9.33e-04 |  478.1s (no improvement 10/30)
Epoch   85/500 | train -0.87646 [rh=0.0001 nh=-4.9980 rc=0.0001 nc=-3.7684] | val -0.87468 | lr 9.31e-04 |  483.5s (no improvement 11/30)
Epoch   86/500 | train -0.86385 [rh=0.0001 nh=-4.9126 rc=0.0001 nc=-3.7279] | val -0.82377 | lr 9.29e-04 |  488.8s (no improvement 12/30)
Epoch   87/500 | train -0.87373 [rh=0.0001 nh=-4.9368 rc=0.0001 nc=-3.8024] | val -0.89242 | lr 9.28e-04 |  494.3s ✓ best
Epoch   88/500 | train -0.87517 [rh=0.0001 nh=-4.9568 rc=0.0001 nc=-3.7965] | val -0.89206 | lr 9.26e-04 |  500.2s (no improvement 1/30)
Epoch   89/500 | train -0.86974 [rh=0.0001 nh=-4.9491 rc=0.0001 nc=-3.7502] | val -0.80898 | lr 9.25e-04 |  506.4s (no improvement 2/30)
Epoch   90/500 | train -0.88211 [rh=0.0001 nh=-4.9836 rc=0.0001 nc=-3.8393] | val -0.85988 | lr 9.23e-04 |  512.5s (no improvement 3/30)
Epoch   91/500 | train -0.87467 [rh=0.0001 nh=-4.9700 rc=0.0001 nc=-3.7787] | val -0.87195 | lr 9.21e-04 |  518.6s (no improvement 4/30)
Epoch   92/500 | train -0.87341 [rh=0.0001 nh=-4.9321 rc=0.0001 nc=-3.8037] | val -0.87179 | lr 9.20e-04 |  525.0s (no improvement 5/30)
Epoch   93/500 | train -0.88144 [rh=0.0001 nh=-5.0045 rc=0.0001 nc=-3.8115] | val -0.89482 | lr 9.18e-04 |  530.6s ✓ best
Epoch   94/500 | train -0.87822 [rh=0.0001 nh=-4.9090 rc=0.0001 nc=-3.8748] | val -0.84476 | lr 9.16e-04 |  536.0s (no improvement 1/30)
Epoch   95/500 | train -0.89014 [rh=0.0001 nh=-5.0320 rc=0.0001 nc=-3.8709] | val -0.90758 | lr 9.14e-04 |  541.4s ✓ best
Epoch   96/500 | train -0.88345 [rh=0.0001 nh=-5.0256 rc=0.0001 nc=-3.8107] | val -0.87566 | lr 9.13e-04 |  546.9s (no improvement 1/30)
Epoch   97/500 | train -0.88725 [rh=0.0001 nh=-5.0130 rc=0.0001 nc=-3.8611] | val -0.91071 | lr 9.11e-04 |  552.8s ✓ best
Epoch   98/500 | train -0.89120 [rh=0.0001 nh=-5.0942 rc=0.0001 nc=-3.8192] | val -0.89774 | lr 9.09e-04 |  558.1s (no improvement 1/30)
Epoch   99/500 | train -0.88285 [rh=0.0001 nh=-5.0102 rc=0.0001 nc=-3.8198] | val -0.87378 | lr 9.07e-04 |  563.5s (no improvement 2/30)
Epoch  100/500 | train -0.89870 [rh=0.0001 nh=-5.0921 rc=0.0001 nc=-3.8962] | val -0.83336 | lr 9.05e-04 |  569.3s (no improvement 3/30)
Epoch  101/500 | train -0.88784 [rh=0.0001 nh=-5.0281 rc=0.0001 nc=-3.8519] | val -0.88845 | lr 9.04e-04 |  574.7s (no improvement 4/30)
Epoch  102/500 | train -0.88979 [rh=0.0001 nh=-5.0779 rc=0.0001 nc=-3.8216] | val -0.90219 | lr 9.02e-04 |  580.6s (no improvement 5/30)
Epoch  103/500 | train -0.89980 [rh=0.0001 nh=-5.0650 rc=0.0001 nc=-3.9343] | val -0.91607 | lr 9.00e-04 |  586.9s ✓ best
Epoch  104/500 | train -0.88934 [rh=0.0001 nh=-5.0554 rc=0.0001 nc=-3.8396] | val -0.89745 | lr 8.98e-04 |  593.3s (no improvement 1/30)
Epoch  105/500 | train -0.89847 [rh=0.0001 nh=-5.0647 rc=0.0001 nc=-3.9215] | val -0.90621 | lr 8.96e-04 |  599.3s (no improvement 2/30)
Epoch  106/500 | train -0.89197 [rh=0.0001 nh=-5.0525 rc=0.0001 nc=-3.8687] | val -0.88021 | lr 8.94e-04 |  605.2s (no improvement 3/30)
Epoch  107/500 | train -0.90744 [rh=0.0001 nh=-5.1185 rc=0.0001 nc=-3.9572] | val -0.90460 | lr 8.92e-04 |  610.6s (no improvement 4/30)
Epoch  108/500 | train -0.89710 [rh=0.0001 nh=-5.0415 rc=0.0001 nc=-3.9308] | val -0.87063 | lr 8.90e-04 |  615.9s (no improvement 5/30)
Epoch  109/500 | train -0.90204 [rh=0.0001 nh=-5.1202 rc=0.0001 nc=-3.9016] | val -0.89974 | lr 8.88e-04 |  621.3s (no improvement 6/30)
Epoch  110/500 | train -0.90474 [rh=0.0001 nh=-5.1057 rc=0.0001 nc=-3.9430] | val -0.91433 | lr 8.86e-04 |  626.7s (no improvement 7/30)
Epoch  111/500 | train -0.90053 [rh=0.0001 nh=-5.1187 rc=0.0001 nc=-3.8879] | val -0.87848 | lr 8.84e-04 |  632.0s (no improvement 8/30)
Epoch  112/500 | train -0.89100 [rh=0.0001 nh=-5.0110 rc=0.0001 nc=-3.9004] | val -0.87711 | lr 8.82e-04 |  637.6s (no improvement 9/30)
Epoch  113/500 | train -0.90984 [rh=0.0001 nh=-5.1524 rc=0.0001 nc=-3.9473] | val -0.90240 | lr 8.80e-04 |  643.0s (no improvement 10/30)
Epoch  114/500 | train -0.88888 [rh=0.0001 nh=-4.9821 rc=0.0001 nc=-3.9084] | val -0.94485 | lr 8.78e-04 |  648.7s ✓ best
Epoch  115/500 | train -0.91665 [rh=0.0001 nh=-5.1717 rc=0.0001 nc=-3.9959] | val -0.91586 | lr 8.76e-04 |  654.1s (no improvement 1/30)
Epoch  116/500 | train -0.91758 [rh=0.0001 nh=-5.2083 rc=0.0001 nc=-3.9686] | val -0.91125 | lr 8.74e-04 |  659.4s (no improvement 2/30)
Epoch  117/500 | train -0.91427 [rh=0.0001 nh=-5.0936 rc=0.0000 nc=-4.0502] | val -0.92047 | lr 8.72e-04 |  665.1s (no improvement 3/30)
Epoch  118/500 | train -0.90556 [rh=0.0001 nh=-5.1388 rc=0.0001 nc=-3.9183] | val -0.87942 | lr 8.70e-04 |  671.0s (no improvement 4/30)
Epoch  119/500 | train -0.92127 [rh=0.0001 nh=-5.1963 rc=0.0000 nc=-4.0176] | val -0.90765 | lr 8.68e-04 |  676.4s (no improvement 5/30)
Epoch  120/500 | train -0.90369 [rh=0.0001 nh=-5.1346 rc=0.0001 nc=-3.9037] | val -0.89556 | lr 8.66e-04 |  681.7s (no improvement 6/30)
Epoch  121/500 | train -0.92172 [rh=0.0001 nh=-5.1849 rc=0.0000 nc=-4.0336] | val -0.91173 | lr 8.64e-04 |  687.0s (no improvement 7/30)
Epoch  122/500 | train -0.91468 [rh=0.0001 nh=-5.1572 rc=0.0001 nc=-3.9908] | val -0.91902 | lr 8.62e-04 |  692.6s (no improvement 8/30)
Epoch  123/500 | train -0.92045 [rh=0.0001 nh=-5.2425 rc=0.0001 nc=-3.9632] | val -0.90099 | lr 8.59e-04 |  698.0s (no improvement 9/30)
Epoch  124/500 | train -0.93127 [rh=0.0001 nh=-5.2150 rc=0.0000 nc=-4.0988] | val -0.94209 | lr 8.57e-04 |  703.4s (no improvement 10/30)
Epoch  125/500 | train -0.91393 [rh=0.0001 nh=-5.1227 rc=0.0001 nc=-4.0181] | val -0.92129 | lr 8.55e-04 |  709.3s (no improvement 11/30)
Epoch  126/500 | train -0.90520 [rh=0.0001 nh=-5.1179 rc=0.0001 nc=-3.9354] | val -0.91854 | lr 8.53e-04 |  714.7s (no improvement 12/30)
Epoch  127/500 | train -0.92272 [rh=0.0001 nh=-5.2025 rc=0.0000 nc=-4.0260] | val -0.94274 | lr 8.51e-04 |  720.0s (no improvement 13/30)
Epoch  128/500 | train -0.93240 [rh=0.0001 nh=-5.2840 rc=0.0000 nc=-4.0410] | val -0.92555 | lr 8.48e-04 |  725.4s (no improvement 14/30)
Epoch  129/500 | train -0.91007 [rh=0.0001 nh=-5.0953 rc=0.0001 nc=-4.0068] | val -0.88205 | lr 8.46e-04 |  730.9s (no improvement 15/30)
Epoch  130/500 | train -0.91843 [rh=0.0001 nh=-5.2030 rc=0.0001 nc=-3.9824] | val -0.90402 | lr 8.44e-04 |  736.3s (no improvement 16/30)
Epoch  131/500 | train -0.91711 [rh=0.0001 nh=-5.2023 rc=0.0001 nc=-3.9701] | val -0.94011 | lr 8.42e-04 |  741.6s (no improvement 17/30)
Epoch  132/500 | train -0.93105 [rh=0.0001 nh=-5.2587 rc=0.0000 nc=-4.0528] | val -0.94350 | lr 8.39e-04 |  747.0s (no improvement 18/30)
Epoch  133/500 | train -0.92681 [rh=0.0001 nh=-5.1841 rc=0.0000 nc=-4.0850] | val -0.80913 | lr 8.37e-04 |  752.4s (no improvement 19/30)
Epoch  134/500 | train -0.93043 [rh=0.0001 nh=-5.1901 rc=0.0000 nc=-4.1152] | val -0.94233 | lr 8.35e-04 |  758.2s (no improvement 20/30)
Epoch  135/500 | train -0.93224 [rh=0.0001 nh=-5.2878 rc=0.0000 nc=-4.0358] | val -0.94790 | lr 8.32e-04 |  763.7s ✓ best
Epoch  136/500 | train -0.93146 [rh=0.0001 nh=-5.2699 rc=0.0000 nc=-4.0456] | val -0.92861 | lr 8.30e-04 |  769.1s (no improvement 1/30)
Epoch  137/500 | train -0.93647 [rh=0.0001 nh=-5.2952 rc=0.0000 nc=-4.0705] | val -0.93524 | lr 8.28e-04 |  774.5s (no improvement 2/30)
Epoch  138/500 | train -0.93515 [rh=0.0001 nh=-5.2328 rc=0.0000 nc=-4.1197] | val -0.95399 | lr 8.25e-04 |  780.0s ✓ best
Epoch  139/500 | train -0.93543 [rh=0.0001 nh=-5.2573 rc=0.0000 nc=-4.0980] | val -0.84313 | lr 8.23e-04 |  785.3s (no improvement 1/30)
Epoch  140/500 | train -0.93418 [rh=0.0001 nh=-5.2545 rc=0.0000 nc=-4.0883] | val -0.90523 | lr 8.21e-04 |  790.6s (no improvement 2/30)
Epoch  141/500 | train -0.93094 [rh=0.0001 nh=-5.1843 rc=0.0000 nc=-4.1262] | val -0.90952 | lr 8.18e-04 |  796.0s (no improvement 3/30)
Epoch  142/500 | train -0.93116 [rh=0.0000 nh=-5.2802 rc=0.0000 nc=-4.0323] | val -0.93585 | lr 8.16e-04 |  801.6s (no improvement 4/30)
Epoch  143/500 | train -0.93609 [rh=0.0001 nh=-5.2483 rc=0.0000 nc=-4.1136] | val -0.95738 | lr 8.13e-04 |  807.1s ✓ best
Epoch  144/500 | train -0.93920 [rh=0.0001 nh=-5.2893 rc=0.0000 nc=-4.1036] | val -0.91724 | lr 8.11e-04 |  812.9s (no improvement 1/30)
Epoch  145/500 | train -0.94644 [rh=0.0001 nh=-5.3106 rc=0.0000 nc=-4.1547] | val -0.96150 | lr 8.08e-04 |  818.4s ✓ best
Epoch  146/500 | train -0.94702 [rh=0.0000 nh=-5.3370 rc=0.0000 nc=-4.1341] | val -0.95315 | lr 8.06e-04 |  823.8s (no improvement 1/30)
Epoch  147/500 | train -0.93646 [rh=0.0001 nh=-5.2501 rc=0.0000 nc=-4.1155] | val -0.90977 | lr 8.03e-04 |  829.5s (no improvement 2/30)
Epoch  148/500 | train -0.94275 [rh=0.0001 nh=-5.3381 rc=0.0000 nc=-4.0904] | val -0.93959 | lr 8.01e-04 |  834.8s (no improvement 3/30)
Epoch  149/500 | train -0.94048 [rh=0.0001 nh=-5.2815 rc=0.0000 nc=-4.1244] | val -0.93373 | lr 7.98e-04 |  840.1s (no improvement 4/30)
Epoch  150/500 | train -0.94649 [rh=0.0000 nh=-5.2788 rc=0.0000 nc=-4.1870] | val -0.93380 | lr 7.96e-04 |  845.5s (no improvement 5/30)
Epoch  151/500 | train -0.93697 [rh=0.0001 nh=-5.2453 rc=0.0000 nc=-4.1256] | val -0.95019 | lr 7.93e-04 |  850.8s (no improvement 6/30)
Epoch  152/500 | train -0.94736 [rh=0.0000 nh=-5.3144 rc=0.0000 nc=-4.1600] | val -0.92736 | lr 7.91e-04 |  856.2s (no improvement 7/30)
Epoch  153/500 | train -0.94754 [rh=0.0000 nh=-5.3387 rc=0.0000 nc=-4.1376] | val -0.90586 | lr 7.88e-04 |  861.5s (no improvement 8/30)
Epoch  154/500 | train -0.94559 [rh=0.0001 nh=-5.3257 rc=0.0000 nc=-4.1311] | val -0.96535 | lr 7.86e-04 |  867.3s ✓ best
Epoch  155/500 | train -0.93249 [rh=0.0001 nh=-5.2458 rc=0.0000 nc=-4.0802] | val -0.96936 | lr 7.83e-04 |  872.8s ✓ best
Epoch  156/500 | train -0.95283 [rh=0.0000 nh=-5.3362 rc=0.0000 nc=-4.1930] | val -0.87727 | lr 7.81e-04 |  878.2s (no improvement 1/30)
Epoch  157/500 | train -0.95742 [rh=0.0000 nh=-5.4079 rc=0.0000 nc=-4.1671] | val -0.96327 | lr 7.78e-04 |  883.5s (no improvement 2/30)
Epoch  158/500 | train -0.94051 [rh=0.0000 nh=-5.3722 rc=0.0000 nc=-4.0338] | val -0.97737 | lr 7.75e-04 |  889.0s ✓ best
Epoch  159/500 | train -0.95368 [rh=0.0001 nh=-5.3695 rc=0.0000 nc=-4.1682] | val -0.94125 | lr 7.73e-04 |  894.4s (no improvement 1/30)
Epoch  160/500 | train -0.96043 [rh=0.0001 nh=-5.3733 rc=0.0000 nc=-4.2318] | val -0.95858 | lr 7.70e-04 |  899.7s (no improvement 2/30)
Epoch  161/500 | train -0.95914 [rh=0.0000 nh=-5.4014 rc=0.0000 nc=-4.1908] | val -0.94180 | lr 7.68e-04 |  905.1s (no improvement 3/30)
Epoch  162/500 | train -0.95593 [rh=0.0000 nh=-5.3621 rc=0.0000 nc=-4.1981] | val -0.93578 | lr 7.65e-04 |  910.4s (no improvement 4/30)
Epoch  163/500 | train -0.95794 [rh=0.0000 nh=-5.3715 rc=0.0000 nc=-4.2087] | val -0.96642 | lr 7.62e-04 |  916.2s (no improvement 5/30)
Epoch  164/500 | train -0.96030 [rh=0.0000 nh=-5.4182 rc=0.0000 nc=-4.1856] | val -0.97485 | lr 7.60e-04 |  921.6s (no improvement 6/30)
Epoch  165/500 | train -0.95821 [rh=0.0001 nh=-5.3693 rc=0.0000 nc=-4.2136] | val -0.91414 | lr 7.57e-04 |  927.0s (no improvement 7/30)
Epoch  166/500 | train -0.95120 [rh=0.0001 nh=-5.3385 rc=0.0000 nc=-4.1745] | val -0.97762 | lr 7.54e-04 |  932.9s ✓ best
Epoch  167/500 | train -0.96413 [rh=0.0000 nh=-5.4178 rc=0.0000 nc=-4.2243] | val -0.94972 | lr 7.52e-04 |  938.5s (no improvement 1/30)
Epoch  168/500 | train -0.96272 [rh=0.0000 nh=-5.3755 rc=0.0000 nc=-4.2524] | val -0.97983 | lr 7.49e-04 |  944.2s ✓ best
Epoch  169/500 | train -0.96175 [rh=0.0001 nh=-5.3752 rc=0.0000 nc=-4.2432] | val -0.98484 | lr 7.46e-04 |  950.6s ✓ best
Epoch  170/500 | train -0.95974 [rh=0.0000 nh=-5.4339 rc=0.0000 nc=-4.1643] | val -0.99530 | lr 7.43e-04 |  956.9s ✓ best
Epoch  171/500 | train -0.96193 [rh=0.0001 nh=-5.3557 rc=0.0000 nc=-4.2643] | val -0.91019 | lr 7.41e-04 |  962.8s (no improvement 1/30)
Epoch  172/500 | train -0.95889 [rh=0.0000 nh=-5.4380 rc=0.0000 nc=-4.1517] | val -0.93763 | lr 7.38e-04 |  969.0s (no improvement 2/30)
Epoch  173/500 | train -0.96605 [rh=0.0000 nh=-5.4317 rc=0.0000 nc=-4.2296] | val -0.96927 | lr 7.35e-04 |  974.9s (no improvement 3/30)
Epoch  174/500 | train -0.95978 [rh=0.0000 nh=-5.3879 rc=0.0000 nc=-4.2106] | val -0.97281 | lr 7.32e-04 |  980.4s (no improvement 4/30)
Epoch  175/500 | train -0.97089 [rh=0.0000 nh=-5.4134 rc=0.0000 nc=-4.2962] | val -0.98841 | lr 7.30e-04 |  986.2s (no improvement 5/30)
Epoch  176/500 | train -0.95547 [rh=0.0001 nh=-5.3876 rc=0.0000 nc=-4.1680] | val -0.96011 | lr 7.27e-04 |  991.5s (no improvement 6/30)
Epoch  177/500 | train -0.96693 [rh=0.0000 nh=-5.3377 rc=0.0000 nc=-4.3323] | val -0.94128 | lr 7.24e-04 |  996.9s (no improvement 7/30)
Epoch  178/500 | train -0.97500 [rh=0.0000 nh=-5.4943 rc=0.0000 nc=-4.2565] | val -0.97436 | lr 7.21e-04 | 1002.2s (no improvement 8/30)
Epoch  179/500 | train -0.97227 [rh=0.0000 nh=-5.4423 rc=0.0000 nc=-4.2811] | val -0.93190 | lr 7.19e-04 | 1008.3s (no improvement 9/30)
Epoch  180/500 | train -0.96139 [rh=0.0000 nh=-5.4148 rc=0.0000 nc=-4.1998] | val -0.99987 | lr 7.16e-04 | 1014.2s ✓ best
Epoch  181/500 | train -0.97709 [rh=0.0000 nh=-5.4864 rc=0.0000 nc=-4.2851] | val -0.94161 | lr 7.13e-04 | 1020.0s (no improvement 1/30)
Epoch  182/500 | train -0.96940 [rh=0.0000 nh=-5.4396 rc=0.0000 nc=-4.2551] | val -0.98994 | lr 7.10e-04 | 1026.2s (no improvement 2/30)
Epoch  183/500 | train -0.97158 [rh=0.0000 nh=-5.4940 rc=0.0000 nc=-4.2225] | val -0.99341 | lr 7.07e-04 | 1032.4s (no improvement 3/30)
Epoch  184/500 | train -0.96331 [rh=0.0000 nh=-5.3943 rc=0.0000 nc=-4.2396] | val -0.97366 | lr 7.04e-04 | 1038.6s (no improvement 4/30)
Epoch  185/500 | train -0.97550 [rh=0.0000 nh=-5.5338 rc=0.0000 nc=-4.2219] | val -0.99932 | lr 7.02e-04 | 1044.4s (no improvement 5/30)
Epoch  186/500 | train -0.97794 [rh=0.0001 nh=-5.4400 rc=0.0000 nc=-4.3402] | val -0.95940 | lr 6.99e-04 | 1050.3s (no improvement 6/30)
Epoch  187/500 | train -0.98982 [rh=0.0000 nh=-5.5169 rc=0.0000 nc=-4.3819] | val -0.95883 | lr 6.96e-04 | 1056.3s (no improvement 7/30)
Epoch  188/500 | train -0.96858 [rh=0.0000 nh=-5.4625 rc=0.0000 nc=-4.2240] | val -0.91598 | lr 6.93e-04 | 1062.5s (no improvement 8/30)
Epoch  189/500 | train -0.97721 [rh=0.0000 nh=-5.4395 rc=0.0000 nc=-4.3333] | val -0.93602 | lr 6.90e-04 | 1068.1s (no improvement 9/30)
Epoch  190/500 | train -0.97928 [rh=0.0000 nh=-5.4686 rc=0.0000 nc=-4.3248] | val -0.99792 | lr 6.87e-04 | 1074.0s (no improvement 10/30)
Epoch  191/500 | train -0.98818 [rh=0.0000 nh=-5.5009 rc=0.0000 nc=-4.3814] | val -0.97486 | lr 6.84e-04 | 1080.4s (no improvement 11/30)
Epoch  192/500 | train -0.97812 [rh=0.0000 nh=-5.5233 rc=0.0000 nc=-4.2586] | val -0.88547 | lr 6.81e-04 | 1086.2s (no improvement 12/30)
Epoch  193/500 | train -0.98738 [rh=0.0000 nh=-5.5041 rc=0.0000 nc=-4.3703] | val -1.00543 | lr 6.79e-04 | 1091.7s ✓ best
Epoch  194/500 | train -0.97770 [rh=0.0000 nh=-5.4990 rc=0.0000 nc=-4.2786] | val -0.98790 | lr 6.76e-04 | 1097.9s (no improvement 1/30)
Epoch  195/500 | train -0.98793 [rh=0.0000 nh=-5.5586 rc=0.0000 nc=-4.3213] | val -0.97245 | lr 6.73e-04 | 1104.1s (no improvement 2/30)
Epoch  196/500 | train -0.98788 [rh=0.0000 nh=-5.5301 rc=0.0000 nc=-4.3493] | val -0.98125 | lr 6.70e-04 | 1110.0s (no improvement 3/30)
Epoch  197/500 | train -0.98920 [rh=0.0000 nh=-5.5120 rc=0.0000 nc=-4.3806] | val -0.94995 | lr 6.67e-04 | 1115.3s (no improvement 4/30)
Epoch  198/500 | train -0.98650 [rh=0.0000 nh=-5.5263 rc=0.0000 nc=-4.3393] | val -0.97148 | lr 6.64e-04 | 1120.9s (no improvement 5/30)
Epoch  199/500 | train -0.98925 [rh=0.0000 nh=-5.5411 rc=0.0000 nc=-4.3521] | val -1.00166 | lr 6.61e-04 | 1127.0s (no improvement 6/30)
Epoch  200/500 | train -0.98090 [rh=0.0000 nh=-5.5381 rc=0.0000 nc=-4.2716] | val -0.97342 | lr 6.58e-04 | 1133.2s (no improvement 7/30)
Epoch  201/500 | train -0.99967 [rh=0.0000 nh=-5.5943 rc=0.0000 nc=-4.4029] | val -0.99385 | lr 6.55e-04 | 1139.2s (no improvement 8/30)
Epoch  202/500 | train -0.98097 [rh=0.0001 nh=-5.5038 rc=0.0000 nc=-4.3067] | val -0.98608 | lr 6.52e-04 | 1144.5s (no improvement 9/30)
Epoch  203/500 | train -0.98428 [rh=0.0000 nh=-5.5218 rc=0.0000 nc=-4.3217] | val -0.97660 | lr 6.49e-04 | 1150.4s (no improvement 10/30)
Epoch  204/500 | train -0.99899 [rh=0.0000 nh=-5.5935 rc=0.0000 nc=-4.3970] | val -0.95443 | lr 6.46e-04 | 1156.0s (no improvement 11/30)
Epoch  205/500 | train -0.99456 [rh=0.0000 nh=-5.5426 rc=0.0000 nc=-4.4036] | val -0.99586 | lr 6.43e-04 | 1161.3s (no improvement 12/30)
Epoch  206/500 | train -0.99157 [rh=0.0001 nh=-5.4969 rc=0.0000 nc=-4.4196] | val -1.00779 | lr 6.40e-04 | 1167.6s ✓ best
Epoch  207/500 | train -0.98831 [rh=0.0000 nh=-5.5209 rc=0.0000 nc=-4.3627] | val -1.01128 | lr 6.37e-04 | 1173.6s ✓ best
Epoch  208/500 | train -1.00120 [rh=0.0000 nh=-5.6131 rc=0.0000 nc=-4.3995] | val -0.99499 | lr 6.34e-04 | 1179.0s (no improvement 1/30)
Epoch  209/500 | train -1.00332 [rh=0.0000 nh=-5.5448 rc=0.0000 nc=-4.4889] | val -0.98492 | lr 6.31e-04 | 1184.3s (no improvement 2/30)
Epoch  210/500 | train -0.99629 [rh=0.0000 nh=-5.6396 rc=0.0000 nc=-4.3239] | val -0.99376 | lr 6.28e-04 | 1189.7s (no improvement 3/30)
Epoch  211/500 | train -1.00272 [rh=0.0000 nh=-5.5865 rc=0.0000 nc=-4.4413] | val -0.99869 | lr 6.25e-04 | 1195.1s (no improvement 4/30)
Epoch  212/500 | train -1.00424 [rh=0.0000 nh=-5.6000 rc=0.0000 nc=-4.4429] | val -0.99168 | lr 6.22e-04 | 1200.5s (no improvement 5/30)
Epoch  213/500 | train -1.00624 [rh=0.0000 nh=-5.5677 rc=0.0000 nc=-4.4953] | val -0.99703 | lr 6.19e-04 | 1205.8s (no improvement 6/30)
Epoch  214/500 | train -1.00326 [rh=0.0000 nh=-5.5910 rc=0.0000 nc=-4.4421] | val -0.99715 | lr 6.16e-04 | 1211.7s (no improvement 7/30)
Epoch  215/500 | train -1.00101 [rh=0.0000 nh=-5.5969 rc=0.0000 nc=-4.4138] | val -1.01512 | lr 6.13e-04 | 1217.2s ✓ best
Epoch  216/500 | train -1.00893 [rh=0.0000 nh=-5.6354 rc=0.0000 nc=-4.4544] | val -1.00113 | lr 6.10e-04 | 1222.9s (no improvement 1/30)
Epoch  217/500 | train -1.00261 [rh=0.0000 nh=-5.5973 rc=0.0000 nc=-4.4294] | val -0.99029 | lr 6.07e-04 | 1228.3s (no improvement 2/30)
Epoch  218/500 | train -1.00403 [rh=0.0000 nh=-5.6726 rc=0.0000 nc=-4.3682] | val -1.00019 | lr 6.04e-04 | 1233.6s (no improvement 3/30)
Epoch  219/500 | train -1.00981 [rh=0.0000 nh=-5.6259 rc=0.0000 nc=-4.4727] | val -0.99298 | lr 6.01e-04 | 1239.2s (no improvement 4/30)
Epoch  220/500 | train -1.00625 [rh=0.0000 nh=-5.5783 rc=0.0000 nc=-4.4846] | val -1.01157 | lr 5.98e-04 | 1244.5s (no improvement 5/30)
Epoch  221/500 | train -1.01728 [rh=0.0000 nh=-5.6383 rc=0.0000 nc=-4.5350] | val -1.02252 | lr 5.95e-04 | 1250.0s ✓ best
Epoch  222/500 | train -1.01402 [rh=0.0000 nh=-5.6939 rc=0.0000 nc=-4.4468] | val -1.02814 | lr 5.92e-04 | 1255.5s ✓ best
Epoch  223/500 | train -1.00400 [rh=0.0000 nh=-5.5988 rc=0.0000 nc=-4.4417] | val -1.00978 | lr 5.89e-04 | 1260.9s (no improvement 1/30)
Epoch  224/500 | train -1.00845 [rh=0.0000 nh=-5.6022 rc=0.0000 nc=-4.4829] | val -1.03722 | lr 5.86e-04 | 1266.4s ✓ best
Epoch  225/500 | train -1.00890 [rh=0.0000 nh=-5.6698 rc=0.0000 nc=-4.4197] | val -1.00961 | lr 5.82e-04 | 1271.8s (no improvement 1/30)
Epoch  226/500 | train -1.01613 [rh=0.0000 nh=-5.6442 rc=0.0000 nc=-4.5177] | val -1.01309 | lr 5.79e-04 | 1277.6s (no improvement 2/30)
Epoch  227/500 | train -1.01361 [rh=0.0000 nh=-5.6700 rc=0.0000 nc=-4.4666] | val -1.00083 | lr 5.76e-04 | 1283.5s (no improvement 3/30)
Epoch  228/500 | train -1.01762 [rh=0.0000 nh=-5.6830 rc=0.0000 nc=-4.4938] | val -1.02452 | lr 5.73e-04 | 1289.1s (no improvement 4/30)
Epoch  229/500 | train -1.02025 [rh=0.0000 nh=-5.6955 rc=0.0000 nc=-4.5075] | val -0.98321 | lr 5.70e-04 | 1294.9s (no improvement 5/30)
Epoch  230/500 | train -1.02113 [rh=0.0000 nh=-5.6930 rc=0.0000 nc=-4.5187] | val -1.00927 | lr 5.67e-04 | 1300.2s (no improvement 6/30)
Epoch  231/500 | train -1.01608 [rh=0.0000 nh=-5.6809 rc=0.0000 nc=-4.4804] | val -1.01085 | lr 5.64e-04 | 1305.5s (no improvement 7/30)
Epoch  232/500 | train -1.02240 [rh=0.0000 nh=-5.6936 rc=0.0000 nc=-4.5309] | val -1.02480 | lr 5.61e-04 | 1311.3s (no improvement 8/30)
Epoch  233/500 | train -1.02369 [rh=0.0000 nh=-5.6873 rc=0.0000 nc=-4.5500] | val -1.01718 | lr 5.58e-04 | 1316.7s (no improvement 9/30)
Epoch  234/500 | train -1.02966 [rh=0.0000 nh=-5.7503 rc=0.0000 nc=-4.5467] | val -1.03379 | lr 5.55e-04 | 1322.0s (no improvement 10/30)
Epoch  235/500 | train -1.02028 [rh=0.0000 nh=-5.7055 rc=0.0000 nc=-4.4978] | val -1.00390 | lr 5.52e-04 | 1327.3s (no improvement 11/30)
Epoch  236/500 | train -1.02645 [rh=0.0000 nh=-5.7263 rc=0.0000 nc=-4.5386] | val -1.01864 | lr 5.48e-04 | 1333.2s (no improvement 12/30)
Epoch  237/500 | train -1.03465 [rh=0.0000 nh=-5.7184 rc=0.0000 nc=-4.6284] | val -1.02384 | lr 5.45e-04 | 1338.5s (no improvement 13/30)
Epoch  238/500 | train -1.02477 [rh=0.0000 nh=-5.7260 rc=0.0000 nc=-4.5221] | val -1.01155 | lr 5.42e-04 | 1343.8s (no improvement 14/30)
Epoch  239/500 | train -1.02863 [rh=0.0000 nh=-5.7010 rc=0.0000 nc=-4.5857] | val -1.04779 | lr 5.39e-04 | 1349.8s ✓ best
Epoch  240/500 | train -1.02864 [rh=0.0000 nh=-5.6876 rc=0.0000 nc=-4.5993] | val -1.02971 | lr 5.36e-04 | 1355.2s (no improvement 1/30)
Epoch  241/500 | train -1.03200 [rh=0.0000 nh=-5.7532 rc=0.0000 nc=-4.5671] | val -1.01843 | lr 5.33e-04 | 1361.2s (no improvement 2/30)
Epoch  242/500 | train -1.03331 [rh=0.0000 nh=-5.7622 rc=0.0000 nc=-4.5712] | val -1.01486 | lr 5.30e-04 | 1366.5s (no improvement 3/30)
Epoch  243/500 | train -1.03608 [rh=0.0000 nh=-5.7717 rc=0.0000 nc=-4.5895] | val -0.94583 | lr 5.27e-04 | 1371.9s (no improvement 4/30)
Epoch  244/500 | train -1.03542 [rh=0.0000 nh=-5.7618 rc=0.0000 nc=-4.5927] | val -1.01513 | lr 5.24e-04 | 1377.3s (no improvement 5/30)
Epoch  245/500 | train -1.04453 [rh=0.0000 nh=-5.8433 rc=0.0000 nc=-4.6024] | val -1.02862 | lr 5.21e-04 | 1383.1s (no improvement 6/30)
Epoch  246/500 | train -1.03906 [rh=0.0000 nh=-5.7874 rc=0.0000 nc=-4.6035] | val -1.01798 | lr 5.17e-04 | 1388.5s (no improvement 7/30)
Epoch  247/500 | train -1.04406 [rh=0.0000 nh=-5.8310 rc=0.0000 nc=-4.6100] | val -1.00474 | lr 5.14e-04 | 1393.9s (no improvement 8/30)
Epoch  248/500 | train -1.04187 [rh=0.0000 nh=-5.7922 rc=0.0000 nc=-4.6269] | val -1.02268 | lr 5.11e-04 | 1399.2s (no improvement 9/30)
Epoch  249/500 | train -1.04529 [rh=0.0000 nh=-5.8042 rc=0.0000 nc=-4.6491] | val -1.01943 | lr 5.08e-04 | 1404.5s (no improvement 10/30)
Epoch  250/500 | train -1.04902 [rh=0.0000 nh=-5.8073 rc=0.0000 nc=-4.6833] | val -1.01137 | lr 5.05e-04 | 1410.4s (no improvement 11/30)
Epoch  251/500 | train -1.04412 [rh=0.0000 nh=-5.7986 rc=0.0000 nc=-4.6430] | val -1.07208 | lr 5.02e-04 | 1415.9s ✓ best
Epoch  252/500 | train -1.04363 [rh=0.0000 nh=-5.8056 rc=0.0000 nc=-4.6311] | val -1.06146 | lr 4.99e-04 | 1421.3s (no improvement 1/30)
Epoch  253/500 | train -1.04986 [rh=0.0000 nh=-5.8110 rc=0.0000 nc=-4.6879] | val -1.03788 | lr 4.96e-04 | 1426.9s (no improvement 2/30)
Epoch  254/500 | train -1.05047 [rh=0.0000 nh=-5.8558 rc=0.0000 nc=-4.6493] | val -1.05245 | lr 4.93e-04 | 1432.2s (no improvement 3/30)
Epoch  255/500 | train -1.05813 [rh=0.0000 nh=-5.8729 rc=0.0000 nc=-4.7088] | val -1.01938 | lr 4.89e-04 | 1438.0s (no improvement 4/30)
Epoch  256/500 | train -1.04983 [rh=0.0000 nh=-5.8424 rc=0.0000 nc=-4.6562] | val -1.02212 | lr 4.86e-04 | 1443.9s (no improvement 5/30)
Epoch  257/500 | train -1.05510 [rh=0.0000 nh=-5.8808 rc=0.0000 nc=-4.6705] | val -1.04315 | lr 4.83e-04 | 1449.2s (no improvement 6/30)
Epoch  258/500 | train -1.05063 [rh=0.0000 nh=-5.8627 rc=0.0000 nc=-4.6440] | val -1.04635 | lr 4.80e-04 | 1454.5s (no improvement 7/30)
Epoch  259/500 | train -1.05530 [rh=0.0000 nh=-5.8069 rc=0.0000 nc=-4.7465] | val -1.04650 | lr 4.77e-04 | 1460.3s (no improvement 8/30)
Epoch  260/500 | train -1.05313 [rh=0.0000 nh=-5.8845 rc=0.0000 nc=-4.6470] | val -1.04415 | lr 4.74e-04 | 1466.2s (no improvement 9/30)
Epoch  261/500 | train -1.05793 [rh=0.0000 nh=-5.8450 rc=0.0000 nc=-4.7346] | val -1.05921 | lr 4.71e-04 | 1472.0s (no improvement 10/30)
Epoch  262/500 | train -1.05599 [rh=0.0000 nh=-5.8518 rc=0.0000 nc=-4.7084] | val -1.05545 | lr 4.68e-04 | 1477.9s (no improvement 11/30)
Epoch  263/500 | train -1.04974 [rh=0.0000 nh=-5.8509 rc=0.0000 nc=-4.6468] | val -1.03440 | lr 4.65e-04 | 1483.2s (no improvement 12/30)
Epoch  264/500 | train -1.05831 [rh=0.0000 nh=-5.8956 rc=0.0000 nc=-4.6879] | val -1.05450 | lr 4.62e-04 | 1488.6s (no improvement 13/30)
Epoch  265/500 | train -1.05846 [rh=0.0000 nh=-5.8771 rc=0.0000 nc=-4.7078] | val -1.07276 | lr 4.58e-04 | 1494.3s ✓ best
Epoch  266/500 | train -1.06287 [rh=0.0000 nh=-5.8744 rc=0.0000 nc=-4.7546] | val -1.04024 | lr 4.55e-04 | 1499.6s (no improvement 1/30)
Epoch  267/500 | train -1.06541 [rh=0.0000 nh=-5.9250 rc=0.0000 nc=-4.7294] | val -1.05709 | lr 4.52e-04 | 1504.9s (no improvement 2/30)
Epoch  268/500 | train -1.06004 [rh=0.0000 nh=-5.9107 rc=0.0000 nc=-4.6900] | val -1.03850 | lr 4.49e-04 | 1510.2s (no improvement 3/30)
Epoch  269/500 | train -1.06613 [rh=0.0000 nh=-5.9322 rc=0.0000 nc=-4.7294] | val -1.03183 | lr 4.46e-04 | 1515.6s (no improvement 4/30)
Epoch  270/500 | train -1.06342 [rh=0.0000 nh=-5.9045 rc=0.0000 nc=-4.7299] | val -1.07813 | lr 4.43e-04 | 1521.1s ✓ best
Epoch  271/500 | train -1.06204 [rh=0.0000 nh=-5.8718 rc=0.0000 nc=-4.7489] | val -1.04215 | lr 4.40e-04 | 1526.7s (no improvement 1/30)
Epoch  272/500 | train -1.06960 [rh=0.0000 nh=-5.9377 rc=0.0000 nc=-4.7586] | val -1.07884 | lr 4.37e-04 | 1532.2s ✓ best
Epoch  273/500 | train -1.07407 [rh=0.0000 nh=-5.9428 rc=0.0000 nc=-4.7982] | val -1.05529 | lr 4.34e-04 | 1537.5s (no improvement 1/30)
Epoch  274/500 | train -1.07203 [rh=0.0000 nh=-5.9452 rc=0.0000 nc=-4.7753] | val -1.07481 | lr 4.31e-04 | 1543.0s (no improvement 2/30)
Epoch  275/500 | train -1.06649 [rh=0.0000 nh=-5.9518 rc=0.0000 nc=-4.7134] | val -1.07634 | lr 4.28e-04 | 1548.3s (no improvement 3/30)
Epoch  276/500 | train -1.07727 [rh=0.0000 nh=-5.9556 rc=0.0000 nc=-4.8174] | val -1.06547 | lr 4.24e-04 | 1553.7s (no improvement 4/30)
Epoch  277/500 | train -1.08095 [rh=0.0000 nh=-5.9591 rc=0.0000 nc=-4.8507] | val -1.08789 | lr 4.21e-04 | 1559.2s ✓ best
Epoch  278/500 | train -1.08065 [rh=0.0000 nh=-6.0023 rc=0.0000 nc=-4.8044] | val -1.08165 | lr 4.18e-04 | 1565.3s (no improvement 1/30)
Epoch  279/500 | train -1.07598 [rh=0.0000 nh=-5.9384 rc=0.0000 nc=-4.8216] | val -1.01908 | lr 4.15e-04 | 1570.6s (no improvement 2/30)
Epoch  280/500 | train -1.07973 [rh=0.0000 nh=-5.9655 rc=0.0000 nc=-4.8320] | val -1.06033 | lr 4.12e-04 | 1576.0s (no improvement 3/30)
Epoch  281/500 | train -1.08194 [rh=0.0000 nh=-6.0033 rc=0.0000 nc=-4.8163] | val -1.04443 | lr 4.09e-04 | 1581.3s (no improvement 4/30)
Epoch  282/500 | train -1.08151 [rh=0.0000 nh=-5.9941 rc=0.0000 nc=-4.8212] | val -1.08724 | lr 4.06e-04 | 1586.7s (no improvement 5/30)
Epoch  283/500 | train -1.08364 [rh=0.0000 nh=-6.0187 rc=0.0000 nc=-4.8179] | val -1.05374 | lr 4.03e-04 | 1592.1s (no improvement 6/30)
Epoch  284/500 | train -1.08006 [rh=0.0000 nh=-5.9392 rc=0.0000 nc=-4.8616] | val -1.07658 | lr 4.00e-04 | 1597.4s (no improvement 7/30)
Epoch  285/500 | train -1.08840 [rh=0.0000 nh=-6.0260 rc=0.0000 nc=-4.8582] | val -1.10101 | lr 3.97e-04 | 1603.3s ✓ best
Epoch  286/500 | train -1.08862 [rh=0.0000 nh=-6.0469 rc=0.0000 nc=-4.8396] | val -1.02858 | lr 3.94e-04 | 1608.7s (no improvement 1/30)
Epoch  287/500 | train -1.08984 [rh=0.0000 nh=-6.0108 rc=0.0000 nc=-4.8878] | val -1.08968 | lr 3.91e-04 | 1614.9s (no improvement 2/30)
Epoch  288/500 | train -1.09079 [rh=0.0000 nh=-6.0196 rc=0.0000 nc=-4.8885] | val -1.08632 | lr 3.88e-04 | 1621.1s (no improvement 3/30)
Epoch  289/500 | train -1.09683 [rh=0.0000 nh=-6.0507 rc=0.0000 nc=-4.9178] | val -1.07057 | lr 3.85e-04 | 1627.2s (no improvement 4/30)
Epoch  290/500 | train -1.09070 [rh=0.0000 nh=-6.0667 rc=0.0000 nc=-4.8406] | val -1.08005 | lr 3.82e-04 | 1633.4s (no improvement 5/30)
Epoch  291/500 | train -1.09089 [rh=0.0000 nh=-6.0195 rc=0.0000 nc=-4.8897] | val -1.05961 | lr 3.79e-04 | 1639.5s (no improvement 6/30)
Epoch  292/500 | train -1.08963 [rh=0.0000 nh=-6.0498 rc=0.0000 nc=-4.8467] | val -1.09452 | lr 3.76e-04 | 1645.0s (no improvement 7/30)
Epoch  293/500 | train -1.09806 [rh=0.0000 nh=-6.0438 rc=0.0000 nc=-4.9370] | val -1.08778 | lr 3.73e-04 | 1650.4s (no improvement 8/30)
Epoch  294/500 | train -1.09768 [rh=0.0000 nh=-6.0678 rc=0.0000 nc=-4.9092] | val -1.06940 | lr 3.70e-04 | 1656.3s (no improvement 9/30)
Epoch  295/500 | train -1.09571 [rh=0.0000 nh=-6.0842 rc=0.0000 nc=-4.8731] | val -1.07560 | lr 3.67e-04 | 1661.9s (no improvement 10/30)
Epoch  296/500 | train -1.10423 [rh=0.0000 nh=-6.0899 rc=0.0000 nc=-4.9526] | val -1.07069 | lr 3.64e-04 | 1667.3s (no improvement 11/30)
Epoch  297/500 | train -1.09950 [rh=0.0000 nh=-6.0892 rc=0.0000 nc=-4.9060] | val -1.10413 | lr 3.61e-04 | 1673.6s ✓ best
Epoch  298/500 | train -1.10255 [rh=0.0000 nh=-6.0984 rc=0.0000 nc=-4.9273] | val -1.10147 | lr 3.58e-04 | 1679.4s (no improvement 1/30)
Epoch  299/500 | train -1.10485 [rh=0.0000 nh=-6.1119 rc=0.0000 nc=-4.9369] | val -1.10900 | lr 3.55e-04 | 1685.6s ✓ best
Epoch  300/500 | train -1.10879 [rh=0.0000 nh=-6.1629 rc=0.0000 nc=-4.9251] | val -1.10657 | lr 3.52e-04 | 1691.8s (no improvement 1/30)
Epoch  301/500 | train -1.10941 [rh=0.0000 nh=-6.1048 rc=0.0000 nc=-4.9895] | val -1.11718 | lr 3.49e-04 | 1697.4s ✓ best
Epoch  302/500 | train -1.10587 [rh=0.0000 nh=-6.1446 rc=0.0000 nc=-4.9143] | val -1.07332 | lr 3.46e-04 | 1703.5s (no improvement 1/30)
Epoch  303/500 | train -1.11092 [rh=0.0000 nh=-6.1014 rc=0.0000 nc=-5.0080] | val -1.12271 | lr 3.43e-04 | 1709.0s ✓ best
Epoch  304/500 | train -1.10925 [rh=0.0000 nh=-6.1867 rc=0.0000 nc=-4.9059] | val -1.11745 | lr 3.40e-04 | 1714.4s (no improvement 1/30)
Epoch  305/500 | train -1.11251 [rh=0.0000 nh=-6.1705 rc=0.0000 nc=-4.9548] | val -1.07633 | lr 3.37e-04 | 1720.6s (no improvement 2/30)
Epoch  306/500 | train -1.11488 [rh=0.0000 nh=-6.1715 rc=0.0000 nc=-4.9774] | val -1.10065 | lr 3.34e-04 | 1726.7s (no improvement 3/30)
Epoch  307/500 | train -1.12327 [rh=0.0000 nh=-6.1585 rc=0.0000 nc=-5.0744] | val -1.11022 | lr 3.31e-04 | 1732.7s (no improvement 4/30)
Epoch  308/500 | train -1.11289 [rh=0.0000 nh=-6.1561 rc=0.0000 nc=-4.9730] | val -1.12962 | lr 3.29e-04 | 1738.3s ✓ best
Epoch  309/500 | train -1.12053 [rh=0.0000 nh=-6.1745 rc=0.0000 nc=-5.0310] | val -1.12435 | lr 3.26e-04 | 1743.6s (no improvement 1/30)
Epoch  310/500 | train -1.12097 [rh=0.0000 nh=-6.1879 rc=0.0000 nc=-5.0219] | val -1.09804 | lr 3.23e-04 | 1748.9s (no improvement 2/30)
Epoch  311/500 | train -1.11906 [rh=0.0000 nh=-6.1825 rc=0.0000 nc=-5.0083] | val -1.07024 | lr 3.20e-04 | 1754.2s (no improvement 3/30)
Epoch  312/500 | train -1.12558 [rh=0.0000 nh=-6.2252 rc=0.0000 nc=-5.0307] | val -1.07710 | lr 3.17e-04 | 1759.5s (no improvement 4/30)
Epoch  313/500 | train -1.12193 [rh=0.0000 nh=-6.1876 rc=0.0000 nc=-5.0318] | val -1.11826 | lr 3.14e-04 | 1765.3s (no improvement 5/30)
Epoch  314/500 | train -1.12048 [rh=0.0000 nh=-6.1978 rc=0.0000 nc=-5.0073] | val -1.09206 | lr 3.11e-04 | 1771.1s (no improvement 6/30)
Epoch  315/500 | train -1.12945 [rh=0.0000 nh=-6.1991 rc=0.0000 nc=-5.0956] | val -1.11700 | lr 3.08e-04 | 1776.9s (no improvement 7/30)
Epoch  316/500 | train -1.12854 [rh=0.0000 nh=-6.2595 rc=0.0000 nc=-5.0261] | val -1.13110 | lr 3.06e-04 | 1783.1s ✓ best
Epoch  317/500 | train -1.12817 [rh=0.0000 nh=-6.2646 rc=0.0000 nc=-5.0173] | val -1.11660 | lr 3.03e-04 | 1789.3s (no improvement 1/30)
Epoch  318/500 | train -1.13871 [rh=0.0000 nh=-6.2347 rc=0.0000 nc=-5.1525] | val -1.14232 | lr 3.00e-04 | 1795.7s ✓ best
Epoch  319/500 | train -1.13250 [rh=0.0000 nh=-6.2479 rc=0.0000 nc=-5.0773] | val -1.10780 | lr 2.97e-04 | 1801.6s (no improvement 1/30)
Epoch  320/500 | train -1.13279 [rh=0.0000 nh=-6.2334 rc=0.0000 nc=-5.0947] | val -1.13453 | lr 2.94e-04 | 1807.5s (no improvement 2/30)
Epoch  321/500 | train -1.13642 [rh=0.0000 nh=-6.2608 rc=0.0000 nc=-5.1036] | val -1.13480 | lr 2.91e-04 | 1813.3s (no improvement 3/30)
Epoch  322/500 | train -1.13560 [rh=0.0000 nh=-6.2912 rc=0.0000 nc=-5.0650] | val -1.13732 | lr 2.89e-04 | 1819.5s (no improvement 4/30)
Epoch  323/500 | train -1.14090 [rh=0.0000 nh=-6.2635 rc=0.0000 nc=-5.1457] | val -1.12414 | lr 2.86e-04 | 1825.7s (no improvement 5/30)
Epoch  324/500 | train -1.14061 [rh=0.0000 nh=-6.3038 rc=0.0000 nc=-5.1025] | val -1.13776 | lr 2.83e-04 | 1831.8s (no improvement 6/30)
Epoch  325/500 | train -1.14356 [rh=0.0000 nh=-6.3119 rc=0.0000 nc=-5.1238] | val -1.11874 | lr 2.80e-04 | 1837.9s (no improvement 7/30)
Epoch  326/500 | train -1.13866 [rh=0.0000 nh=-6.2979 rc=0.0000 nc=-5.0888] | val -1.14481 | lr 2.78e-04 | 1843.4s ✓ best
Epoch  327/500 | train -1.14496 [rh=0.0000 nh=-6.3240 rc=0.0000 nc=-5.1258] | val -1.11924 | lr 2.75e-04 | 1849.0s (no improvement 1/30)
Epoch  328/500 | train -1.15156 [rh=0.0000 nh=-6.2942 rc=0.0000 nc=-5.2216] | val -1.13965 | lr 2.72e-04 | 1854.8s (no improvement 2/30)
Epoch  329/500 | train -1.14228 [rh=0.0000 nh=-6.3318 rc=0.0000 nc=-5.0912] | val -1.15436 | lr 2.69e-04 | 1860.4s ✓ best
Epoch  330/500 | train -1.14862 [rh=0.0000 nh=-6.3110 rc=0.0000 nc=-5.1753] | val -1.14896 | lr 2.67e-04 | 1866.6s (no improvement 1/30)
Epoch  331/500 | train -1.15484 [rh=0.0000 nh=-6.3216 rc=0.0000 nc=-5.2269] | val -1.15033 | lr 2.64e-04 | 1872.7s (no improvement 2/30)
Epoch  332/500 | train -1.14885 [rh=0.0000 nh=-6.3291 rc=0.0000 nc=-5.1595] | val -1.12902 | lr 2.61e-04 | 1878.9s (no improvement 3/30)
Epoch  333/500 | train -1.15401 [rh=0.0000 nh=-6.3503 rc=0.0000 nc=-5.1899] | val -1.14213 | lr 2.58e-04 | 1885.0s (no improvement 4/30)
Epoch  334/500 | train -1.15160 [rh=0.0000 nh=-6.3891 rc=0.0000 nc=-5.1270] | val -1.15078 | lr 2.56e-04 | 1891.2s (no improvement 5/30)
Epoch  335/500 | train -1.15329 [rh=0.0000 nh=-6.3736 rc=0.0000 nc=-5.1594] | val -1.15640 | lr 2.53e-04 | 1897.5s ✓ best
Epoch  336/500 | train -1.15749 [rh=0.0000 nh=-6.3749 rc=0.0000 nc=-5.2001] | val -1.11101 | lr 2.50e-04 | 1903.7s (no improvement 1/30)
Epoch  337/500 | train -1.16234 [rh=0.0000 nh=-6.3775 rc=0.0000 nc=-5.2460] | val -1.17669 | lr 2.48e-04 | 1909.7s ✓ best
Epoch  338/500 | train -1.15834 [rh=0.0000 nh=-6.4073 rc=0.0000 nc=-5.1762] | val -1.16892 | lr 2.45e-04 | 1915.6s (no improvement 1/30)
Epoch  339/500 | train -1.16612 [rh=0.0000 nh=-6.4007 rc=0.0000 nc=-5.2606] | val -1.16109 | lr 2.42e-04 | 1921.2s (no improvement 2/30)
Epoch  340/500 | train -1.16466 [rh=0.0000 nh=-6.4155 rc=0.0000 nc=-5.2312] | val -1.17854 | lr 2.40e-04 | 1926.8s ✓ best
Epoch  341/500 | train -1.16659 [rh=0.0000 nh=-6.4207 rc=0.0000 nc=-5.2453] | val -1.16663 | lr 2.37e-04 | 1932.1s (no improvement 1/30)
Epoch  342/500 | train -1.16222 [rh=0.0000 nh=-6.4299 rc=0.0000 nc=-5.1924] | val -1.14349 | lr 2.35e-04 | 1937.4s (no improvement 2/30)
Epoch  343/500 | train -1.16586 [rh=0.0000 nh=-6.4195 rc=0.0000 nc=-5.2391] | val -1.15246 | lr 2.32e-04 | 1942.8s (no improvement 3/30)
Epoch  344/500 | train -1.17258 [rh=0.0000 nh=-6.4339 rc=0.0000 nc=-5.2920] | val -1.16537 | lr 2.29e-04 | 1948.1s (no improvement 4/30)
Epoch  345/500 | train -1.17068 [rh=0.0000 nh=-6.4852 rc=0.0000 nc=-5.2217] | val -1.17020 | lr 2.27e-04 | 1954.0s (no improvement 5/30)
Epoch  346/500 | train -1.17632 [rh=0.0000 nh=-6.4606 rc=0.0000 nc=-5.3027] | val -1.13797 | lr 2.24e-04 | 1959.3s (no improvement 6/30)
Epoch  347/500 | train -1.17661 [rh=0.0000 nh=-6.4685 rc=0.0000 nc=-5.2977] | val -1.14857 | lr 2.22e-04 | 1965.0s (no improvement 7/30)
Epoch  348/500 | train -1.17469 [rh=0.0000 nh=-6.4811 rc=0.0000 nc=-5.2658] | val -1.15554 | lr 2.19e-04 | 1970.4s (no improvement 8/30)
Epoch  349/500 | train -1.17655 [rh=0.0000 nh=-6.4597 rc=0.0000 nc=-5.3059] | val -1.16259 | lr 2.17e-04 | 1975.8s (no improvement 9/30)
Epoch  350/500 | train -1.18263 [rh=0.0000 nh=-6.4604 rc=0.0000 nc=-5.3660] | val -1.17269 | lr 2.14e-04 | 1981.1s (no improvement 10/30)
Epoch  351/500 | train -1.18191 [rh=0.0000 nh=-6.4787 rc=0.0000 nc=-5.3405] | val -1.17386 | lr 2.12e-04 | 1986.4s (no improvement 11/30)
Epoch  352/500 | train -1.18226 [rh=0.0000 nh=-6.5121 rc=0.0000 nc=-5.3106] | val -1.18089 | lr 2.09e-04 | 1992.6s ✓ best
Epoch  353/500 | train -1.18254 [rh=0.0000 nh=-6.4973 rc=0.0000 nc=-5.3281] | val -1.17015 | lr 2.07e-04 | 1998.8s (no improvement 1/30)
Epoch  354/500 | train -1.18519 [rh=0.0000 nh=-6.5189 rc=0.0000 nc=-5.3331] | val -1.13587 | lr 2.04e-04 | 2004.4s (no improvement 2/30)
Epoch  355/500 | train -1.18099 [rh=0.0000 nh=-6.5443 rc=0.0000 nc=-5.2657] | val -1.19004 | lr 2.02e-04 | 2009.9s ✓ best
Epoch  356/500 | train -1.19097 [rh=0.0000 nh=-6.5230 rc=0.0000 nc=-5.3868] | val -1.18699 | lr 1.99e-04 | 2016.1s (no improvement 1/30)
Epoch  357/500 | train -1.18941 [rh=0.0000 nh=-6.5374 rc=0.0000 nc=-5.3568] | val -1.17676 | lr 1.97e-04 | 2022.3s (no improvement 2/30)
Epoch  358/500 | train -1.18951 [rh=0.0000 nh=-6.5487 rc=0.0000 nc=-5.3464] | val -1.17793 | lr 1.94e-04 | 2028.5s (no improvement 3/30)
Epoch  359/500 | train -1.19349 [rh=0.0000 nh=-6.5542 rc=0.0000 nc=-5.3807] | val -1.17374 | lr 1.92e-04 | 2034.3s (no improvement 4/30)
Epoch  360/500 | train -1.19116 [rh=0.0000 nh=-6.5677 rc=0.0000 nc=-5.3440] | val -1.17912 | lr 1.89e-04 | 2040.1s (no improvement 5/30)
Epoch  361/500 | train -1.19858 [rh=0.0000 nh=-6.5823 rc=0.0000 nc=-5.4036] | val -1.19747 | lr 1.87e-04 | 2046.2s ✓ best
Epoch  362/500 | train -1.19427 [rh=0.0000 nh=-6.5884 rc=0.0000 nc=-5.3544] | val -1.19019 | lr 1.85e-04 | 2052.0s (no improvement 1/30)
Epoch  363/500 | train -1.20054 [rh=0.0000 nh=-6.5665 rc=0.0000 nc=-5.4390] | val -1.15330 | lr 1.82e-04 | 2057.4s (no improvement 2/30)
Epoch  364/500 | train -1.20118 [rh=0.0000 nh=-6.6013 rc=0.0000 nc=-5.4106] | val -1.18460 | lr 1.80e-04 | 2063.8s (no improvement 3/30)
Epoch  365/500 | train -1.20132 [rh=0.0000 nh=-6.5689 rc=0.0000 nc=-5.4444] | val -1.19665 | lr 1.78e-04 | 2069.8s (no improvement 4/30)
Epoch  366/500 | train -1.20580 [rh=0.0000 nh=-6.5912 rc=0.0000 nc=-5.4669] | val -1.19727 | lr 1.75e-04 | 2075.1s (no improvement 5/30)
Epoch  367/500 | train -1.20427 [rh=0.0000 nh=-6.6292 rc=0.0000 nc=-5.4136] | val -1.19239 | lr 1.73e-04 | 2080.5s (no improvement 6/30)
Epoch  368/500 | train -1.20687 [rh=0.0000 nh=-6.5985 rc=0.0000 nc=-5.4703] | val -1.18990 | lr 1.71e-04 | 2085.8s (no improvement 7/30)
Epoch  369/500 | train -1.20467 [rh=0.0000 nh=-6.6619 rc=0.0000 nc=-5.3849] | val -1.19510 | lr 1.68e-04 | 2091.2s (no improvement 8/30)
Epoch  370/500 | train -1.21108 [rh=0.0000 nh=-6.6270 rc=0.0000 nc=-5.4838] | val -1.20628 | lr 1.66e-04 | 2096.7s ✓ best
Epoch  371/500 | train -1.21206 [rh=0.0000 nh=-6.6637 rc=0.0000 nc=-5.4570] | val -1.19761 | lr 1.64e-04 | 2102.1s (no improvement 1/30)
Epoch  372/500 | train -1.21319 [rh=0.0000 nh=-6.6479 rc=0.0000 nc=-5.4841] | val -1.19912 | lr 1.62e-04 | 2107.4s (no improvement 2/30)
Epoch  373/500 | train -1.21719 [rh=0.0000 nh=-6.6450 rc=0.0000 nc=-5.5270] | val -1.19724 | lr 1.59e-04 | 2113.7s (no improvement 3/30)
Epoch  374/500 | train -1.21777 [rh=0.0000 nh=-6.6794 rc=0.0000 nc=-5.4984] | val -1.19958 | lr 1.57e-04 | 2119.3s (no improvement 4/30)
Epoch  375/500 | train -1.21713 [rh=0.0000 nh=-6.6872 rc=0.0000 nc=-5.4842] | val -1.21618 | lr 1.55e-04 | 2125.4s ✓ best
Epoch  376/500 | train -1.21804 [rh=0.0000 nh=-6.6944 rc=0.0000 nc=-5.4860] | val -1.17871 | lr 1.53e-04 | 2130.8s (no improvement 1/30)
Epoch  377/500 | train -1.21866 [rh=0.0000 nh=-6.6725 rc=0.0000 nc=-5.5142] | val -1.19893 | lr 1.51e-04 | 2136.5s (no improvement 2/30)
Epoch  378/500 | train -1.22219 [rh=0.0000 nh=-6.7077 rc=0.0000 nc=-5.5143] | val -1.20390 | lr 1.48e-04 | 2142.0s (no improvement 3/30)
Epoch  379/500 | train -1.22116 [rh=0.0000 nh=-6.7106 rc=0.0000 nc=-5.5010] | val -1.21002 | lr 1.46e-04 | 2147.8s (no improvement 4/30)
Epoch  380/500 | train -1.22454 [rh=0.0000 nh=-6.7141 rc=0.0000 nc=-5.5314] | val -1.20298 | lr 1.44e-04 | 2153.6s (no improvement 5/30)
Epoch  381/500 | train -1.22909 [rh=0.0000 nh=-6.7187 rc=0.0000 nc=-5.5722] | val -1.22001 | lr 1.42e-04 | 2159.0s ✓ best
Epoch  382/500 | train -1.22975 [rh=0.0000 nh=-6.7413 rc=0.0000 nc=-5.5562] | val -1.22521 | lr 1.40e-04 | 2165.1s ✓ best
Epoch  383/500 | train -1.22601 [rh=0.0000 nh=-6.7507 rc=0.0000 nc=-5.5095] | val -1.21491 | lr 1.38e-04 | 2170.8s (no improvement 1/30)
Epoch  384/500 | train -1.23336 [rh=0.0000 nh=-6.7243 rc=0.0000 nc=-5.6093] | val -1.22536 | lr 1.36e-04 | 2176.9s ✓ best
Epoch  385/500 | train -1.23299 [rh=0.0000 nh=-6.7670 rc=0.0000 nc=-5.5629] | val -1.21373 | lr 1.34e-04 | 2182.2s (no improvement 1/30)
Epoch  386/500 | train -1.23298 [rh=0.0000 nh=-6.7381 rc=0.0000 nc=-5.5918] | val -1.23496 | lr 1.32e-04 | 2187.8s ✓ best
Epoch  387/500 | train -1.23129 [rh=0.0000 nh=-6.7852 rc=0.0000 nc=-5.5278] | val -1.20546 | lr 1.30e-04 | 2193.6s (no improvement 1/30)
Epoch  388/500 | train -1.23810 [rh=0.0000 nh=-6.7480 rc=0.0000 nc=-5.6331] | val -1.21428 | lr 1.28e-04 | 2199.0s (no improvement 2/30)
Epoch  389/500 | train -1.23980 [rh=0.0000 nh=-6.7728 rc=0.0000 nc=-5.6252] | val -1.23269 | lr 1.26e-04 | 2204.6s (no improvement 3/30)
Epoch  390/500 | train -1.24398 [rh=0.0000 nh=-6.7851 rc=0.0000 nc=-5.6547] | val -1.22765 | lr 1.24e-04 | 2210.4s (no improvement 4/30)
Epoch  391/500 | train -1.23707 [rh=0.0000 nh=-6.8210 rc=0.0000 nc=-5.5498] | val -1.21781 | lr 1.22e-04 | 2215.8s (no improvement 5/30)
Epoch  392/500 | train -1.24367 [rh=0.0000 nh=-6.8037 rc=0.0000 nc=-5.6331] | val -1.22316 | lr 1.20e-04 | 2221.2s (no improvement 6/30)
Epoch  393/500 | train -1.24348 [rh=0.0000 nh=-6.8040 rc=0.0000 nc=-5.6308] | val -1.23994 | lr 1.18e-04 | 2226.9s ✓ best
Epoch  394/500 | train -1.24716 [rh=0.0000 nh=-6.8207 rc=0.0000 nc=-5.6509] | val -1.24229 | lr 1.16e-04 | 2232.9s ✓ best
Epoch  395/500 | train -1.24804 [rh=0.0000 nh=-6.8321 rc=0.0000 nc=-5.6483] | val -1.23832 | lr 1.14e-04 | 2238.8s (no improvement 1/30)
Epoch  396/500 | train -1.25160 [rh=0.0000 nh=-6.8327 rc=0.0000 nc=-5.6834] | val -1.24141 | lr 1.12e-04 | 2244.5s (no improvement 2/30)
Epoch  397/500 | train -1.25168 [rh=0.0000 nh=-6.8508 rc=0.0000 nc=-5.6661] | val -1.23719 | lr 1.10e-04 | 2250.4s (no improvement 3/30)
Epoch  398/500 | train -1.25117 [rh=0.0000 nh=-6.8547 rc=0.0000 nc=-5.6571] | val -1.23883 | lr 1.08e-04 | 2256.0s (no improvement 4/30)
Epoch  399/500 | train -1.25592 [rh=0.0000 nh=-6.8770 rc=0.0000 nc=-5.6822] | val -1.24844 | lr 1.06e-04 | 2261.6s ✓ best
Epoch  400/500 | train -1.25213 [rh=0.0000 nh=-6.8710 rc=0.0000 nc=-5.6504] | val -1.23943 | lr 1.05e-04 | 2266.9s (no improvement 1/30)
Epoch  401/500 | train -1.25634 [rh=0.0000 nh=-6.8588 rc=0.0000 nc=-5.7046] | val -1.23540 | lr 1.03e-04 | 2272.5s (no improvement 2/30)
Epoch  402/500 | train -1.25790 [rh=0.0000 nh=-6.8890 rc=0.0000 nc=-5.6901] | val -1.24234 | lr 1.01e-04 | 2277.9s (no improvement 3/30)
Epoch  403/500 | train -1.25894 [rh=0.0000 nh=-6.8782 rc=0.0000 nc=-5.7112] | val -1.24724 | lr 9.91e-05 | 2283.2s (no improvement 4/30)
Epoch  404/500 | train -1.26149 [rh=0.0000 nh=-6.8951 rc=0.0000 nc=-5.7198] | val -1.25649 | lr 9.74e-05 | 2288.8s ✓ best
Epoch  405/500 | train -1.26207 [rh=0.0000 nh=-6.9089 rc=0.0000 nc=-5.7118] | val -1.24241 | lr 9.56e-05 | 2294.1s (no improvement 1/30)
Epoch  406/500 | train -1.26438 [rh=0.0000 nh=-6.9099 rc=0.0000 nc=-5.7339] | val -1.25360 | lr 9.39e-05 | 2300.0s (no improvement 2/30)
Epoch  407/500 | train -1.26594 [rh=0.0000 nh=-6.9131 rc=0.0000 nc=-5.7464] | val -1.25984 | lr 9.21e-05 | 2305.7s ✓ best
Epoch  408/500 | train -1.26879 [rh=0.0000 nh=-6.9313 rc=0.0000 nc=-5.7566] | val -1.24968 | lr 9.04e-05 | 2311.5s (no improvement 1/30)
Epoch  409/500 | train -1.26955 [rh=0.0000 nh=-6.9265 rc=0.0000 nc=-5.7690] | val -1.25226 | lr 8.87e-05 | 2316.8s (no improvement 2/30)
Epoch  410/500 | train -1.26840 [rh=0.0000 nh=-6.9477 rc=0.0000 nc=-5.7363] | val -1.25864 | lr 8.71e-05 | 2322.7s (no improvement 3/30)
Epoch  411/500 | train -1.27267 [rh=0.0000 nh=-6.9493 rc=0.0000 nc=-5.7774] | val -1.26124 | lr 8.54e-05 | 2328.7s ✓ best
Epoch  412/500 | train -1.27451 [rh=0.0000 nh=-6.9488 rc=0.0000 nc=-5.7964] | val -1.25572 | lr 8.38e-05 | 2334.1s (no improvement 1/30)
Epoch  413/500 | train -1.27331 [rh=0.0000 nh=-6.9602 rc=0.0000 nc=-5.7729] | val -1.25877 | lr 8.21e-05 | 2339.8s (no improvement 2/30)
Epoch  414/500 | train -1.27469 [rh=0.0000 nh=-6.9663 rc=0.0000 nc=-5.7806] | val -1.25972 | lr 8.05e-05 | 2345.9s (no improvement 3/30)
Epoch  415/500 | train -1.27781 [rh=0.0000 nh=-6.9613 rc=0.0000 nc=-5.8169] | val -1.25730 | lr 7.89e-05 | 2351.7s (no improvement 4/30)
Epoch  416/500 | train -1.27644 [rh=0.0000 nh=-6.9812 rc=0.0000 nc=-5.7832] | val -1.26342 | lr 7.74e-05 | 2357.2s ✓ best
Epoch  417/500 | train -1.27772 [rh=0.0000 nh=-6.9988 rc=0.0000 nc=-5.7784] | val -1.26823 | lr 7.58e-05 | 2362.7s ✓ best
Epoch  418/500 | train -1.28123 [rh=0.0000 nh=-6.9851 rc=0.0000 nc=-5.8272] | val -1.26757 | lr 7.43e-05 | 2368.1s (no improvement 1/30)
Epoch  419/500 | train -1.28013 [rh=0.0000 nh=-7.0084 rc=0.0000 nc=-5.7929] | val -1.26881 | lr 7.27e-05 | 2373.7s ✓ best
Epoch  420/500 | train -1.28315 [rh=0.0000 nh=-6.9946 rc=0.0000 nc=-5.8369] | val -1.26660 | lr 7.12e-05 | 2379.0s (no improvement 1/30)
Epoch  421/500 | train -1.28449 [rh=0.0000 nh=-7.0042 rc=0.0000 nc=-5.8407] | val -1.26425 | lr 6.97e-05 | 2384.9s (no improvement 2/30)
Epoch  422/500 | train -1.28521 [rh=0.0000 nh=-7.0317 rc=0.0000 nc=-5.8204] | val -1.27406 | lr 6.83e-05 | 2390.9s ✓ best
Epoch  423/500 | train -1.28835 [rh=0.0000 nh=-7.0248 rc=0.0000 nc=-5.8587] | val -1.26961 | lr 6.68e-05 | 2396.2s (no improvement 1/30)
Epoch  424/500 | train -1.28770 [rh=0.0000 nh=-7.0325 rc=0.0000 nc=-5.8446] | val -1.28065 | lr 6.54e-05 | 2401.7s ✓ best
Epoch  425/500 | train -1.28808 [rh=0.0000 nh=-7.0407 rc=0.0000 nc=-5.8401] | val -1.27692 | lr 6.40e-05 | 2407.4s (no improvement 1/30)
Epoch  426/500 | train -1.29064 [rh=0.0000 nh=-7.0438 rc=0.0000 nc=-5.8627] | val -1.27710 | lr 6.25e-05 | 2413.5s (no improvement 2/30)
Epoch  427/500 | train -1.29224 [rh=0.0000 nh=-7.0414 rc=0.0000 nc=-5.8811] | val -1.27889 | lr 6.12e-05 | 2418.9s (no improvement 3/30)
Epoch  428/500 | train -1.29363 [rh=0.0000 nh=-7.0537 rc=0.0000 nc=-5.8826] | val -1.27267 | lr 5.98e-05 | 2424.2s (no improvement 4/30)
Epoch  429/500 | train -1.29471 [rh=0.0000 nh=-7.0589 rc=0.0000 nc=-5.8882] | val -1.28503 | lr 5.84e-05 | 2430.3s ✓ best
Epoch  430/500 | train -1.29420 [rh=0.0000 nh=-7.0636 rc=0.0000 nc=-5.8785] | val -1.27608 | lr 5.71e-05 | 2436.2s (no improvement 1/30)
Epoch  431/500 | train -1.29574 [rh=0.0000 nh=-7.0646 rc=0.0000 nc=-5.8929] | val -1.27749 | lr 5.58e-05 | 2441.7s (no improvement 2/30)
Epoch  432/500 | train -1.29732 [rh=0.0000 nh=-7.0824 rc=0.0000 nc=-5.8908] | val -1.28453 | lr 5.45e-05 | 2447.6s (no improvement 3/30)
Epoch  433/500 | train -1.29870 [rh=0.0000 nh=-7.0814 rc=0.0000 nc=-5.9057] | val -1.28584 | lr 5.32e-05 | 2453.2s ✓ best
Epoch  434/500 | train -1.30080 [rh=0.0000 nh=-7.0909 rc=0.0000 nc=-5.9172] | val -1.29229 | lr 5.20e-05 | 2459.2s ✓ best
Epoch  435/500 | train -1.30159 [rh=0.0000 nh=-7.0943 rc=0.0000 nc=-5.9216] | val -1.28686 | lr 5.07e-05 | 2464.6s (no improvement 1/30)
Epoch  436/500 | train -1.30093 [rh=0.0000 nh=-7.0878 rc=0.0000 nc=-5.9216] | val -1.29040 | lr 4.95e-05 | 2470.0s (no improvement 2/30)
Epoch  437/500 | train -1.30269 [rh=0.0000 nh=-7.1077 rc=0.0000 nc=-5.9193] | val -1.28711 | lr 4.83e-05 | 2475.4s (no improvement 3/30)
Epoch  438/500 | train -1.30367 [rh=0.0000 nh=-7.1079 rc=0.0000 nc=-5.9288] | val -1.29014 | lr 4.71e-05 | 2481.4s (no improvement 4/30)
Epoch  439/500 | train -1.30503 [rh=0.0000 nh=-7.1175 rc=0.0000 nc=-5.9328] | val -1.29482 | lr 4.59e-05 | 2486.9s ✓ best
Epoch  440/500 | train -1.30617 [rh=0.0000 nh=-7.1219 rc=0.0000 nc=-5.9399] | val -1.28870 | lr 4.48e-05 | 2492.6s (no improvement 1/30)
Epoch  441/500 | train -1.30710 [rh=0.0000 nh=-7.1174 rc=0.0000 nc=-5.9536] | val -1.29445 | lr 4.36e-05 | 2498.0s (no improvement 2/30)
Epoch  442/500 | train -1.30858 [rh=0.0000 nh=-7.1316 rc=0.0000 nc=-5.9542] | val -1.29465 | lr 4.25e-05 | 2503.3s (no improvement 3/30)
Epoch  443/500 | train -1.30921 [rh=0.0000 nh=-7.1338 rc=0.0000 nc=-5.9583] | val -1.29339 | lr 4.14e-05 | 2509.2s (no improvement 4/30)
Epoch  444/500 | train -1.31063 [rh=0.0000 nh=-7.1371 rc=0.0000 nc=-5.9692] | val -1.29543 | lr 4.03e-05 | 2514.7s ✓ best
Epoch  445/500 | train -1.31236 [rh=0.0000 nh=-7.1464 rc=0.0000 nc=-5.9772] | val -1.29601 | lr 3.93e-05 | 2520.3s ✓ best
Epoch  446/500 | train -1.31269 [rh=0.0000 nh=-7.1454 rc=0.0000 nc=-5.9816] | val -1.29456 | lr 3.82e-05 | 2525.6s (no improvement 1/30)
Epoch  447/500 | train -1.31198 [rh=0.0000 nh=-7.1530 rc=0.0000 nc=-5.9668] | val -1.29934 | lr 3.72e-05 | 2531.2s ✓ best
Epoch  448/500 | train -1.31410 [rh=0.0000 nh=-7.1576 rc=0.0000 nc=-5.9834] | val -1.30152 | lr 3.62e-05 | 2536.7s ✓ best
Epoch  449/500 | train -1.31539 [rh=0.0000 nh=-7.1672 rc=0.0000 nc=-5.9868] | val -1.30398 | lr 3.52e-05 | 2542.3s ✓ best
Epoch  450/500 | train -1.31686 [rh=0.0000 nh=-7.1647 rc=0.0000 nc=-6.0039] | val -1.30035 | lr 3.42e-05 | 2548.0s (no improvement 1/30)
Epoch  451/500 | train -1.31628 [rh=0.0000 nh=-7.1715 rc=0.0000 nc=-5.9913] | val -1.30443 | lr 3.33e-05 | 2553.9s ✓ best
Epoch  452/500 | train -1.31767 [rh=0.0000 nh=-7.1764 rc=0.0000 nc=-6.0004] | val -1.30541 | lr 3.23e-05 | 2559.6s ✓ best
Epoch  453/500 | train -1.31881 [rh=0.0000 nh=-7.1760 rc=0.0000 nc=-6.0121] | val -1.30580 | lr 3.14e-05 | 2565.1s ✓ best
Epoch  454/500 | train -1.31944 [rh=0.0000 nh=-7.1825 rc=0.0000 nc=-6.0120] | val -1.30588 | lr 3.05e-05 | 2570.6s ✓ best
Epoch  455/500 | train -1.32057 [rh=0.0000 nh=-7.1855 rc=0.0000 nc=-6.0203] | val -1.30585 | lr 2.97e-05 | 2576.5s (no improvement 1/30)
Epoch  456/500 | train -1.32141 [rh=0.0000 nh=-7.1912 rc=0.0000 nc=-6.0230] | val -1.30243 | lr 2.88e-05 | 2581.8s (no improvement 2/30)
Epoch  457/500 | train -1.32217 [rh=0.0000 nh=-7.1953 rc=0.0000 nc=-6.0264] | val -1.30971 | lr 2.80e-05 | 2587.8s ✓ best
Epoch  458/500 | train -1.32318 [rh=0.0000 nh=-7.2012 rc=0.0000 nc=-6.0306] | val -1.30952 | lr 2.71e-05 | 2593.9s (no improvement 1/30)
Epoch  459/500 | train -1.32356 [rh=0.0000 nh=-7.2017 rc=0.0000 nc=-6.0339] | val -1.30820 | lr 2.63e-05 | 2599.3s (no improvement 2/30)
Epoch  460/500 | train -1.32373 [rh=0.0000 nh=-7.2032 rc=0.0000 nc=-6.0341] | val -1.30817 | lr 2.56e-05 | 2605.3s (no improvement 3/30)
Epoch  461/500 | train -1.32531 [rh=0.0000 nh=-7.2076 rc=0.0000 nc=-6.0456] | val -1.31222 | lr 2.48e-05 | 2611.4s ✓ best
Epoch  462/500 | train -1.32557 [rh=0.0000 nh=-7.2147 rc=0.0000 nc=-6.0411] | val -1.30930 | lr 2.40e-05 | 2617.2s (no improvement 1/30)
Epoch  463/500 | train -1.32665 [rh=0.0000 nh=-7.2139 rc=0.0000 nc=-6.0526] | val -1.30899 | lr 2.33e-05 | 2623.3s (no improvement 2/30)
Epoch  464/500 | train -1.32700 [rh=0.0000 nh=-7.2177 rc=0.0000 nc=-6.0524] | val -1.31386 | lr 2.26e-05 | 2629.7s ✓ best
Epoch  465/500 | train -1.32825 [rh=0.0000 nh=-7.2213 rc=0.0000 nc=-6.0613] | val -1.31040 | lr 2.19e-05 | 2635.3s (no improvement 1/30)
Epoch  466/500 | train -1.32816 [rh=0.0000 nh=-7.2264 rc=0.0000 nc=-6.0552] | val -1.31471 | lr 2.13e-05 | 2640.9s ✓ best
Epoch  467/500 | train -1.32904 [rh=0.0000 nh=-7.2307 rc=0.0000 nc=-6.0597] | val -1.31073 | lr 2.06e-05 | 2646.2s (no improvement 1/30)
Epoch  468/500 | train -1.32908 [rh=0.0000 nh=-7.2316 rc=0.0000 nc=-6.0593] | val -1.31117 | lr 2.00e-05 | 2651.5s (no improvement 2/30)
Epoch  469/500 | train -1.33004 [rh=0.0000 nh=-7.2335 rc=0.0000 nc=-6.0670] | val -1.31514 | lr 1.94e-05 | 2657.0s ✓ best
Epoch  470/500 | train -1.33047 [rh=0.0000 nh=-7.2374 rc=0.0000 nc=-6.0673] | val -1.31716 | lr 1.88e-05 | 2663.4s ✓ best
Epoch  471/500 | train -1.33140 [rh=0.0000 nh=-7.2374 rc=0.0000 nc=-6.0767] | val -1.31676 | lr 1.82e-05 | 2669.6s (no improvement 1/30)
Epoch  472/500 | train -1.33191 [rh=0.0000 nh=-7.2409 rc=0.0000 nc=-6.0782] | val -1.31525 | lr 1.76e-05 | 2675.8s (no improvement 2/30)
Epoch  473/500 | train -1.33263 [rh=0.0000 nh=-7.2465 rc=0.0000 nc=-6.0798] | val -1.31737 | lr 1.71e-05 | 2682.2s ✓ best
Epoch  474/500 | train -1.33319 [rh=0.0000 nh=-7.2464 rc=0.0000 nc=-6.0855] | val -1.31857 | lr 1.66e-05 | 2688.5s ✓ best
Epoch  475/500 | train -1.33352 [rh=0.0000 nh=-7.2494 rc=0.0000 nc=-6.0858] | val -1.31807 | lr 1.61e-05 | 2695.0s (no improvement 1/30)
Epoch  476/500 | train -1.33378 [rh=0.0000 nh=-7.2530 rc=0.0000 nc=-6.0848] | val -1.31886 | lr 1.56e-05 | 2701.3s ✓ best
Epoch  477/500 | train -1.33441 [rh=0.0000 nh=-7.2549 rc=0.0000 nc=-6.0893] | val -1.31923 | lr 1.52e-05 | 2707.4s ✓ best
Epoch  478/500 | train -1.33520 [rh=0.0000 nh=-7.2577 rc=0.0000 nc=-6.0943] | val -1.32035 | lr 1.47e-05 | 2713.5s ✓ best
Epoch  479/500 | train -1.33568 [rh=0.0000 nh=-7.2593 rc=0.0000 nc=-6.0975] | val -1.32020 | lr 1.43e-05 | 2718.9s (no improvement 1/30)
Epoch  480/500 | train -1.33597 [rh=0.0000 nh=-7.2608 rc=0.0000 nc=-6.0989] | val -1.31943 | lr 1.39e-05 | 2724.3s (no improvement 2/30)
Epoch  481/500 | train -1.33629 [rh=0.0000 nh=-7.2623 rc=0.0000 nc=-6.1006] | val -1.31944 | lr 1.35e-05 | 2729.6s (no improvement 3/30)
Epoch  482/500 | train -1.33671 [rh=0.0000 nh=-7.2666 rc=0.0000 nc=-6.1005] | val -1.31950 | lr 1.32e-05 | 2734.9s (no improvement 4/30)
Epoch  483/500 | train -1.33729 [rh=0.0000 nh=-7.2669 rc=0.0000 nc=-6.1061] | val -1.32120 | lr 1.28e-05 | 2740.6s ✓ best
Epoch  484/500 | train -1.33729 [rh=0.0000 nh=-7.2671 rc=0.0000 nc=-6.1059] | val -1.32154 | lr 1.25e-05 | 2746.2s ✓ best
Epoch  485/500 | train -1.33836 [rh=0.0000 nh=-7.2702 rc=0.0000 nc=-6.1134] | val -1.32193 | lr 1.22e-05 | 2751.8s ✓ best
Epoch  486/500 | train -1.33839 [rh=0.0000 nh=-7.2715 rc=0.0000 nc=-6.1125] | val -1.31996 | lr 1.19e-05 | 2757.2s (no improvement 1/30)
Epoch  487/500 | train -1.33870 [rh=0.0000 nh=-7.2726 rc=0.0000 nc=-6.1144] | val -1.32180 | lr 1.17e-05 | 2762.7s (no improvement 2/30)
Epoch  488/500 | train -1.33881 [rh=0.0000 nh=-7.2750 rc=0.0000 nc=-6.1131] | val -1.32350 | lr 1.14e-05 | 2768.3s ✓ best
Epoch  489/500 | train -1.33917 [rh=0.0000 nh=-7.2771 rc=0.0000 nc=-6.1146] | val -1.32379 | lr 1.12e-05 | 2773.9s ✓ best
Epoch  490/500 | train -1.33976 [rh=0.0000 nh=-7.2785 rc=0.0000 nc=-6.1192] | val -1.32346 | lr 1.10e-05 | 2779.3s (no improvement 1/30)
Epoch  491/500 | train -1.33987 [rh=0.0000 nh=-7.2794 rc=0.0000 nc=-6.1194] | val -1.32287 | lr 1.08e-05 | 2784.6s (no improvement 2/30)
Epoch  492/500 | train -1.33998 [rh=0.0000 nh=-7.2791 rc=0.0000 nc=-6.1208] | val -1.32306 | lr 1.06e-05 | 2789.9s (no improvement 3/30)
Epoch  493/500 | train -1.34010 [rh=0.0000 nh=-7.2822 rc=0.0000 nc=-6.1188] | val -1.32319 | lr 1.05e-05 | 2795.3s (no improvement 4/30)
Epoch  494/500 | train -1.34048 [rh=0.0000 nh=-7.2810 rc=0.0000 nc=-6.1238] | val -1.32371 | lr 1.04e-05 | 2800.6s (no improvement 5/30)
Epoch  495/500 | train -1.34081 [rh=0.0000 nh=-7.2833 rc=0.0000 nc=-6.1248] | val -1.32426 | lr 1.02e-05 | 2806.2s ✓ best
Epoch  496/500 | train -1.34074 [rh=0.0000 nh=-7.2853 rc=0.0000 nc=-6.1220] | val -1.32486 | lr 1.02e-05 | 2811.7s ✓ best
Epoch  497/500 | train -1.34133 [rh=0.0000 nh=-7.2861 rc=0.0000 nc=-6.1272] | val -1.32421 | lr 1.01e-05 | 2817.1s (no improvement 1/30)
Epoch  498/500 | train -1.34150 [rh=0.0000 nh=-7.2874 rc=0.0000 nc=-6.1276] | val -1.32533 | lr 1.00e-05 | 2822.9s ✓ best
Epoch  499/500 | train -1.34157 [rh=0.0000 nh=-7.2872 rc=0.0000 nc=-6.1286] | val -1.32514 | lr 1.00e-05 | 2828.3s (no improvement 1/30)
Epoch  500/500 | train -1.34174 [rh=0.0000 nh=-7.2887 rc=0.0000 nc=-6.1287] | val -1.32563 | lr 1.00e-05 | 2834.4s ✓ best
[train] Loss plot → surrogate_model_v3/runs/gap_100-150_300-350/loss_curves.png
[train] Component loss plot → surrogate_model_v3/runs/gap_100-150_300-350/loss_components.png

[train] Done.  Best val loss : -1.325633
[train] Best checkpoint  : surrogate_model_v3/runs/gap_100-150_300-350/surrogate_best.pt
[train] Final checkpoint : surrogate_model_v3/runs/gap_100-150_300-350/surrogate_final.pt
=== [1/7] Full surrogate evaluation (evaluate.py) ===
[evaluate] Output dir : /nfs/turbo/coe-sunwbgt/xysong/Offline-RL-Controller-in-AM/surrogate_model_v3/runs/gap_100-150_300-350
[evaluate] Device     : cuda
[evaluate] Mesh loaded: 1053 nodes, 488 triangles. X∈[0.00,12.00], Y∈[0.00,3.00]
[evaluate] TwoStageSurrogate(state=1053, lp_dim=1, cool_dim=1, K=5, n_layers=12, embed=8, rank=0 | heat×5=2,554,020  cool×5=2,554,020 | total=5,108,040)
[dataset] Loaded 5000 trajectories × 12 layers from DatasetV2_layer_12_samples_5000.pkl
[dataset] Split → train 4000 | val 500 | test 500
[dataset] Bootstrap masks: (4000, 5), resample_frac=1.0, ~37.1% of (sample, member) pairs unseen (expected ≈ 36.8%)
[TwoStageTrajectoryDataset] 4,000 trajectories, T=12, state_dim=1053, bootstrap K=5 (trajectory-level resampling)
[dataset] Bootstrap masks: (48000, 5), resample_frac=1.0, ~36.8% of (sample, member) pairs unseen (expected ≈ 36.8%)
[TwoStageSurrogateDataset] 48,000 transitions, state_dim=1053, layers 0–11, bootstrap K=5 (transition-level resampling)
[dataset] Bootstrap masks: (500, 5), resample_frac=1.0, ~36.7% of (sample, member) pairs unseen (expected ≈ 36.8%)
[TwoStageTrajectoryDataset] 500 trajectories, T=12, state_dim=1053, bootstrap K=5 (trajectory-level resampling)
[dataset] Bootstrap masks: (6000, 5), resample_frac=1.0, ~36.6% of (sample, member) pairs unseen (expected ≈ 36.8%)
[TwoStageSurrogateDataset] 6,000 transitions, state_dim=1053, layers 0–11, bootstrap K=5 (transition-level resampling)
[dataset] Bootstrap masks: (500, 5), resample_frac=1.0, ~36.7% of (sample, member) pairs unseen (expected ≈ 36.8%)
[TwoStageTrajectoryDataset] 500 trajectories, T=12, state_dim=1053, bootstrap K=5 (trajectory-level resampling)
[dataset] Bootstrap masks: (6000, 5), resample_frac=1.0, ~36.6% of (sample, member) pairs unseen (expected ≈ 36.8%)
[TwoStageSurrogateDataset] 6,000 transitions, state_dim=1053, layers 0–11, bootstrap K=5 (transition-level resampling)

[evaluate] ════════════════════ TRAIN SET ════════════════════
  recon_heat    : 0.000001
  nll_heat      : -7.116495
  recon_cool    : 0.000002
  nll_cool      : -5.749595

   Layer   Heat SS RMSE   Heat RO RMSE   Cool SS RMSE   Cool RO RMSE
       1          0.286          0.286          0.310          0.279
       2          0.359          0.430          0.266          0.334
       3          0.323          0.463          0.292          0.430
       4          0.434          0.648          0.415          0.619
       5          0.562          0.982          0.502          0.795
       6          0.576          1.103          0.576          0.931
       7          0.590          1.201          0.592          1.025
       8          0.588          1.269          0.615          1.111
       9          0.713          1.454          0.835          1.338
      10          1.054          2.121          1.241          1.964
      11          1.151          2.914          1.297          2.421
      12          1.273          3.503          1.551          3.035

[evaluate] ════════════════════ VAL SET ════════════════════
  recon_heat    : 0.000001
  nll_heat      : -7.101610
  recon_cool    : 0.000002
  nll_cool      : -5.726407

   Layer   Heat SS RMSE   Heat RO RMSE   Cool SS RMSE   Cool RO RMSE
       1          0.291          0.291          0.312          0.280
       2          0.371          0.440          0.276          0.347
       3          0.312          0.461          0.306          0.437
       4          0.469          0.694          0.417          0.628
       5          0.458          0.880          0.498          0.766
       6          0.613          1.175          0.593          0.957
       7          0.592          1.225          0.577          1.050
       8          0.703          1.317          0.646          1.175
       9          0.763          1.505          0.779          1.354
      10          1.106          2.083          1.268          2.012
      11          1.136          2.840          1.217          2.374
      12          1.379          3.471          1.499          3.074

[evaluate] ════════════════════ TEST SET ════════════════════
  recon_heat    : 0.000001
  nll_heat      : -7.077433
  recon_cool    : 0.000002
  nll_cool      : -5.746272

   Layer   Heat SS RMSE   Heat RO RMSE   Cool SS RMSE   Cool RO RMSE
       1          0.277          0.277          0.319          0.287
       2          0.362          0.439          0.260          0.334
       3          0.330          0.459          0.317          0.446
       4          0.446          0.654          0.409          0.626
       5          0.568          0.946          0.478          0.770
       6          0.634          1.129          0.557          0.937
       7          0.560          1.208          0.563          1.037
       8          0.622          1.341          0.721          1.185
       9          0.797          1.723          0.873          1.492
      10          1.356          2.525          1.305          2.248
      11          1.287          3.395          1.194          2.720
      12          1.302          3.842          1.455          3.238

[evaluate] ═════════════════════════════════════════════════════════════════════════════════════════════════════════════════════
[evaluate] SUMMARY
[evaluate] ═════════════════════════════════════════════════════════════════════════════════════════════════════════════════════
  Split   heat_ss_rmse [K]heat_ro_rmse [K]cool_ss_rmse [K]cool_ro_rmse [K] heat_epist_std cool_epist_std      total_std
  train            0.6590         1.3645         0.7076         1.1902         0.0002         0.0005         0.0011
  val              0.6829         1.3650         0.6990         1.2045         0.0002         0.0005         0.0011
  test             0.7118         1.4948         0.7042         1.2767         0.0002         0.0005         0.0011
[evaluate] ═════════════════════════════════════════════════════════════════════════════════════════════════════════════════════

[evaluate] Saved → /nfs/turbo/coe-sunwbgt/xysong/Offline-RL-Controller-in-AM/surrogate_model_v3/runs/gap_100-150_300-350/per_layer_rmse.png
[evaluate] Saved → /nfs/turbo/coe-sunwbgt/xysong/Offline-RL-Controller-in-AM/surrogate_model_v3/runs/gap_100-150_300-350/per_layer_mae.png
[evaluate] Saved → /nfs/turbo/coe-sunwbgt/xysong/Offline-RL-Controller-in-AM/surrogate_model_v3/runs/gap_100-150_300-350/per_layer_uncertainty.png
[evaluate] Saving field plots for 3 test trajectories ...
[evaluate] Saved → /nfs/turbo/coe-sunwbgt/xysong/Offline-RL-Controller-in-AM/surrogate_model_v3/runs/gap_100-150_300-350/traj_000/actions.txt
[evaluate] Saved → /nfs/turbo/coe-sunwbgt/xysong/Offline-RL-Controller-in-AM/surrogate_model_v3/runs/gap_100-150_300-350/traj_000/action_sequence.png
[evaluate] Saved → /nfs/turbo/coe-sunwbgt/xysong/Offline-RL-Controller-in-AM/surrogate_model_v3/runs/gap_100-150_300-350/traj_000/sigma_per_layer.png
[evaluate] Saved → /nfs/turbo/coe-sunwbgt/xysong/Offline-RL-Controller-in-AM/surrogate_model_v3/runs/gap_100-150_300-350/traj_000/layer_01_LP300W.png
[evaluate] Saved → /nfs/turbo/coe-sunwbgt/xysong/Offline-RL-Controller-in-AM/surrogate_model_v3/runs/gap_100-150_300-350/traj_000/layer_02_LP370W.png
[evaluate] Saved → /nfs/turbo/coe-sunwbgt/xysong/Offline-RL-Controller-in-AM/surrogate_model_v3/runs/gap_100-150_300-350/traj_000/layer_03_LP270W.png
[evaluate] Saved → /nfs/turbo/coe-sunwbgt/xysong/Offline-RL-Controller-in-AM/surrogate_model_v3/runs/gap_100-150_300-350/traj_000/layer_04_LP160W.png
[evaluate] Saved → /nfs/turbo/coe-sunwbgt/xysong/Offline-RL-Controller-in-AM/surrogate_model_v3/runs/gap_100-150_300-350/traj_000/layer_05_LP120W.png
[evaluate] Saved → /nfs/turbo/coe-sunwbgt/xysong/Offline-RL-Controller-in-AM/surrogate_model_v3/runs/gap_100-150_300-350/traj_000/layer_06_LP340W.png
[evaluate] Saved → /nfs/turbo/coe-sunwbgt/xysong/Offline-RL-Controller-in-AM/surrogate_model_v3/runs/gap_100-150_300-350/traj_000/layer_07_LP180W.png
[evaluate] Saved → /nfs/turbo/coe-sunwbgt/xysong/Offline-RL-Controller-in-AM/surrogate_model_v3/runs/gap_100-150_300-350/traj_000/layer_08_LP210W.png
[evaluate] Saved → /nfs/turbo/coe-sunwbgt/xysong/Offline-RL-Controller-in-AM/surrogate_model_v3/runs/gap_100-150_300-350/traj_000/layer_09_LP400W.png
[evaluate] Saved → /nfs/turbo/coe-sunwbgt/xysong/Offline-RL-Controller-in-AM/surrogate_model_v3/runs/gap_100-150_300-350/traj_000/layer_10_LP300W.png
[evaluate] Saved → /nfs/turbo/coe-sunwbgt/xysong/Offline-RL-Controller-in-AM/surrogate_model_v3/runs/gap_100-150_300-350/traj_000/layer_11_LP190W.png
[evaluate] Saved → /nfs/turbo/coe-sunwbgt/xysong/Offline-RL-Controller-in-AM/surrogate_model_v3/runs/gap_100-150_300-350/traj_000/layer_12_LP270W.png
[evaluate] Saved → /nfs/turbo/coe-sunwbgt/xysong/Offline-RL-Controller-in-AM/surrogate_model_v3/runs/gap_100-150_300-350/traj_001/actions.txt
[evaluate] Saved → /nfs/turbo/coe-sunwbgt/xysong/Offline-RL-Controller-in-AM/surrogate_model_v3/runs/gap_100-150_300-350/traj_001/action_sequence.png
[evaluate] Saved → /nfs/turbo/coe-sunwbgt/xysong/Offline-RL-Controller-in-AM/surrogate_model_v3/runs/gap_100-150_300-350/traj_001/sigma_per_layer.png
[evaluate] Saved → /nfs/turbo/coe-sunwbgt/xysong/Offline-RL-Controller-in-AM/surrogate_model_v3/runs/gap_100-150_300-350/traj_001/layer_01_LP350W.png
[evaluate] Saved → /nfs/turbo/coe-sunwbgt/xysong/Offline-RL-Controller-in-AM/surrogate_model_v3/runs/gap_100-150_300-350/traj_001/layer_02_LP400W.png
[evaluate] Saved → /nfs/turbo/coe-sunwbgt/xysong/Offline-RL-Controller-in-AM/surrogate_model_v3/runs/gap_100-150_300-350/traj_001/layer_03_LP230W.png
[evaluate] Saved → /nfs/turbo/coe-sunwbgt/xysong/Offline-RL-Controller-in-AM/surrogate_model_v3/runs/gap_100-150_300-350/traj_001/layer_04_LP160W.png
[evaluate] Saved → /nfs/turbo/coe-sunwbgt/xysong/Offline-RL-Controller-in-AM/surrogate_model_v3/runs/gap_100-150_300-350/traj_001/layer_05_LP390W.png
[evaluate] Saved → /nfs/turbo/coe-sunwbgt/xysong/Offline-RL-Controller-in-AM/surrogate_model_v3/runs/gap_100-150_300-350/traj_001/layer_06_LP260W.png
[evaluate] Saved → /nfs/turbo/coe-sunwbgt/xysong/Offline-RL-Controller-in-AM/surrogate_model_v3/runs/gap_100-150_300-350/traj_001/layer_07_LP390W.png
[evaluate] Saved → /nfs/turbo/coe-sunwbgt/xysong/Offline-RL-Controller-in-AM/surrogate_model_v3/runs/gap_100-150_300-350/traj_001/layer_08_LP190W.png
[evaluate] Saved → /nfs/turbo/coe-sunwbgt/xysong/Offline-RL-Controller-in-AM/surrogate_model_v3/runs/gap_100-150_300-350/traj_001/layer_09_LP170W.png
[evaluate] Saved → /nfs/turbo/coe-sunwbgt/xysong/Offline-RL-Controller-in-AM/surrogate_model_v3/runs/gap_100-150_300-350/traj_001/layer_10_LP250W.png
[evaluate] Saved → /nfs/turbo/coe-sunwbgt/xysong/Offline-RL-Controller-in-AM/surrogate_model_v3/runs/gap_100-150_300-350/traj_001/layer_11_LP310W.png
[evaluate] Saved → /nfs/turbo/coe-sunwbgt/xysong/Offline-RL-Controller-in-AM/surrogate_model_v3/runs/gap_100-150_300-350/traj_001/layer_12_LP170W.png
[evaluate] Saved → /nfs/turbo/coe-sunwbgt/xysong/Offline-RL-Controller-in-AM/surrogate_model_v3/runs/gap_100-150_300-350/traj_002/actions.txt
[evaluate] Saved → /nfs/turbo/coe-sunwbgt/xysong/Offline-RL-Controller-in-AM/surrogate_model_v3/runs/gap_100-150_300-350/traj_002/action_sequence.png
[evaluate] Saved → /nfs/turbo/coe-sunwbgt/xysong/Offline-RL-Controller-in-AM/surrogate_model_v3/runs/gap_100-150_300-350/traj_002/sigma_per_layer.png
[evaluate] Saved → /nfs/turbo/coe-sunwbgt/xysong/Offline-RL-Controller-in-AM/surrogate_model_v3/runs/gap_100-150_300-350/traj_002/layer_01_LP200W.png
[evaluate] Saved → /nfs/turbo/coe-sunwbgt/xysong/Offline-RL-Controller-in-AM/surrogate_model_v3/runs/gap_100-150_300-350/traj_002/layer_02_LP100W.png
[evaluate] Saved → /nfs/turbo/coe-sunwbgt/xysong/Offline-RL-Controller-in-AM/surrogate_model_v3/runs/gap_100-150_300-350/traj_002/layer_03_LP240W.png
[evaluate] Saved → /nfs/turbo/coe-sunwbgt/xysong/Offline-RL-Controller-in-AM/surrogate_model_v3/runs/gap_100-150_300-350/traj_002/layer_04_LP380W.png
[evaluate] Saved → /nfs/turbo/coe-sunwbgt/xysong/Offline-RL-Controller-in-AM/surrogate_model_v3/runs/gap_100-150_300-350/traj_002/layer_05_LP330W.png
[evaluate] Saved → /nfs/turbo/coe-sunwbgt/xysong/Offline-RL-Controller-in-AM/surrogate_model_v3/runs/gap_100-150_300-350/traj_002/layer_06_LP100W.png
[evaluate] Saved → /nfs/turbo/coe-sunwbgt/xysong/Offline-RL-Controller-in-AM/surrogate_model_v3/runs/gap_100-150_300-350/traj_002/layer_07_LP380W.png
[evaluate] Saved → /nfs/turbo/coe-sunwbgt/xysong/Offline-RL-Controller-in-AM/surrogate_model_v3/runs/gap_100-150_300-350/traj_002/layer_08_LP390W.png
[evaluate] Saved → /nfs/turbo/coe-sunwbgt/xysong/Offline-RL-Controller-in-AM/surrogate_model_v3/runs/gap_100-150_300-350/traj_002/layer_09_LP400W.png
[evaluate] Saved → /nfs/turbo/coe-sunwbgt/xysong/Offline-RL-Controller-in-AM/surrogate_model_v3/runs/gap_100-150_300-350/traj_002/layer_10_LP340W.png
[evaluate] Saved → /nfs/turbo/coe-sunwbgt/xysong/Offline-RL-Controller-in-AM/surrogate_model_v3/runs/gap_100-150_300-350/traj_002/layer_11_LP320W.png
[evaluate] Saved → /nfs/turbo/coe-sunwbgt/xysong/Offline-RL-Controller-in-AM/surrogate_model_v3/runs/gap_100-150_300-350/traj_002/layer_12_LP230W.png

[evaluate] Complete. All outputs in: /nfs/turbo/coe-sunwbgt/xysong/Offline-RL-Controller-in-AM/surrogate_model_v3/runs/gap_100-150_300-350
=== [2/7] OOD stress test — uncertainty vs. action (evaluate_ood.py) ===
[evaluate_ood] Output dir : /nfs/turbo/coe-sunwbgt/xysong/Offline-RL-Controller-in-AM/surrogate_model_v3/runs/gap_100-150_300-350
[evaluate_ood] Device     : cuda
[evaluate_ood] TwoStageSurrogate(state=1053, lp_dim=1, cool_dim=1, K=5, n_layers=12, embed=8, rank=0 | heat×5=2,554,020  cool×5=2,554,020 | total=5,108,040)
[dataset] Loaded 5000 trajectories × 12 layers from DatasetV2_layer_12_samples_5000.pkl
[evaluate_ood] Wide dataset laser-power range: [100.0, 400.0] W  (checkpoint trained on [100.0, 150.0], [300.0, 350.0] W)
[dataset] Bootstrap masks: (60000, 5), resample_frac=1.0, ~36.8% of (sample, member) pairs unseen (expected ≈ 36.8%)
[TwoStageSurrogateDataset] 60,000 transitions, state_dim=1053, layers 0–11, bootstrap K=5 (transition-level resampling)
[evaluate_ood] Running forward pass over all transitions (heating stage) ...

[evaluate_ood] ══════════════════════════════════════════════════════════════════════════════════════════
[evaluate_ood] SUMMARY  (n, mean epistemic σ, mean aleatoric σ, RMSE, corr(epistemic σ, per-sample squared error))
[evaluate_ood] ══════════════════════════════════════════════════════════════════════════════════════════
  ID           n= 23278  epist σ=0.00017  aleat σ=0.00035  RMSE=   0.58 K  corr(epi,err) pearson=0.579 spearman=0.706
  OOD          n= 36722  epist σ=0.00026  aleat σ=0.00036  RMSE=   0.83 K  corr(epi,err) pearson=0.477 spearman=0.634
  ALL          n= 60000  epist σ=0.00023  aleat σ=0.00035  RMSE=   0.74 K  corr(epi,err) pearson=0.492 spearman=0.712
[evaluate_ood] ══════════════════════════════════════════════════════════════════════════════════════════

     Power bin [W]        n     Epist σ     Aleat σ    RMSE [K]
    100.0-  125.0     5942     0.00017     0.00034        0.49
    125.0-  150.0     3803     0.00016     0.00034        0.41
    150.0-  175.0     5694     0.00019     0.00034        0.43
    175.0-  200.0     3853     0.00022     0.00035        0.47
    200.0-  225.0     5813     0.00025     0.00034        0.55
    225.0-  250.0     3925     0.00026     0.00035        0.59
    250.0-  275.0     5813     0.00024     0.00036        0.58
    275.0-  300.0     3940     0.00020     0.00035        0.59
    300.0-  325.0     5749     0.00018     0.00036        0.62
    325.0-  350.0     3942     0.00018     0.00037        0.69
    350.0-  375.0     5800     0.00024     0.00037        0.97
    375.0-  400.0     5726     0.00043     0.00038        1.51
[evaluate_ood] Saved → /nfs/turbo/coe-sunwbgt/xysong/Offline-RL-Controller-in-AM/surrogate_model_v3/runs/gap_100-150_300-350/ood_uncertainty_vs_action.png
[evaluate_ood] Saved → /nfs/turbo/coe-sunwbgt/xysong/Offline-RL-Controller-in-AM/surrogate_model_v3/runs/gap_100-150_300-350/ood_epistemic_vs_error.png

[evaluate_ood] Running forward pass over all transitions (combined heat+cool, propagate_uncertainty=False) ...

[evaluate_ood] ══════════════════════════════════════════════════════════════════════════════════════════
[evaluate_ood] SUMMARY — COMBINED (post-cooling)
[evaluate_ood] ══════════════════════════════════════════════════════════════════════════════════════════
  ID           n= 23278  epist σ=0.00043  aleat σ=0.00084  RMSE=   0.66 K  corr(epi,err) pearson=0.536 spearman=0.792
  OOD          n= 36722  epist σ=0.00066  aleat σ=0.00087  RMSE=   1.06 K  corr(epi,err) pearson=0.537 spearman=0.724
  ALL          n= 60000  epist σ=0.00057  aleat σ=0.00086  RMSE=   0.92 K  corr(epi,err) pearson=0.522 spearman=0.783
[evaluate_ood] ══════════════════════════════════════════════════════════════════════════════════════════

     Power bin [W]        n     Epist σ     Aleat σ    RMSE [K]
    100.0-  125.0     5942     0.00042     0.00077        0.43
    125.0-  150.0     3803     0.00039     0.00078        0.40
    150.0-  175.0     5694     0.00048     0.00079        0.47
    175.0-  200.0     3853     0.00059     0.00081        0.56
    200.0-  225.0     5813     0.00067     0.00082        0.69
    225.0-  250.0     3925     0.00068     0.00084        0.76
    250.0-  275.0     5813     0.00060     0.00086        0.73
    275.0-  300.0     3940     0.00051     0.00086        0.74
    300.0-  325.0     5749     0.00044     0.00090        0.77
    325.0-  350.0     3942     0.00044     0.00092        0.84
    350.0-  375.0     5800     0.00058     0.00095        1.10
    375.0-  400.0     5726     0.00100     0.00098        2.01
[evaluate_ood] Saved → /nfs/turbo/coe-sunwbgt/xysong/Offline-RL-Controller-in-AM/surrogate_model_v3/runs/gap_100-150_300-350/ood_uncertainty_vs_action_combined.png
[evaluate_ood] Saved → /nfs/turbo/coe-sunwbgt/xysong/Offline-RL-Controller-in-AM/surrogate_model_v3/runs/gap_100-150_300-350/ood_epistemic_vs_error_combined.png

[evaluate_ood] Complete. All outputs in: /nfs/turbo/coe-sunwbgt/xysong/Offline-RL-Controller-in-AM/surrogate_model_v3/runs/gap_100-150_300-350
=== [3/7] Calibrating UCPG's uncertainty budget (delta) ===
=================================================================
[train] Uncertainty-Constrained Policy Gradient v2 — LPBF Controller
[train] (continuous action, two-stage heating/cooling surrogate)
[train] Output dir : online_RL_ucpg_v2/runs/gap_100-150_300-350_calib
[train] Device     : cuda
[train] delta (uncertainty budget) : 999.0
=================================================================

[train] Loading surrogate: surrogate_model_v3/runs/gap_100-150_300-350/surrogate_best.pt
[train] Surrogate   : TwoStageSurrogate(state=1053, lp_dim=1, cool_dim=1, K=5, n_layers=12, embed=8, rank=0 | heat×5=2,554,020  cool×5=2,554,020 | total=5,108,040)
[TwoStageLatentLPBFEnv] Mesh loaded: 1053 nodes  X∈[0.00, 12.00]  Y∈[0.00, 3.00]
[train] Action aim range : [100, 400] W  (continuous, unclipped)
[train] cool_time range  : [0.050, 0.150] s  (drawn once/episode)
[train] obs_dim     : 1055  (latent_dim=1053 + layer token + cool_time token)
[train] UCPGAgentV2(ContinuousLatentPolicyNet(latent_dim=1053, action_range=[100, 400]W, hidden=128, depth=3, n_layers=12, layer_embed_dim=8, params=237,167)  lambda=0.00000)

[train] Starting 40 iterations (N=32 trajectories/iter, T=12 steps/traj)
[train] gamma_r=0.99  gamma_u=0.99  lr_theta=0.0003  lr_lambda=0.01
-----------------------------------------------------------------
Iter     1/40 | return -11.0823 (avg1 -11.0823) | J_u 0.01430 (δ=999.0) | λ 0.00000 | loss -447.1116 | entropy 5.286 | action 251.2±47.1W | OOD-action  17.4% | 5s
[agent] Checkpoint saved → online_RL_ucpg_v2/runs/gap_100-150_300-350_calib/ucpg_best.pt
[agent] Checkpoint saved → online_RL_ucpg_v2/runs/gap_100-150_300-350_calib/ucpg_best.pt
[agent] Checkpoint saved → online_RL_ucpg_v2/runs/gap_100-150_300-350_calib/ucpg_best.pt
[agent] Checkpoint saved → online_RL_ucpg_v2/runs/gap_100-150_300-350_calib/ucpg_best.pt
[agent] Checkpoint saved → online_RL_ucpg_v2/runs/gap_100-150_300-350_calib/ucpg_best.pt
[agent] Checkpoint saved → online_RL_ucpg_v2/runs/gap_100-150_300-350_calib/ucpg_best.pt
[agent] Checkpoint saved → online_RL_ucpg_v2/runs/gap_100-150_300-350_calib/ucpg_best.pt
[agent] Checkpoint saved → online_RL_ucpg_v2/runs/gap_100-150_300-350_calib/ucpg_best.pt
[agent] Checkpoint saved → online_RL_ucpg_v2/runs/gap_100-150_300-350_calib/ucpg_best.pt
[agent] Checkpoint saved → online_RL_ucpg_v2/runs/gap_100-150_300-350_calib/ucpg_best.pt
[agent] Checkpoint saved → online_RL_ucpg_v2/runs/gap_100-150_300-350_calib/ucpg_best.pt
Iter    20/40 | return -3.9304 (avg20 -5.8445) | J_u 0.01452 (δ=999.0) | λ 0.00000 | loss -113.1212 | entropy 5.285 | action 184.2±60.8W | OOD-action  33.1% | 84s
[agent] Checkpoint saved → online_RL_ucpg_v2/runs/gap_100-150_300-350_calib/ucpg_best.pt
[agent] Checkpoint saved → online_RL_ucpg_v2/runs/gap_100-150_300-350_calib/ucpg_best.pt
[agent] Checkpoint saved → online_RL_ucpg_v2/runs/gap_100-150_300-350_calib/ucpg_best.pt
[agent] Checkpoint saved → online_RL_ucpg_v2/runs/gap_100-150_300-350_calib/ucpg_best.pt
Iter    40/40 | return -3.7706 (avg20 -3.6937) | J_u 0.01656 (δ=999.0) | λ 0.00000 | loss -103.5811 | entropy 5.283 | action 183.0±77.2W | OOD-action  46.4% | 166s
[agent] Checkpoint saved → online_RL_ucpg_v2/runs/gap_100-150_300-350_calib/ucpg_final.pt
[train] Plot saved → online_RL_ucpg_v2/runs/gap_100-150_300-350_calib/return.png
[train] Plot saved → online_RL_ucpg_v2/runs/gap_100-150_300-350_calib/j_u.png
[train] Plot saved → online_RL_ucpg_v2/runs/gap_100-150_300-350_calib/lambda.png
[train] Plot saved → online_RL_ucpg_v2/runs/gap_100-150_300-350_calib/loss.png
[train] Plot saved → online_RL_ucpg_v2/runs/gap_100-150_300-350_calib/entropy.png
[train] Plot saved → online_RL_ucpg_v2/runs/gap_100-150_300-350_calib/action_stats.png
[train] Plot saved → online_RL_ucpg_v2/runs/gap_100-150_300-350_calib/ood_action_fraction.png

=================================================================
[train] Training complete in 2.8 min
[train] Best undiscounted return : -3.4218
[train] Final J_u_hat / delta     : 0.01656 / 999.0
[train] Final lambda              : 0.00000
[train] Final action              : 183.0 ± 77.2 W
[train] Best checkpoint  : online_RL_ucpg_v2/runs/gap_100-150_300-350_calib/ucpg_best.pt
[train] Final checkpoint : online_RL_ucpg_v2/runs/gap_100-150_300-350_calib/ucpg_final.pt
=================================================================
Calibration: near-random J_u_hat=0.01656  ->  delta=0.00662 (0.4x)
=== [4/7] Naive PG (no uncertainty) ===
=================================================================
[naive_pg] Baseline 0 — naive (unconstrained) policy gradient
[naive_pg] Output dir : baselines/naive_pg/runs/gap_100-150_300-350
[naive_pg] Device     : cuda
=================================================================
[TwoStageLatentLPBFEnv] Mesh loaded: 1053 nodes  X∈[0.00, 12.00]  Y∈[0.00, 3.00]
[naive_pg] UCPGAgentV2(ContinuousLatentPolicyNet(latent_dim=1053, action_range=[100, 400]W, hidden=128, depth=3, n_layers=12, layer_embed_dim=8, params=237,167)  lambda=0.00000)
Iter     1/2000 | return -11.0823 (avg1 -11.0823) | loss -447.1116 | entropy 5.286 | OOD-action  17.4% | 5s
[agent] Checkpoint saved → baselines/naive_pg/runs/gap_100-150_300-350/naive_pg_best.pt
[agent] Checkpoint saved → baselines/naive_pg/runs/gap_100-150_300-350/naive_pg_best.pt
[agent] Checkpoint saved → baselines/naive_pg/runs/gap_100-150_300-350/naive_pg_best.pt
[agent] Checkpoint saved → baselines/naive_pg/runs/gap_100-150_300-350/naive_pg_best.pt
[agent] Checkpoint saved → baselines/naive_pg/runs/gap_100-150_300-350/naive_pg_best.pt
[agent] Checkpoint saved → baselines/naive_pg/runs/gap_100-150_300-350/naive_pg_best.pt
[agent] Checkpoint saved → baselines/naive_pg/runs/gap_100-150_300-350/naive_pg_best.pt
[agent] Checkpoint saved → baselines/naive_pg/runs/gap_100-150_300-350/naive_pg_best.pt
[agent] Checkpoint saved → baselines/naive_pg/runs/gap_100-150_300-350/naive_pg_best.pt
[agent] Checkpoint saved → baselines/naive_pg/runs/gap_100-150_300-350/naive_pg_best.pt
[agent] Checkpoint saved → baselines/naive_pg/runs/gap_100-150_300-350/naive_pg_best.pt
Iter    20/2000 | return -3.9304 (avg20 -5.8445) | loss -113.1212 | entropy 5.285 | OOD-action  33.1% | 84s
[agent] Checkpoint saved → baselines/naive_pg/runs/gap_100-150_300-350/naive_pg_best.pt
[agent] Checkpoint saved → baselines/naive_pg/runs/gap_100-150_300-350/naive_pg_best.pt
[agent] Checkpoint saved → baselines/naive_pg/runs/gap_100-150_300-350/naive_pg_best.pt
[agent] Checkpoint saved → baselines/naive_pg/runs/gap_100-150_300-350/naive_pg_best.pt
Iter    40/2000 | return -3.7706 (avg20 -3.6937) | loss -103.5811 | entropy 5.283 | OOD-action  46.4% | 167s
[agent] Checkpoint saved → baselines/naive_pg/runs/gap_100-150_300-350/naive_pg_best.pt
Iter    60/2000 | return -3.5066 (avg20 -3.6434) | loss -97.4061 | entropy 5.280 | OOD-action  29.7% | 249s
[agent] Checkpoint saved → baselines/naive_pg/runs/gap_100-150_300-350/naive_pg_best.pt
Iter    80/2000 | return -3.5293 (avg20 -3.6838) | loss -97.4892 | entropy 5.277 | OOD-action  35.2% | 332s
[agent] Checkpoint saved → baselines/naive_pg/runs/gap_100-150_300-350/naive_pg_best.pt
[agent] Checkpoint saved → baselines/naive_pg/runs/gap_100-150_300-350/naive_pg_best.pt
Iter   100/2000 | return -3.2771 (avg20 -3.5829) | loss -84.8276 | entropy 5.274 | OOD-action  35.2% | 415s
[agent] Checkpoint saved → baselines/naive_pg/runs/gap_100-150_300-350/naive_pg_best.pt
[agent] Checkpoint saved → baselines/naive_pg/runs/gap_100-150_300-350/naive_pg_best.pt
Iter   120/2000 | return -3.4573 (avg20 -3.3731) | loss -95.0096 | entropy 5.271 | OOD-action  42.4% | 498s
Iter   140/2000 | return -3.4271 (avg20 -3.4743) | loss -94.2439 | entropy 5.268 | OOD-action  28.1% | 580s
Iter   160/2000 | return -5.6811 (avg20 -4.2789) | loss -127.8056 | entropy 5.265 | OOD-action  53.6% | 663s
Iter   180/2000 | return -3.7988 (avg20 -4.1943) | loss -104.5777 | entropy 5.262 | OOD-action  38.5% | 746s
Iter   200/2000 | return -3.5590 (avg20 -3.6157) | loss -95.3043 | entropy 5.260 | OOD-action  39.1% | 829s
[agent] Checkpoint saved → baselines/naive_pg/runs/gap_100-150_300-350/naive_pg_iter00200.pt
[train] Plot saved → baselines/naive_pg/runs/gap_100-150_300-350/return.png
[train] Plot saved → baselines/naive_pg/runs/gap_100-150_300-350/loss.png
[train] Plot saved → baselines/naive_pg/runs/gap_100-150_300-350/entropy.png
[train] Plot saved → baselines/naive_pg/runs/gap_100-150_300-350/ood_action_fraction.png
[agent] Checkpoint saved → baselines/naive_pg/runs/gap_100-150_300-350/naive_pg_best.pt
Iter   220/2000 | return -3.4916 (avg20 -3.4266) | loss -89.1835 | entropy 5.258 | OOD-action  35.9% | 913s
Iter   240/2000 | return -3.3652 (avg20 -3.3825) | loss -88.8729 | entropy 5.256 | OOD-action  36.2% | 996s
[agent] Checkpoint saved → baselines/naive_pg/runs/gap_100-150_300-350/naive_pg_best.pt
Iter   260/2000 | return -3.2694 (avg20 -3.2335) | loss -89.5655 | entropy 5.254 | OOD-action  42.2% | 1079s
[agent] Checkpoint saved → baselines/naive_pg/runs/gap_100-150_300-350/naive_pg_best.pt
Iter   280/2000 | return -3.3341 (avg20 -3.2504) | loss -91.8660 | entropy 5.251 | OOD-action  43.8% | 1163s
Iter   300/2000 | return -3.1267 (avg20 -3.4127) | loss -78.2815 | entropy 5.248 | OOD-action  47.4% | 1246s
Iter   320/2000 | return -3.3960 (avg20 -3.2264) | loss -92.0296 | entropy 5.245 | OOD-action  43.8% | 1329s
Iter   340/2000 | return -3.1417 (avg20 -3.2368) | loss -83.9675 | entropy 5.242 | OOD-action  36.2% | 1413s
Iter   360/2000 | return -3.3556 (avg20 -3.2269) | loss -93.4671 | entropy 5.238 | OOD-action  36.5% | 1496s
Iter   380/2000 | return -3.1093 (avg20 -3.2486) | loss -80.6133 | entropy 5.235 | OOD-action  43.8% | 1606s
Iter   400/2000 | return -4.5055 (avg20 -3.4771) | loss -105.0534 | entropy 5.232 | OOD-action  43.0% | 1716s
[agent] Checkpoint saved → baselines/naive_pg/runs/gap_100-150_300-350/naive_pg_iter00400.pt
[train] Plot saved → baselines/naive_pg/runs/gap_100-150_300-350/return.png
[train] Plot saved → baselines/naive_pg/runs/gap_100-150_300-350/loss.png
[train] Plot saved → baselines/naive_pg/runs/gap_100-150_300-350/entropy.png
[train] Plot saved → baselines/naive_pg/runs/gap_100-150_300-350/ood_action_fraction.png
Iter   420/2000 | return -3.1549 (avg20 -3.5950) | loss -81.1248 | entropy 5.231 | OOD-action  34.1% | 1826s
Iter   440/2000 | return -3.3393 (avg20 -3.2432) | loss -88.9157 | entropy 5.229 | OOD-action  35.9% | 1936s
Iter   460/2000 | return -3.2108 (avg20 -3.2007) | loss -87.1584 | entropy 5.226 | OOD-action  33.3% | 2046s
[agent] Checkpoint saved → baselines/naive_pg/runs/gap_100-150_300-350/naive_pg_best.pt
[agent] Checkpoint saved → baselines/naive_pg/runs/gap_100-150_300-350/naive_pg_best.pt
[agent] Checkpoint saved → baselines/naive_pg/runs/gap_100-150_300-350/naive_pg_best.pt
Iter   480/2000 | return -3.1690 (avg20 -3.1401) | loss -84.5556 | entropy 5.223 | OOD-action  39.3% | 2156s
Iter   500/2000 | return -3.2381 (avg20 -3.1329) | loss -87.0353 | entropy 5.221 | OOD-action  40.1% | 2266s
Iter   520/2000 | return -2.9078 (avg20 -3.1497) | loss -73.2001 | entropy 5.219 | OOD-action  43.5% | 2372s
[agent] Checkpoint saved → baselines/naive_pg/runs/gap_100-150_300-350/naive_pg_best.pt
Iter   540/2000 | return -3.0195 (avg20 -3.1286) | loss -78.9315 | entropy 5.217 | OOD-action  38.3% | 2482s
Iter   560/2000 | return -3.1789 (avg20 -3.2237) | loss -81.7940 | entropy 5.215 | OOD-action  46.1% | 2592s
Iter   580/2000 | return -3.2594 (avg20 -3.6521) | loss -87.4546 | entropy 5.212 | OOD-action  32.0% | 2702s
Iter   600/2000 | return -3.4834 (avg20 -3.2598) | loss -95.3672 | entropy 5.210 | OOD-action  37.0% | 2811s
[agent] Checkpoint saved → baselines/naive_pg/runs/gap_100-150_300-350/naive_pg_iter00600.pt
[train] Plot saved → baselines/naive_pg/runs/gap_100-150_300-350/return.png
[train] Plot saved → baselines/naive_pg/runs/gap_100-150_300-350/loss.png
[train] Plot saved → baselines/naive_pg/runs/gap_100-150_300-350/entropy.png
[train] Plot saved → baselines/naive_pg/runs/gap_100-150_300-350/ood_action_fraction.png
Iter   620/2000 | return -3.2887 (avg20 -3.2546) | loss -90.9270 | entropy 5.207 | OOD-action  44.0% | 2922s
Iter   640/2000 | return -3.1561 (avg20 -3.1588) | loss -80.2193 | entropy 5.205 | OOD-action  31.5% | 3032s
Iter   660/2000 | return -3.1917 (avg20 -3.2779) | loss -85.2816 | entropy 5.203 | OOD-action  51.0% | 3142s
Iter   680/2000 | return -3.1852 (avg20 -3.2591) | loss -81.8159 | entropy 5.200 | OOD-action  44.3% | 3252s
Iter   700/2000 | return -3.1554 (avg20 -3.1907) | loss -82.5347 | entropy 5.197 | OOD-action  34.9% | 3361s
Iter   720/2000 | return -3.0357 (avg20 -3.1599) | loss -77.0693 | entropy 5.193 | OOD-action  38.8% | 3471s
Iter   740/2000 | return -3.1760 (avg20 -3.1855) | loss -84.6434 | entropy 5.189 | OOD-action  35.2% | 3581s
Iter   760/2000 | return -3.1918 (avg20 -3.0778) | loss -82.8912 | entropy 5.187 | OOD-action  52.9% | 3691s
Iter   780/2000 | return -3.1032 (avg20 -3.1076) | loss -80.3086 | entropy 5.185 | OOD-action  45.6% | 3801s
Iter   800/2000 | return -3.1336 (avg20 -3.0701) | loss -82.7542 | entropy 5.181 | OOD-action  41.9% | 3911s
[agent] Checkpoint saved → baselines/naive_pg/runs/gap_100-150_300-350/naive_pg_iter00800.pt
[train] Plot saved → baselines/naive_pg/runs/gap_100-150_300-350/return.png
[train] Plot saved → baselines/naive_pg/runs/gap_100-150_300-350/loss.png
[train] Plot saved → baselines/naive_pg/runs/gap_100-150_300-350/entropy.png
[train] Plot saved → baselines/naive_pg/runs/gap_100-150_300-350/ood_action_fraction.png
[agent] Checkpoint saved → baselines/naive_pg/runs/gap_100-150_300-350/naive_pg_best.pt
Iter   820/2000 | return -3.0651 (avg20 -3.0791) | loss -81.0573 | entropy 5.178 | OOD-action  44.3% | 4022s
[agent] Checkpoint saved → baselines/naive_pg/runs/gap_100-150_300-350/naive_pg_best.pt
Iter   840/2000 | return -2.9691 (avg20 -3.0368) | loss -77.1996 | entropy 5.175 | OOD-action  37.5% | 4132s
Iter   860/2000 | return -3.0125 (avg20 -3.1706) | loss -76.1523 | entropy 5.173 | OOD-action  40.1% | 4242s
[agent] Checkpoint saved → baselines/naive_pg/runs/gap_100-150_300-350/naive_pg_best.pt
Iter   880/2000 | return -2.9764 (avg20 -3.1017) | loss -75.5753 | entropy 5.171 | OOD-action  43.0% | 4352s
Iter   900/2000 | return -3.1195 (avg20 -3.0818) | loss -82.5792 | entropy 5.168 | OOD-action  41.1% | 4462s
Iter   920/2000 | return -3.1167 (avg20 -3.1667) | loss -82.6238 | entropy 5.165 | OOD-action  45.3% | 4573s
Iter   940/2000 | return -2.9534 (avg20 -3.0679) | loss -74.9433 | entropy 5.163 | OOD-action  42.4% | 4683s
Iter   960/2000 | return -3.2144 (avg20 -3.0864) | loss -83.6164 | entropy 5.160 | OOD-action  31.5% | 4793s
Iter   980/2000 | return -3.0721 (avg20 -3.0894) | loss -78.1619 | entropy 5.157 | OOD-action  42.7% | 4903s
Iter  1000/2000 | return -3.0331 (avg20 -3.0556) | loss -77.7228 | entropy 5.154 | OOD-action  37.8% | 5010s
[agent] Checkpoint saved → baselines/naive_pg/runs/gap_100-150_300-350/naive_pg_iter01000.pt
[train] Plot saved → baselines/naive_pg/runs/gap_100-150_300-350/return.png
[train] Plot saved → baselines/naive_pg/runs/gap_100-150_300-350/loss.png
[train] Plot saved → baselines/naive_pg/runs/gap_100-150_300-350/entropy.png
[train] Plot saved → baselines/naive_pg/runs/gap_100-150_300-350/ood_action_fraction.png
Iter  1020/2000 | return -3.0214 (avg20 -3.0354) | loss -78.2947 | entropy 5.152 | OOD-action  39.1% | 5094s
Iter  1040/2000 | return -3.0367 (avg20 -3.0605) | loss -74.9088 | entropy 5.150 | OOD-action  37.5% | 5178s
Iter  1060/2000 | return -3.1440 (avg20 -3.1640) | loss -81.1434 | entropy 5.147 | OOD-action  34.9% | 5261s
Iter  1080/2000 | return -2.9558 (avg20 -3.0313) | loss -74.3517 | entropy 5.145 | OOD-action  34.1% | 5344s
Iter  1100/2000 | return -3.1048 (avg20 -3.0941) | loss -78.9602 | entropy 5.142 | OOD-action  38.8% | 5428s
Iter  1120/2000 | return -2.9222 (avg20 -3.0605) | loss -74.6823 | entropy 5.139 | OOD-action  40.1% | 5511s
Iter  1140/2000 | return -3.0465 (avg20 -3.0028) | loss -78.1116 | entropy 5.136 | OOD-action  40.9% | 5594s
Iter  1160/2000 | return -2.9140 (avg20 -2.9786) | loss -72.9759 | entropy 5.133 | OOD-action  43.5% | 5677s
Iter  1180/2000 | return -3.5195 (avg20 -3.2580) | loss -93.1773 | entropy 5.130 | OOD-action  50.5% | 5761s
Iter  1200/2000 | return -3.0281 (avg20 -3.1107) | loss -77.7534 | entropy 5.129 | OOD-action  39.1% | 5844s
[agent] Checkpoint saved → baselines/naive_pg/runs/gap_100-150_300-350/naive_pg_iter01200.pt
[train] Plot saved → baselines/naive_pg/runs/gap_100-150_300-350/return.png
[train] Plot saved → baselines/naive_pg/runs/gap_100-150_300-350/loss.png
[train] Plot saved → baselines/naive_pg/runs/gap_100-150_300-350/entropy.png
[train] Plot saved → baselines/naive_pg/runs/gap_100-150_300-350/ood_action_fraction.png
Iter  1220/2000 | return -3.1069 (avg20 -3.0850) | loss -75.3458 | entropy 5.127 | OOD-action  43.8% | 5928s
Iter  1240/2000 | return -2.9283 (avg20 -2.9857) | loss -73.2845 | entropy 5.125 | OOD-action  34.9% | 6011s
[agent] Checkpoint saved → baselines/naive_pg/runs/gap_100-150_300-350/naive_pg_best.pt
Iter  1260/2000 | return -3.1890 (avg20 -3.0069) | loss -80.5135 | entropy 5.123 | OOD-action  28.9% | 6094s
Iter  1280/2000 | return -2.9111 (avg20 -2.9817) | loss -74.0532 | entropy 5.121 | OOD-action  41.9% | 6177s
Iter  1300/2000 | return -2.9469 (avg20 -2.9934) | loss -73.8357 | entropy 5.118 | OOD-action  29.7% | 6260s
Iter  1320/2000 | return -2.9388 (avg20 -2.9778) | loss -73.7843 | entropy 5.115 | OOD-action  35.7% | 6343s
Iter  1340/2000 | return -2.9734 (avg20 -2.9743) | loss -74.8262 | entropy 5.112 | OOD-action  40.9% | 6426s
Iter  1360/2000 | return -2.8875 (avg20 -2.9845) | loss -72.9767 | entropy 5.110 | OOD-action  45.1% | 6509s
Iter  1380/2000 | return -2.9901 (avg20 -2.9354) | loss -75.7425 | entropy 5.107 | OOD-action  39.3% | 6591s
Iter  1400/2000 | return -2.9330 (avg20 -2.9553) | loss -75.5560 | entropy 5.105 | OOD-action  42.4% | 6674s
[agent] Checkpoint saved → baselines/naive_pg/runs/gap_100-150_300-350/naive_pg_iter01400.pt
[train] Plot saved → baselines/naive_pg/runs/gap_100-150_300-350/return.png
[train] Plot saved → baselines/naive_pg/runs/gap_100-150_300-350/loss.png
[train] Plot saved → baselines/naive_pg/runs/gap_100-150_300-350/entropy.png
[train] Plot saved → baselines/naive_pg/runs/gap_100-150_300-350/ood_action_fraction.png
[agent] Checkpoint saved → baselines/naive_pg/runs/gap_100-150_300-350/naive_pg_best.pt
Iter  1420/2000 | return -2.7732 (avg20 -2.9282) | loss -67.7674 | entropy 5.102 | OOD-action  43.8% | 6758s
[agent] Checkpoint saved → baselines/naive_pg/runs/gap_100-150_300-350/naive_pg_best.pt
Iter  1440/2000 | return -3.5820 (avg20 -3.1380) | loss -89.9808 | entropy 5.099 | OOD-action  54.7% | 6842s
Iter  1460/2000 | return -2.8622 (avg20 -3.0495) | loss -70.1654 | entropy 5.098 | OOD-action  34.9% | 6925s
Iter  1480/2000 | return -2.8941 (avg20 -3.0330) | loss -73.5328 | entropy 5.096 | OOD-action  42.2% | 7009s
Iter  1500/2000 | return -2.9523 (avg20 -2.9586) | loss -74.0057 | entropy 5.095 | OOD-action  48.2% | 7092s
Iter  1520/2000 | return -2.9989 (avg20 -2.9768) | loss -75.2792 | entropy 5.093 | OOD-action  33.6% | 7176s
Iter  1540/2000 | return -2.9605 (avg20 -2.9448) | loss -70.8562 | entropy 5.090 | OOD-action  43.2% | 7260s
Iter  1560/2000 | return -2.9297 (avg20 -2.9845) | loss -71.9770 | entropy 5.088 | OOD-action  43.5% | 7343s
[agent] Checkpoint saved → baselines/naive_pg/runs/gap_100-150_300-350/naive_pg_best.pt
[agent] Checkpoint saved → baselines/naive_pg/runs/gap_100-150_300-350/naive_pg_best.pt
Iter  1580/2000 | return -3.0228 (avg20 -2.9249) | loss -78.4897 | entropy 5.086 | OOD-action  42.2% | 7427s
Iter  1600/2000 | return -3.1882 (avg20 -2.9914) | loss -75.3776 | entropy 5.084 | OOD-action  45.6% | 7510s
[agent] Checkpoint saved → baselines/naive_pg/runs/gap_100-150_300-350/naive_pg_iter01600.pt
[train] Plot saved → baselines/naive_pg/runs/gap_100-150_300-350/return.png
[train] Plot saved → baselines/naive_pg/runs/gap_100-150_300-350/loss.png
[train] Plot saved → baselines/naive_pg/runs/gap_100-150_300-350/entropy.png
[train] Plot saved → baselines/naive_pg/runs/gap_100-150_300-350/ood_action_fraction.png
Iter  1620/2000 | return -3.1925 (avg20 -3.1942) | loss -77.6651 | entropy 5.082 | OOD-action  52.9% | 7594s
Iter  1640/2000 | return -3.0080 (avg20 -3.0236) | loss -76.3193 | entropy 5.080 | OOD-action  38.8% | 7678s
Iter  1660/2000 | return -3.4704 (avg20 -3.0901) | loss -86.2517 | entropy 5.079 | OOD-action  59.9% | 7761s
Iter  1680/2000 | return -3.1307 (avg20 -3.3282) | loss -69.8001 | entropy 5.076 | OOD-action  50.0% | 7844s
Iter  1700/2000 | return -2.9317 (avg20 -3.2249) | loss -69.1921 | entropy 5.075 | OOD-action  40.4% | 7927s
Iter  1720/2000 | return -2.9918 (avg20 -3.0058) | loss -75.5321 | entropy 5.073 | OOD-action  39.1% | 8036s
Iter  1740/2000 | return -2.9958 (avg20 -2.9235) | loss -72.8404 | entropy 5.070 | OOD-action  49.5% | 8145s
Iter  1760/2000 | return -3.0634 (avg20 -3.1605) | loss -75.1656 | entropy 5.068 | OOD-action  47.9% | 8255s
Iter  1780/2000 | return -3.1909 (avg20 -3.0228) | loss -77.9283 | entropy 5.065 | OOD-action  38.5% | 8365s
Iter  1800/2000 | return -3.0493 (avg20 -3.0693) | loss -79.4821 | entropy 5.064 | OOD-action  33.3% | 8475s
[agent] Checkpoint saved → baselines/naive_pg/runs/gap_100-150_300-350/naive_pg_iter01800.pt
[train] Plot saved → baselines/naive_pg/runs/gap_100-150_300-350/return.png
[train] Plot saved → baselines/naive_pg/runs/gap_100-150_300-350/loss.png
[train] Plot saved → baselines/naive_pg/runs/gap_100-150_300-350/entropy.png
[train] Plot saved → baselines/naive_pg/runs/gap_100-150_300-350/ood_action_fraction.png
Iter  1820/2000 | return -2.9194 (avg20 -2.9677) | loss -73.3847 | entropy 5.062 | OOD-action  37.8% | 8585s
Iter  1840/2000 | return -2.9741 (avg20 -2.9458) | loss -71.4853 | entropy 5.059 | OOD-action  46.9% | 8695s
Iter  1860/2000 | return -3.1067 (avg20 -3.0487) | loss -76.3987 | entropy 5.057 | OOD-action  44.0% | 8805s
Iter  1880/2000 | return -3.0876 (avg20 -3.0579) | loss -75.5497 | entropy 5.054 | OOD-action  42.4% | 8915s
Iter  1900/2000 | return -2.8150 (avg20 -2.9297) | loss -68.3240 | entropy 5.052 | OOD-action  39.6% | 9025s
Iter  1920/2000 | return -2.7347 (avg20 -2.8562) | loss -65.5646 | entropy 5.049 | OOD-action  43.5% | 9135s
Iter  1940/2000 | return -3.0395 (avg20 -2.9237) | loss -74.7611 | entropy 5.047 | OOD-action  35.9% | 9244s
Iter  1960/2000 | return -2.9349 (avg20 -2.9215) | loss -74.6974 | entropy 5.044 | OOD-action  47.9% | 9354s
Iter  1980/2000 | return -2.7928 (avg20 -2.8614) | loss -67.7179 | entropy 5.041 | OOD-action  40.6% | 9464s
[agent] Checkpoint saved → baselines/naive_pg/runs/gap_100-150_300-350/naive_pg_best.pt
Iter  2000/2000 | return -2.7676 (avg20 -2.8337) | loss -65.2761 | entropy 5.039 | OOD-action  45.1% | 9574s
[agent] Checkpoint saved → baselines/naive_pg/runs/gap_100-150_300-350/naive_pg_iter02000.pt
[train] Plot saved → baselines/naive_pg/runs/gap_100-150_300-350/return.png
[train] Plot saved → baselines/naive_pg/runs/gap_100-150_300-350/loss.png
[train] Plot saved → baselines/naive_pg/runs/gap_100-150_300-350/entropy.png
[train] Plot saved → baselines/naive_pg/runs/gap_100-150_300-350/ood_action_fraction.png
[agent] Checkpoint saved → baselines/naive_pg/runs/gap_100-150_300-350/naive_pg_final.pt
[train] Plot saved → baselines/naive_pg/runs/gap_100-150_300-350/return.png
[train] Plot saved → baselines/naive_pg/runs/gap_100-150_300-350/ood_action_fraction.png

[naive_pg] Done. Best return: -2.6990
[naive_pg] Best checkpoint: baselines/naive_pg/runs/gap_100-150_300-350/naive_pg_best.pt
=== [5/7] UCPG v2 (relative uncertainty constraint, delta=0.00662) ===
=================================================================
[train] Uncertainty-Constrained Policy Gradient v2 — LPBF Controller
[train] (continuous action, two-stage heating/cooling surrogate)
[train] Output dir : online_RL_ucpg_v2/runs/gap_100-150_300-350_relative
[train] Device     : cuda
[train] delta (uncertainty budget) : 0.00662
[train] RELATIVE uncertainty constraint: G_u/delta in the advantage, dual step on (J_u_hat/delta - 1)
=================================================================

[train] Loading surrogate: surrogate_model_v3/runs/gap_100-150_300-350/surrogate_best.pt
[train] Surrogate   : TwoStageSurrogate(state=1053, lp_dim=1, cool_dim=1, K=5, n_layers=12, embed=8, rank=0 | heat×5=2,554,020  cool×5=2,554,020 | total=5,108,040)
[TwoStageLatentLPBFEnv] Mesh loaded: 1053 nodes  X∈[0.00, 12.00]  Y∈[0.00, 3.00]
[train] Action aim range : [100, 400] W  (continuous, unclipped)
[train] cool_time range  : [0.050, 0.150] s  (drawn once/episode)
[train] obs_dim     : 1055  (latent_dim=1053 + layer token + cool_time token)
[train] UCPGAgentV2(ContinuousLatentPolicyNet(latent_dim=1053, action_range=[100, 400]W, hidden=128, depth=3, n_layers=12, layer_embed_dim=8, params=237,167)  lambda=0.00000)

[train] Starting 2000 iterations (N=32 trajectories/iter, T=12 steps/traj)
[train] gamma_r=0.99  gamma_u=0.99  lr_theta=0.0003  lr_lambda=0.01
-----------------------------------------------------------------
Iter     1/2000 | return -11.0823 (avg1 -11.0823) | J_u 0.01430 (δ=0.00662) | λ 0.01159 | loss -447.1116 | entropy 5.286 | action 251.2±47.1W | OOD-action  17.4% | 6s
[agent] Checkpoint saved → online_RL_ucpg_v2/runs/gap_100-150_300-350_relative/ucpg_best.pt
[agent] Checkpoint saved → online_RL_ucpg_v2/runs/gap_100-150_300-350_relative/ucpg_best.pt
[agent] Checkpoint saved → online_RL_ucpg_v2/runs/gap_100-150_300-350_relative/ucpg_best.pt
[agent] Checkpoint saved → online_RL_ucpg_v2/runs/gap_100-150_300-350_relative/ucpg_best.pt
[agent] Checkpoint saved → online_RL_ucpg_v2/runs/gap_100-150_300-350_relative/ucpg_best.pt
[agent] Checkpoint saved → online_RL_ucpg_v2/runs/gap_100-150_300-350_relative/ucpg_best.pt
[agent] Checkpoint saved → online_RL_ucpg_v2/runs/gap_100-150_300-350_relative/ucpg_best.pt
[agent] Checkpoint saved → online_RL_ucpg_v2/runs/gap_100-150_300-350_relative/ucpg_best.pt
[agent] Checkpoint saved → online_RL_ucpg_v2/runs/gap_100-150_300-350_relative/ucpg_best.pt
[agent] Checkpoint saved → online_RL_ucpg_v2/runs/gap_100-150_300-350_relative/ucpg_best.pt
[agent] Checkpoint saved → online_RL_ucpg_v2/runs/gap_100-150_300-350_relative/ucpg_best.pt
Iter    20/2000 | return -3.9699 (avg20 -5.8525) | J_u 0.01443 (δ=0.00662) | λ 0.24071 | loss -135.5368 | entropy 5.285 | action 185.4±60.7W | OOD-action  32.6% | 109s
[agent] Checkpoint saved → online_RL_ucpg_v2/runs/gap_100-150_300-350_relative/ucpg_best.pt
[agent] Checkpoint saved → online_RL_ucpg_v2/runs/gap_100-150_300-350_relative/ucpg_best.pt
[agent] Checkpoint saved → online_RL_ucpg_v2/runs/gap_100-150_300-350_relative/ucpg_best.pt
Iter    40/2000 | return -3.8938 (avg20 -3.7499) | J_u 0.01606 (δ=0.00662) | λ 0.49859 | loss -157.1504 | entropy 5.283 | action 185.8±76.1W | OOD-action  44.5% | 217s
[agent] Checkpoint saved → online_RL_ucpg_v2/runs/gap_100-150_300-350_relative/ucpg_best.pt
[agent] Checkpoint saved → online_RL_ucpg_v2/runs/gap_100-150_300-350_relative/ucpg_best.pt
[agent] Checkpoint saved → online_RL_ucpg_v2/runs/gap_100-150_300-350_relative/ucpg_best.pt
Iter    60/2000 | return -3.6958 (avg20 -3.6767) | J_u 0.01474 (δ=0.00662) | λ 0.76727 | loss -173.6039 | entropy 5.281 | action 185.6±55.9W | OOD-action  27.1% | 300s
Iter    80/2000 | return -3.8455 (avg20 -3.8507) | J_u 0.01600 (δ=0.00662) | λ 1.03765 | loss -214.3485 | entropy 5.278 | action 179.7±55.5W | OOD-action  30.7% | 381s
Iter   100/2000 | return -3.7478 (avg20 -3.9596) | J_u 0.01538 (δ=0.00662) | λ 1.31256 | loss -219.5555 | entropy 5.275 | action 166.7±53.7W | OOD-action  38.8% | 462s
Iter   120/2000 | return -3.7222 (avg20 -3.7162) | J_u 0.01487 (δ=0.00662) | λ 1.57404 | loss -251.3489 | entropy 5.273 | action 180.5±61.2W | OOD-action  34.9% | 543s
Iter   140/2000 | return -3.9764 (avg20 -3.8494) | J_u 0.01378 (δ=0.00662) | λ 1.82349 | loss -264.2317 | entropy 5.271 | action 195.4±57.9W | OOD-action  23.2% | 624s
Iter   160/2000 | return -4.1471 (avg20 -3.9049) | J_u 0.01555 (δ=0.00662) | λ 2.06689 | loss -315.2469 | entropy 5.268 | action 169.8±53.7W | OOD-action  35.2% | 706s
Iter   180/2000 | return -3.6531 (avg20 -3.8461) | J_u 0.01496 (δ=0.00662) | λ 2.33036 | loss -310.3185 | entropy 5.266 | action 180.0±61.1W | OOD-action  32.6% | 787s
Iter   200/2000 | return -3.7372 (avg20 -3.7319) | J_u 0.01505 (δ=0.00662) | λ 2.59172 | loss -346.3928 | entropy 5.265 | action 191.1±68.7W | OOD-action  34.9% | 868s
[agent] Checkpoint saved → online_RL_ucpg_v2/runs/gap_100-150_300-350_relative/ucpg_iter00200.pt
[train] Plot saved → online_RL_ucpg_v2/runs/gap_100-150_300-350_relative/return.png
[train] Plot saved → online_RL_ucpg_v2/runs/gap_100-150_300-350_relative/j_u.png
[train] Plot saved → online_RL_ucpg_v2/runs/gap_100-150_300-350_relative/lambda.png
[train] Plot saved → online_RL_ucpg_v2/runs/gap_100-150_300-350_relative/loss.png
[train] Plot saved → online_RL_ucpg_v2/runs/gap_100-150_300-350_relative/entropy.png
[train] Plot saved → online_RL_ucpg_v2/runs/gap_100-150_300-350_relative/action_stats.png
[train] Plot saved → online_RL_ucpg_v2/runs/gap_100-150_300-350_relative/ood_action_fraction.png
Iter   220/2000 | return -3.5153 (avg20 -3.7510) | J_u 0.01463 (δ=0.00662) | λ 2.83974 | loss -347.7061 | entropy 5.265 | action 178.0±52.4W | OOD-action  32.0% | 952s
Iter   240/2000 | return -4.1151 (avg20 -3.8614) | J_u 0.01386 (δ=0.00662) | λ 3.09305 | loss -378.5538 | entropy 5.264 | action 197.2±52.1W | OOD-action  19.0% | 1034s
Iter   260/2000 | return -4.0570 (avg20 -4.2509) | J_u 0.01493 (δ=0.00662) | λ 3.32197 | loss -423.9951 | entropy 5.263 | action 191.0±63.4W | OOD-action  29.9% | 1116s
Iter   280/2000 | return -3.8565 (avg20 -3.8614) | J_u 0.01407 (δ=0.00662) | λ 3.56601 | loss -414.5176 | entropy 5.261 | action 191.1±66.3W | OOD-action  32.8% | 1198s
Iter   300/2000 | return -3.8875 (avg20 -3.9416) | J_u 0.01430 (δ=0.00662) | λ 3.80298 | loss -440.2319 | entropy 5.259 | action 188.4±63.4W | OOD-action  32.8% | 1281s
Iter   320/2000 | return -4.0641 (avg20 -3.9286) | J_u 0.01470 (δ=0.00662) | λ 4.04932 | loss -489.2014 | entropy 5.257 | action 191.8±68.3W | OOD-action  33.3% | 1363s
Iter   340/2000 | return -4.1829 (avg20 -4.0729) | J_u 0.01400 (δ=0.00662) | λ 4.27506 | loss -486.3466 | entropy 5.255 | action 195.4±56.4W | OOD-action  24.0% | 1445s
Iter   360/2000 | return -3.9771 (avg20 -4.3134) | J_u 0.01394 (δ=0.00662) | λ 4.49541 | loss -499.4777 | entropy 5.253 | action 192.3±59.3W | OOD-action  27.9% | 1527s
Iter   380/2000 | return -4.4308 (avg20 -4.1304) | J_u 0.01449 (δ=0.00662) | λ 4.72589 | loss -545.3678 | entropy 5.252 | action 191.3±59.0W | OOD-action  27.6% | 1609s
Iter   400/2000 | return -3.8398 (avg20 -4.0142) | J_u 0.01396 (δ=0.00662) | λ 4.95131 | loss -521.6561 | entropy 5.251 | action 182.0±54.9W | OOD-action  29.7% | 1692s
[agent] Checkpoint saved → online_RL_ucpg_v2/runs/gap_100-150_300-350_relative/ucpg_iter00400.pt
[train] Plot saved → online_RL_ucpg_v2/runs/gap_100-150_300-350_relative/return.png
[train] Plot saved → online_RL_ucpg_v2/runs/gap_100-150_300-350_relative/j_u.png
[train] Plot saved → online_RL_ucpg_v2/runs/gap_100-150_300-350_relative/lambda.png
[train] Plot saved → online_RL_ucpg_v2/runs/gap_100-150_300-350_relative/loss.png
[train] Plot saved → online_RL_ucpg_v2/runs/gap_100-150_300-350_relative/entropy.png
[train] Plot saved → online_RL_ucpg_v2/runs/gap_100-150_300-350_relative/action_stats.png
[train] Plot saved → online_RL_ucpg_v2/runs/gap_100-150_300-350_relative/ood_action_fraction.png
Iter   420/2000 | return -3.8363 (avg20 -4.0285) | J_u 0.01404 (δ=0.00662) | λ 5.18395 | loss -543.8446 | entropy 5.251 | action 187.9±50.9W | OOD-action  24.7% | 1775s
Iter   440/2000 | return -3.8928 (avg20 -3.8987) | J_u 0.01397 (δ=0.00662) | λ 5.41670 | loss -564.5233 | entropy 5.250 | action 179.8±50.8W | OOD-action  29.4% | 1857s
Iter   460/2000 | return -4.0612 (avg20 -3.8597) | J_u 0.01419 (δ=0.00662) | λ 5.65291 | loss -605.1884 | entropy 5.249 | action 188.5±56.1W | OOD-action  26.3% | 1939s
Iter   480/2000 | return -3.9716 (avg20 -4.0252) | J_u 0.01419 (δ=0.00662) | λ 5.87629 | loss -619.0225 | entropy 5.247 | action 189.1±58.2W | OOD-action  27.1% | 2022s
Iter   500/2000 | return -3.7432 (avg20 -4.1390) | J_u 0.01391 (δ=0.00662) | λ 6.09602 | loss -614.6887 | entropy 5.247 | action 194.8±59.1W | OOD-action  26.8% | 2105s
Iter   520/2000 | return -4.2862 (avg20 -4.3909) | J_u 0.01339 (δ=0.00662) | λ 6.31480 | loss -625.0114 | entropy 5.246 | action 202.2±59.6W | OOD-action  26.3% | 2188s
Iter   540/2000 | return -3.8029 (avg20 -4.1795) | J_u 0.01445 (δ=0.00662) | λ 6.54176 | loss -677.0752 | entropy 5.245 | action 191.8±64.0W | OOD-action  29.7% | 2270s
Iter   560/2000 | return -3.9885 (avg20 -3.9372) | J_u 0.01501 (δ=0.00662) | λ 6.79324 | loss -742.8376 | entropy 5.244 | action 192.6±61.8W | OOD-action  27.9% | 2353s
Iter   580/2000 | return -3.7721 (avg20 -3.8401) | J_u 0.01412 (δ=0.00662) | λ 7.03289 | loss -697.7080 | entropy 5.242 | action 182.0±53.6W | OOD-action  28.1% | 2435s
Iter   600/2000 | return -4.3593 (avg20 -3.8842) | J_u 0.01391 (δ=0.00662) | λ 7.27329 | loss -743.6948 | entropy 5.241 | action 195.5±55.3W | OOD-action  22.1% | 2518s
[agent] Checkpoint saved → online_RL_ucpg_v2/runs/gap_100-150_300-350_relative/ucpg_iter00600.pt
[train] Plot saved → online_RL_ucpg_v2/runs/gap_100-150_300-350_relative/return.png
[train] Plot saved → online_RL_ucpg_v2/runs/gap_100-150_300-350_relative/j_u.png
[train] Plot saved → online_RL_ucpg_v2/runs/gap_100-150_300-350_relative/lambda.png
[train] Plot saved → online_RL_ucpg_v2/runs/gap_100-150_300-350_relative/loss.png
[train] Plot saved → online_RL_ucpg_v2/runs/gap_100-150_300-350_relative/entropy.png
[train] Plot saved → online_RL_ucpg_v2/runs/gap_100-150_300-350_relative/action_stats.png
[train] Plot saved → online_RL_ucpg_v2/runs/gap_100-150_300-350_relative/ood_action_fraction.png
Iter   620/2000 | return -4.2425 (avg20 -4.4641) | J_u 0.01337 (δ=0.00662) | λ 7.49198 | loss -718.5507 | entropy 5.240 | action 200.0±55.0W | OOD-action  21.6% | 2602s
Iter   640/2000 | return -3.8475 (avg20 -4.0289) | J_u 0.01389 (δ=0.00662) | λ 7.71337 | loss -742.2188 | entropy 5.239 | action 186.2±52.8W | OOD-action  26.6% | 2684s
Iter   660/2000 | return -3.7948 (avg20 -3.8406) | J_u 0.01573 (δ=0.00662) | λ 7.95837 | loss -894.6589 | entropy 5.240 | action 173.9±57.4W | OOD-action  37.2% | 2766s
Iter   680/2000 | return -4.5917 (avg20 -4.0339) | J_u 0.01411 (δ=0.00662) | λ 8.20811 | loss -849.0822 | entropy 5.238 | action 197.2±60.3W | OOD-action  28.9% | 2848s
Iter   700/2000 | return -4.6623 (avg20 -4.4928) | J_u 0.01422 (δ=0.00662) | λ 8.42392 | loss -878.3289 | entropy 5.236 | action 199.8±61.3W | OOD-action  27.3% | 2930s
Iter   720/2000 | return -5.1127 (avg20 -4.7188) | J_u 0.01354 (δ=0.00662) | λ 8.63612 | loss -855.2585 | entropy 5.234 | action 205.1±54.3W | OOD-action  20.6% | 3012s
Iter   740/2000 | return -4.4387 (avg20 -4.4447) | J_u 0.01419 (δ=0.00662) | λ 8.85304 | loss -892.3384 | entropy 5.233 | action 186.0±53.4W | OOD-action  26.6% | 3094s
Iter   760/2000 | return -4.4221 (avg20 -4.2813) | J_u 0.01340 (δ=0.00662) | λ 9.06931 | loss -860.0651 | entropy 5.232 | action 193.6±51.8W | OOD-action  21.4% | 3176s
Iter   780/2000 | return -4.0580 (avg20 -4.1323) | J_u 0.01431 (δ=0.00662) | λ 9.29084 | loss -929.6917 | entropy 5.231 | action 187.7±61.0W | OOD-action  33.1% | 3258s
Iter   800/2000 | return -5.0464 (avg20 -4.2640) | J_u 0.01383 (δ=0.00662) | λ 9.50831 | loss -960.6536 | entropy 5.229 | action 204.3±57.5W | OOD-action  21.6% | 3340s
[agent] Checkpoint saved → online_RL_ucpg_v2/runs/gap_100-150_300-350_relative/ucpg_iter00800.pt
[train] Plot saved → online_RL_ucpg_v2/runs/gap_100-150_300-350_relative/return.png
[train] Plot saved → online_RL_ucpg_v2/runs/gap_100-150_300-350_relative/j_u.png
[train] Plot saved → online_RL_ucpg_v2/runs/gap_100-150_300-350_relative/lambda.png
[train] Plot saved → online_RL_ucpg_v2/runs/gap_100-150_300-350_relative/loss.png
[train] Plot saved → online_RL_ucpg_v2/runs/gap_100-150_300-350_relative/entropy.png
[train] Plot saved → online_RL_ucpg_v2/runs/gap_100-150_300-350_relative/action_stats.png
[train] Plot saved → online_RL_ucpg_v2/runs/gap_100-150_300-350_relative/ood_action_fraction.png
Iter   820/2000 | return -4.2978 (avg20 -4.4718) | J_u 0.01379 (δ=0.00662) | λ 9.72352 | loss -926.0552 | entropy 5.227 | action 196.3±54.8W | OOD-action  24.5% | 3423s
Iter   840/2000 | return -4.0524 (avg20 -4.1162) | J_u 0.01371 (δ=0.00662) | λ 9.94363 | loss -930.0430 | entropy 5.226 | action 188.6±54.6W | OOD-action  26.0% | 3505s
Iter   860/2000 | return -5.0330 (avg20 -4.6491) | J_u 0.01372 (δ=0.00662) | λ 10.15725 | loss -990.5852 | entropy 5.226 | action 206.3±55.9W | OOD-action  20.1% | 3587s
Iter   880/2000 | return -4.8161 (avg20 -4.6043) | J_u 0.01394 (δ=0.00662) | λ 10.37088 | loss -1016.3499 | entropy 5.225 | action 196.4±60.2W | OOD-action  26.8% | 3669s
Iter   900/2000 | return -3.9879 (avg20 -4.0411) | J_u 0.01412 (δ=0.00662) | λ 10.60051 | loss -1020.9354 | entropy 5.224 | action 187.5±60.6W | OOD-action  33.9% | 3750s
Iter   920/2000 | return -4.5189 (avg20 -4.3322) | J_u 0.01478 (δ=0.00662) | λ 10.82131 | loss -1144.1912 | entropy 5.222 | action 192.1±64.5W | OOD-action  33.6% | 3832s
Iter   940/2000 | return -4.3543 (avg20 -4.3783) | J_u 0.01391 (δ=0.00662) | λ 11.03665 | loss -1038.9987 | entropy 5.220 | action 194.0±52.0W | OOD-action  24.2% | 3914s
Iter   960/2000 | return -4.3685 (avg20 -4.4345) | J_u 0.01385 (δ=0.00662) | λ 11.25141 | loss -1066.7600 | entropy 5.219 | action 197.2±55.4W | OOD-action  23.7% | 3996s
Iter   980/2000 | return -3.6787 (avg20 -3.9587) | J_u 0.01452 (δ=0.00662) | λ 11.47769 | loss -1123.3168 | entropy 5.219 | action 181.3±58.0W | OOD-action  31.2% | 4078s
Iter  1000/2000 | return -3.7153 (avg20 -3.7924) | J_u 0.01355 (δ=0.00662) | λ 11.70753 | loss -1034.6892 | entropy 5.218 | action 189.8±52.9W | OOD-action  26.0% | 4160s
[agent] Checkpoint saved → online_RL_ucpg_v2/runs/gap_100-150_300-350_relative/ucpg_iter01000.pt
[train] Plot saved → online_RL_ucpg_v2/runs/gap_100-150_300-350_relative/return.png
[train] Plot saved → online_RL_ucpg_v2/runs/gap_100-150_300-350_relative/j_u.png
[train] Plot saved → online_RL_ucpg_v2/runs/gap_100-150_300-350_relative/lambda.png
[train] Plot saved → online_RL_ucpg_v2/runs/gap_100-150_300-350_relative/loss.png
[train] Plot saved → online_RL_ucpg_v2/runs/gap_100-150_300-350_relative/entropy.png
[train] Plot saved → online_RL_ucpg_v2/runs/gap_100-150_300-350_relative/action_stats.png
[train] Plot saved → online_RL_ucpg_v2/runs/gap_100-150_300-350_relative/ood_action_fraction.png
Iter  1020/2000 | return -4.2414 (avg20 -4.3223) | J_u 0.01364 (δ=0.00662) | λ 11.92903 | loss -1081.1167 | entropy 5.218 | action 195.2±51.4W | OOD-action  21.9% | 4243s
Iter  1040/2000 | return -4.1512 (avg20 -4.2621) | J_u 0.01352 (δ=0.00662) | λ 12.14229 | loss -1091.8086 | entropy 5.218 | action 195.2±55.0W | OOD-action  25.0% | 4325s
Iter  1060/2000 | return -4.0688 (avg20 -4.4484) | J_u 0.01370 (δ=0.00662) | λ 12.35880 | loss -1118.9919 | entropy 5.217 | action 196.9±53.2W | OOD-action  21.4% | 4407s
Iter  1080/2000 | return -5.3683 (avg20 -4.6508) | J_u 0.01390 (δ=0.00662) | λ 12.57082 | loss -1197.4186 | entropy 5.216 | action 210.1±52.7W | OOD-action  19.0% | 4489s
Iter  1100/2000 | return -5.2019 (avg20 -5.2939) | J_u 0.01358 (δ=0.00662) | λ 12.78128 | loss -1200.4783 | entropy 5.216 | action 208.7±56.4W | OOD-action  18.8% | 4571s
Iter  1120/2000 | return -4.2802 (avg20 -4.8799) | J_u 0.01384 (δ=0.00662) | λ 12.99468 | loss -1194.5813 | entropy 5.215 | action 193.6±54.9W | OOD-action  25.8% | 4652s
Iter  1140/2000 | return -3.8872 (avg20 -4.0511) | J_u 0.01378 (δ=0.00662) | λ 13.21658 | loss -1207.6741 | entropy 5.215 | action 186.4±53.4W | OOD-action  27.9% | 4734s
Iter  1160/2000 | return -4.4911 (avg20 -4.1725) | J_u 0.01423 (δ=0.00662) | λ 13.43590 | loss -1295.2842 | entropy 5.212 | action 190.1±52.8W | OOD-action  26.0% | 4816s
Iter  1180/2000 | return -3.7299 (avg20 -3.8123) | J_u 0.01454 (δ=0.00662) | λ 13.66583 | loss -1331.9106 | entropy 5.210 | action 179.1±54.1W | OOD-action  31.5% | 4898s
Iter  1200/2000 | return -4.8100 (avg20 -4.2082) | J_u 0.01472 (δ=0.00662) | λ 13.89198 | loss -1427.6511 | entropy 5.210 | action 195.2±50.5W | OOD-action  21.1% | 4980s
[agent] Checkpoint saved → online_RL_ucpg_v2/runs/gap_100-150_300-350_relative/ucpg_iter01200.pt
[train] Plot saved → online_RL_ucpg_v2/runs/gap_100-150_300-350_relative/return.png
[train] Plot saved → online_RL_ucpg_v2/runs/gap_100-150_300-350_relative/j_u.png
[train] Plot saved → online_RL_ucpg_v2/runs/gap_100-150_300-350_relative/lambda.png
[train] Plot saved → online_RL_ucpg_v2/runs/gap_100-150_300-350_relative/loss.png
[train] Plot saved → online_RL_ucpg_v2/runs/gap_100-150_300-350_relative/entropy.png
[train] Plot saved → online_RL_ucpg_v2/runs/gap_100-150_300-350_relative/action_stats.png
[train] Plot saved → online_RL_ucpg_v2/runs/gap_100-150_300-350_relative/ood_action_fraction.png
Iter  1220/2000 | return -4.5847 (avg20 -4.6792) | J_u 0.01343 (δ=0.00662) | λ 14.10511 | loss -1250.6030 | entropy 5.209 | action 205.4±49.3W | OOD-action  15.9% | 5064s
Iter  1240/2000 | return -4.5178 (avg20 -4.8230) | J_u 0.01350 (δ=0.00662) | λ 14.31647 | loss -1263.5996 | entropy 5.210 | action 200.9±51.4W | OOD-action  18.2% | 5146s
Iter  1260/2000 | return -3.9034 (avg20 -4.2111) | J_u 0.01355 (δ=0.00662) | λ 14.53500 | loss -1277.0293 | entropy 5.210 | action 189.4±51.3W | OOD-action  24.2% | 5228s
Iter  1280/2000 | return -3.9121 (avg20 -4.0795) | J_u 0.01374 (δ=0.00662) | λ 14.75621 | loss -1314.0221 | entropy 5.208 | action 187.3±54.4W | OOD-action  27.6% | 5310s
Iter  1300/2000 | return -4.5547 (avg20 -4.2716) | J_u 0.01345 (δ=0.00662) | λ 14.97164 | loss -1319.3032 | entropy 5.207 | action 202.6±48.0W | OOD-action  15.9% | 5392s
Iter  1320/2000 | return -4.0552 (avg20 -4.5895) | J_u 0.01353 (δ=0.00662) | λ 15.18476 | loss -1325.8979 | entropy 5.205 | action 196.1±55.5W | OOD-action  24.2% | 5474s
Iter  1340/2000 | return -4.6598 (avg20 -4.2031) | J_u 0.01328 (δ=0.00662) | λ 15.40111 | loss -1370.4934 | entropy 5.204 | action 203.1±62.4W | OOD-action  27.6% | 5556s
Iter  1360/2000 | return -4.8526 (avg20 -4.7639) | J_u 0.01370 (δ=0.00662) | λ 15.61375 | loss -1435.6610 | entropy 5.203 | action 202.9±54.4W | OOD-action  22.7% | 5639s
Iter  1380/2000 | return -4.2280 (avg20 -4.6013) | J_u 0.01321 (δ=0.00662) | λ 15.82490 | loss -1349.5566 | entropy 5.202 | action 199.0±55.6W | OOD-action  22.7% | 5721s
Iter  1400/2000 | return -5.0637 (avg20 -4.9637) | J_u 0.01352 (δ=0.00662) | λ 16.03585 | loss -1447.0610 | entropy 5.201 | action 207.1±55.8W | OOD-action  18.8% | 5815s
[agent] Checkpoint saved → online_RL_ucpg_v2/runs/gap_100-150_300-350_relative/ucpg_iter01400.pt
[train] Plot saved → online_RL_ucpg_v2/runs/gap_100-150_300-350_relative/return.png
[train] Plot saved → online_RL_ucpg_v2/runs/gap_100-150_300-350_relative/j_u.png
[train] Plot saved → online_RL_ucpg_v2/runs/gap_100-150_300-350_relative/lambda.png
[train] Plot saved → online_RL_ucpg_v2/runs/gap_100-150_300-350_relative/loss.png
[train] Plot saved → online_RL_ucpg_v2/runs/gap_100-150_300-350_relative/entropy.png
[train] Plot saved → online_RL_ucpg_v2/runs/gap_100-150_300-350_relative/action_stats.png
[train] Plot saved → online_RL_ucpg_v2/runs/gap_100-150_300-350_relative/ood_action_fraction.png
Iter  1420/2000 | return -4.7439 (avg20 -4.9077) | J_u 0.01377 (δ=0.00662) | λ 16.24335 | loss -1456.9563 | entropy 5.201 | action 196.4±51.4W | OOD-action  19.5% | 5926s
Iter  1440/2000 | return -3.7080 (avg20 -4.1832) | J_u 0.01444 (δ=0.00662) | λ 16.46439 | loss -1537.0608 | entropy 5.200 | action 182.2±58.1W | OOD-action  32.6% | 6008s
Iter  1460/2000 | return -4.1744 (avg20 -3.9854) | J_u 0.01393 (δ=0.00662) | λ 16.68888 | loss -1471.9476 | entropy 5.199 | action 190.8±50.0W | OOD-action  22.1% | 6090s
Iter  1480/2000 | return -4.3797 (avg20 -4.6477) | J_u 0.01382 (δ=0.00662) | λ 16.90076 | loss -1501.9529 | entropy 5.199 | action 195.0±53.4W | OOD-action  23.4% | 6172s
Iter  1500/2000 | return -4.1443 (avg20 -4.1640) | J_u 0.01419 (δ=0.00662) | λ 17.11941 | loss -1628.7181 | entropy 5.199 | action 192.9±59.6W | OOD-action  27.1% | 6254s
Iter  1520/2000 | return -3.7726 (avg20 -4.0081) | J_u 0.01413 (δ=0.00662) | λ 17.34325 | loss -1567.0444 | entropy 5.199 | action 190.5±52.2W | OOD-action  22.9% | 6336s
Iter  1540/2000 | return -4.4671 (avg20 -4.3283) | J_u 0.01330 (δ=0.00662) | λ 17.56018 | loss -1507.3973 | entropy 5.197 | action 200.4±49.0W | OOD-action  18.0% | 6418s
Iter  1560/2000 | return -4.6006 (avg20 -4.9572) | J_u 0.01372 (δ=0.00662) | λ 17.77501 | loss -1589.9016 | entropy 5.197 | action 203.8±48.6W | OOD-action  16.9% | 6501s
Iter  1580/2000 | return -3.7645 (avg20 -4.4709) | J_u 0.01373 (δ=0.00662) | λ 17.99174 | loss -1586.6455 | entropy 5.196 | action 189.3±53.9W | OOD-action  26.3% | 6583s
Iter  1600/2000 | return -3.9262 (avg20 -3.8654) | J_u 0.01375 (δ=0.00662) | λ 18.21002 | loss -1595.3621 | entropy 5.196 | action 192.4±61.3W | OOD-action  31.8% | 6665s
[agent] Checkpoint saved → online_RL_ucpg_v2/runs/gap_100-150_300-350_relative/ucpg_iter01600.pt
[train] Plot saved → online_RL_ucpg_v2/runs/gap_100-150_300-350_relative/return.png
[train] Plot saved → online_RL_ucpg_v2/runs/gap_100-150_300-350_relative/j_u.png
[train] Plot saved → online_RL_ucpg_v2/runs/gap_100-150_300-350_relative/lambda.png
[train] Plot saved → online_RL_ucpg_v2/runs/gap_100-150_300-350_relative/loss.png
[train] Plot saved → online_RL_ucpg_v2/runs/gap_100-150_300-350_relative/entropy.png
[train] Plot saved → online_RL_ucpg_v2/runs/gap_100-150_300-350_relative/action_stats.png
[train] Plot saved → online_RL_ucpg_v2/runs/gap_100-150_300-350_relative/ood_action_fraction.png
Iter  1620/2000 | return -4.3432 (avg20 -4.2357) | J_u 0.01439 (δ=0.00662) | λ 18.44164 | loss -1728.8629 | entropy 5.195 | action 207.7±76.7W | OOD-action  42.7% | 6749s
Iter  1640/2000 | return -5.4784 (avg20 -5.2182) | J_u 0.01401 (δ=0.00662) | λ 18.66896 | loss -1762.8241 | entropy 5.195 | action 217.7±65.6W | OOD-action  26.8% | 6831s
Iter  1660/2000 | return -4.7240 (avg20 -5.1647) | J_u 0.01342 (δ=0.00662) | λ 18.90294 | loss -1637.5198 | entropy 5.194 | action 209.0±67.5W | OOD-action  30.5% | 6912s
Iter  1680/2000 | return -3.8546 (avg20 -4.4943) | J_u 0.01331 (δ=0.00662) | λ 19.12024 | loss -1605.8015 | entropy 5.194 | action 193.3±64.9W | OOD-action  36.2% | 6994s
Iter  1700/2000 | return -4.1380 (avg20 -4.1765) | J_u 0.01319 (δ=0.00662) | λ 19.33765 | loss -1601.0702 | entropy 5.193 | action 204.7±57.0W | OOD-action  22.7% | 7076s
Iter  1720/2000 | return -4.4637 (avg20 -4.7019) | J_u 0.01336 (δ=0.00662) | λ 19.54701 | loss -1675.0236 | entropy 5.193 | action 207.0±54.3W | OOD-action  20.3% | 7158s
Iter  1740/2000 | return -4.5842 (avg20 -4.5865) | J_u 0.01411 (δ=0.00662) | λ 19.75875 | loss -1821.4844 | entropy 5.192 | action 200.0±66.9W | OOD-action  32.3% | 7240s
Iter  1760/2000 | return -4.1622 (avg20 -4.3393) | J_u 0.01367 (δ=0.00662) | λ 19.97732 | loss -1766.7244 | entropy 5.191 | action 196.8±62.0W | OOD-action  28.9% | 7322s
Iter  1780/2000 | return -5.3154 (avg20 -4.7632) | J_u 0.01400 (δ=0.00662) | λ 20.18892 | loss -1843.8779 | entropy 5.189 | action 202.7±49.5W | OOD-action  16.7% | 7404s
Iter  1800/2000 | return -5.1729 (avg20 -4.7474) | J_u 0.01364 (δ=0.00662) | λ 20.39923 | loss -1841.8623 | entropy 5.189 | action 203.1±51.0W | OOD-action  18.8% | 7486s
[agent] Checkpoint saved → online_RL_ucpg_v2/runs/gap_100-150_300-350_relative/ucpg_iter01800.pt
[train] Plot saved → online_RL_ucpg_v2/runs/gap_100-150_300-350_relative/return.png
[train] Plot saved → online_RL_ucpg_v2/runs/gap_100-150_300-350_relative/j_u.png
[train] Plot saved → online_RL_ucpg_v2/runs/gap_100-150_300-350_relative/lambda.png
[train] Plot saved → online_RL_ucpg_v2/runs/gap_100-150_300-350_relative/loss.png
[train] Plot saved → online_RL_ucpg_v2/runs/gap_100-150_300-350_relative/entropy.png
[train] Plot saved → online_RL_ucpg_v2/runs/gap_100-150_300-350_relative/action_stats.png
[train] Plot saved → online_RL_ucpg_v2/runs/gap_100-150_300-350_relative/ood_action_fraction.png
Iter  1820/2000 | return -4.0309 (avg20 -4.4233) | J_u 0.01394 (δ=0.00662) | λ 20.61168 | loss -1829.5239 | entropy 5.189 | action 192.4±55.9W | OOD-action  24.5% | 7570s
Iter  1840/2000 | return -4.5662 (avg20 -4.1876) | J_u 0.01392 (δ=0.00662) | λ 20.82966 | loss -1873.8337 | entropy 5.188 | action 196.1±50.5W | OOD-action  21.1% | 7651s
Iter  1860/2000 | return -5.1967 (avg20 -4.7035) | J_u 0.01386 (δ=0.00662) | λ 21.03799 | loss -1949.3774 | entropy 5.187 | action 202.1±57.0W | OOD-action  21.1% | 7734s
Iter  1880/2000 | return -4.8485 (avg20 -4.9192) | J_u 0.01329 (δ=0.00662) | λ 21.24746 | loss -1809.5037 | entropy 5.186 | action 206.3±55.3W | OOD-action  21.1% | 7843s
Iter  1900/2000 | return -4.7351 (avg20 -4.8291) | J_u 0.01318 (δ=0.00662) | λ 21.45296 | loss -1784.5328 | entropy 5.185 | action 202.8±52.3W | OOD-action  19.3% | 7951s
Iter  1920/2000 | return -4.5675 (avg20 -4.5644) | J_u 0.01355 (δ=0.00662) | λ 21.65936 | loss -1883.5835 | entropy 5.184 | action 196.0±59.4W | OOD-action  27.9% | 8060s
Iter  1940/2000 | return -4.3440 (avg20 -4.4924) | J_u 0.01342 (δ=0.00662) | λ 21.86824 | loss -1852.4243 | entropy 5.183 | action 206.0±57.9W | OOD-action  24.0% | 8168s
Iter  1960/2000 | return -5.3483 (avg20 -5.2884) | J_u 0.01377 (δ=0.00662) | λ 22.07604 | loss -2023.1909 | entropy 5.182 | action 210.7±60.9W | OOD-action  23.7% | 8277s
Iter  1980/2000 | return -5.4078 (avg20 -5.3322) | J_u 0.01346 (δ=0.00662) | λ 22.28457 | loss -1951.5775 | entropy 5.181 | action 212.1±58.8W | OOD-action  21.6% | 8385s
Iter  2000/2000 | return -4.5308 (avg20 -4.8326) | J_u 0.01330 (δ=0.00662) | λ 22.49613 | loss -1876.3019 | entropy 5.181 | action 205.1±63.9W | OOD-action  32.3% | 8494s
[agent] Checkpoint saved → online_RL_ucpg_v2/runs/gap_100-150_300-350_relative/ucpg_iter02000.pt
[train] Plot saved → online_RL_ucpg_v2/runs/gap_100-150_300-350_relative/return.png
[train] Plot saved → online_RL_ucpg_v2/runs/gap_100-150_300-350_relative/j_u.png
[train] Plot saved → online_RL_ucpg_v2/runs/gap_100-150_300-350_relative/lambda.png
[train] Plot saved → online_RL_ucpg_v2/runs/gap_100-150_300-350_relative/loss.png
[train] Plot saved → online_RL_ucpg_v2/runs/gap_100-150_300-350_relative/entropy.png
[train] Plot saved → online_RL_ucpg_v2/runs/gap_100-150_300-350_relative/action_stats.png
[train] Plot saved → online_RL_ucpg_v2/runs/gap_100-150_300-350_relative/ood_action_fraction.png
[agent] Checkpoint saved → online_RL_ucpg_v2/runs/gap_100-150_300-350_relative/ucpg_final.pt
[train] Plot saved → online_RL_ucpg_v2/runs/gap_100-150_300-350_relative/return.png
[train] Plot saved → online_RL_ucpg_v2/runs/gap_100-150_300-350_relative/j_u.png
[train] Plot saved → online_RL_ucpg_v2/runs/gap_100-150_300-350_relative/lambda.png
[train] Plot saved → online_RL_ucpg_v2/runs/gap_100-150_300-350_relative/loss.png
[train] Plot saved → online_RL_ucpg_v2/runs/gap_100-150_300-350_relative/entropy.png
[train] Plot saved → online_RL_ucpg_v2/runs/gap_100-150_300-350_relative/action_stats.png
[train] Plot saved → online_RL_ucpg_v2/runs/gap_100-150_300-350_relative/ood_action_fraction.png

=================================================================
[train] Training complete in 141.6 min
[train] Best undiscounted return : -3.4218
[train] Final J_u_hat / delta     : 0.01330 / 0.00662
[train] Final lambda              : 22.49613
[train] Final action              : 205.1 ± 63.9 W
[train] Best checkpoint  : online_RL_ucpg_v2/runs/gap_100-150_300-350_relative/ucpg_best.pt
[train] Final checkpoint : online_RL_ucpg_v2/runs/gap_100-150_300-350_relative/ucpg_final.pt
=================================================================
=== [6/7] Aggregate — SURROGATE-driven leaderboard (naive_pg vs. UCPG) ===
======================================================================
  Baselines — Aggregated Evaluation
======================================================================
  Surrogate (shared environment) : surrogate_model_v3/runs/gap_100-150_300-350/surrogate_best.pt
  Episodes/method                : 50
======================================================================
[TwoStageLatentLPBFEnv] Mesh loaded: 1053 nodes  X∈[0.00, 12.00]  Y∈[0.00, 3.00]
[agent] Loaded checkpoint from baselines/naive_pg/runs/gap_100-150_300-350/naive_pg_best.pt  (lambda=0.00000)
[eval_harness] Saved → baselines/results_gap_100-150_300-350/per_layer_0_naive_pg.png
[agent] Loaded checkpoint from online_RL_ucpg_v2/runs/gap_100-150_300-350_relative/ucpg_best.pt  (lambda=0.66458)
[eval_harness] Saved → baselines/results_gap_100-150_300-350/per_layer_ucpg_v2_ours.png

Method                     Return (mean±std)   Uncertainty     Action (mean±std)
--------------------------------------------------------------------------------
0. Naive PG             -2.1976 ± 0.2001        0.00120     180.5 ± 57.1   
UCPG v2 (ours)          -2.5260 ± 0.2614        0.00118     176.1 ± 32.4   
[eval_harness] Saved → baselines/results_gap_100-150_300-350/leaderboard.csv
[eval_harness] Saved → baselines/results_gap_100-150_300-350/leaderboard.png
=== [7/7] Aggregate — REAL PHYSICS leaderboard (naive_pg vs. UCPG) ===
======================================================================
  All-Methods REAL PHYSICS Evaluation (simulateHeatingCooling_v2.m)
======================================================================
  Surrogate (norm stats only) : surrogate_model_v3/runs/gap_100-150_300-350/surrogate_best.pt
  Episodes/method              : 1
======================================================================
  Scratch dir : /tmp/real_eval_all_hmr_chi1

=== Naive PG ===
[agent] Loaded checkpoint from baselines/naive_pg/runs/gap_100-150_300-350/naive_pg_best.pt  (lambda=0.00000)
    [0. Naive PG] episode 1/1  (cool_time=0.100s)
[evaluate_real] Mesh consistency check passed (matches surrogate_model/mesh.mat).
      layer  1/12  LP= 320.44W  reward=-1.2980  (15s)
      layer  2/12  LP= 160.89W  reward=-0.4239  (14s)
      layer  3/12  LP= 128.15W  reward=-0.2100  (14s)
      layer  4/12  LP= 130.37W  reward=-0.2230  (14s)
      layer  5/12  LP= 124.85W  reward=-0.1976  (14s)
      layer  6/12  LP= 114.26W  reward=-0.1746  (14s)
      layer  7/12  LP= 105.67W  reward=-0.1365  (14s)
      layer  8/12  LP= 105.55W  reward=-0.1411  (14s)
      layer  9/12  LP= 105.53W  reward=-0.1499  (14s)
      layer 10/12  LP= 105.45W  reward=-0.2091  (14s)
      layer 11/12  LP= 108.01W  reward=-0.2665  (14s)
      layer 12/12  LP= 117.31W  reward=-0.4279  (14s)
      → episode return: -3.8581
[eval_harness] Saved → baselines/results_gap_100-150_300-350_real/per_layer_real_0_naive_pg.png
  [0. Naive PG] done in 2.8 min

=== UCPG v2 (ours) ===
[agent] Loaded checkpoint from online_RL_ucpg_v2/runs/gap_100-150_300-350_relative/ucpg_best.pt  (lambda=0.66458)
    [UCPG v2 (ours)] episode 1/1  (cool_time=0.100s)
[evaluate_real] Mesh consistency check passed (matches surrogate_model/mesh.mat).
      layer  1/12  LP= 237.23W  reward=-0.5993  (14s)
      layer  2/12  LP= 220.94W  reward=-0.8052  (14s)
      layer  3/12  LP= 188.21W  reward=-0.7783  (14s)
      layer  4/12  LP= 163.37W  reward=-0.6415  (14s)
      layer  5/12  LP= 117.17W  reward=-0.2457  (14s)
      layer  6/12  LP= 120.16W  reward=-0.2869  (14s)
      layer  7/12  LP= 121.79W  reward=-0.3391  (14s)
      layer  8/12  LP= 123.22W  reward=-0.3933  (14s)
      layer  9/12  LP= 124.25W  reward=-0.3912  (14s)
      layer 10/12  LP= 125.09W  reward=-0.5713  (14s)
      layer 11/12  LP= 125.38W  reward=-0.6695  (14s)
      layer 12/12  LP= 125.92W  reward=-0.7456  (14s)
      → episode return: -6.4668
[eval_harness] Saved → baselines/results_gap_100-150_300-350_real/per_layer_real_ucpg_v2_ours.png
  [UCPG v2 (ours)] done in 2.8 min


Method                     Return (mean±std)   Uncertainty     Action (mean±std)
--------------------------------------------------------------------------------
0. Naive PG             -3.8581 ± 0.0000        0.00000     135.5 ± 57.9   
UCPG v2 (ours)          -6.4668 ± 0.0000        0.00000     149.4 ± 41.1   
[eval_harness] Saved → baselines/results_gap_100-150_300-350_real/leaderboard_real.csv
[eval_harness] Saved → baselines/results_gap_100-150_300-350_real/leaderboard_real.png
============================================================
Finished : Tue Sep 29 01:52:29 EDT 2026  (exit code: 0)
Surrogate checkpoint      : surrogate_model_v3/runs/gap_100-150_300-350/surrogate_best.pt
Surrogate eval plots      : surrogate_model_v3/runs/gap_100-150_300-350/  (evaluate.py) and alongside checkpoint (evaluate_ood.py)
Naive PG / UCPG checkpts  : baselines/naive_pg/runs/gap_100-150_300-350/naive_pg_best.pt , online_RL_ucpg_v2/runs/gap_100-150_300-350_relative/ucpg_best.pt
Surrogate leaderboard     : baselines/results_gap_100-150_300-350/leaderboard.png / .csv
Real-physics leaderboard  : baselines/results_gap_100-150_300-350_real/leaderboard_real.png / .csv
============================================================
