============================================================
Job ID   : 50887849
Node     : gl1022
Started  : Mon May 25 22:44:39 EDT 2026
============================================================
Python   : /home/xysong/.conda/envs/RL/bin/python
Torch    : 2.5.1+cu121
CUDA     : True
GPU      : Tesla V100-PCIE-16GB
============================================================
=================================================================
[train] Online DQN — LPBF Laser-Power Controller
[train] Output dir : online_RL/runs/20260525_224449
[train] Device     : cuda
=================================================================

[train] Loading surrogate: surrogate_model/runs/20260525_221524/surrogate_best.pt
[train] Surrogate   : state_dim=1053, action_mean=274.6 W, action_std=75.1 W
[LPBFEnv] Mesh loaded: 1053 nodes  X∈[0.00, 12.00]  Y∈[0.00, 3.00]
[train] Action space : 26 actions  (150–400 W, step 10 W)
[train] Temp window  : [2000, 2800] K
[train] Layers/ep    : 12
[train] obs_dim      : 1054  (1053 temp nodes + 1 layer token)
[train] QNet(state_dim=1054, num_actions=26, hidden=256, depth=4, params=807,706)
[train] ReplayBuffer(capacity=100,000, size=0, state_dim=1054)

[train] Starting 40000 episodes  (warmup=1000, Double-DQN=True, target_update_freq=10)
-----------------------------------------------------------------
Ep     1/40000 | ret -21.4342 | avg(1) -21.4342 | ε 1.000 | loss nan | buf 12 | 0s [warmup]
Ep    50/40000 | ret -16.3545 | avg(50) -26.0011 | ε 1.000 | loss nan | buf 600 | 1s [warmup]
Ep   100/40000 | ret -22.9515 | avg(50) -24.8226 | ε 1.000 | loss nan | buf 1,200 | 2s [warmup]
Ep   150/40000 | ret -23.5149 | avg(50) -24.3579 | ε 1.000 | loss nan | buf 1,800 | 3s [warmup]
Ep   200/40000 | ret -19.3655 | avg(50) -23.5931 | ε 1.000 | loss nan | buf 2,400 | 3s [warmup]
Ep   250/40000 | ret -19.3947 | avg(50) -24.2361 | ε 1.000 | loss nan | buf 3,000 | 4s [warmup]
Ep   300/40000 | ret -17.0931 | avg(50) -24.2506 | ε 1.000 | loss nan | buf 3,600 | 5s [warmup]
Ep   350/40000 | ret -18.1474 | avg(50) -24.5924 | ε 1.000 | loss nan | buf 4,200 | 6s [warmup]
Ep   400/40000 | ret -21.6918 | avg(50) -24.4916 | ε 1.000 | loss nan | buf 4,800 | 7s [warmup]
Ep   450/40000 | ret -27.0503 | avg(50) -24.2650 | ε 1.000 | loss nan | buf 5,400 | 8s [warmup]
Ep   500/40000 | ret -25.5317 | avg(50) -23.9559 | ε 1.000 | loss nan | buf 6,000 | 8s [warmup]
[agent] Checkpoint saved → online_RL/runs/20260525_224449/dqn_ep00500.pt
[train] Returns plot → online_RL/runs/20260525_224449/returns.png
[train] Epsilon plot → online_RL/runs/20260525_224449/epsilon.png
Ep   550/40000 | ret -21.6480 | avg(50) -24.4521 | ε 1.000 | loss nan | buf 6,600 | 10s [warmup]
Ep   600/40000 | ret -32.4756 | avg(50) -24.2549 | ε 1.000 | loss nan | buf 7,200 | 11s [warmup]
Ep   650/40000 | ret -26.9323 | avg(50) -24.5872 | ε 1.000 | loss nan | buf 7,800 | 12s [warmup]
Ep   700/40000 | ret -30.1503 | avg(50) -25.0200 | ε 1.000 | loss nan | buf 8,400 | 12s [warmup]
Ep   750/40000 | ret -28.3295 | avg(50) -25.8480 | ε 1.000 | loss nan | buf 9,000 | 13s [warmup]
Ep   800/40000 | ret -23.7643 | avg(50) -25.3265 | ε 1.000 | loss nan | buf 9,600 | 14s [warmup]
Ep   850/40000 | ret -28.6407 | avg(50) -24.7698 | ε 1.000 | loss nan | buf 10,200 | 15s [warmup]
Ep   900/40000 | ret -29.6537 | avg(50) -24.2791 | ε 1.000 | loss nan | buf 10,800 | 16s [warmup]
Ep   950/40000 | ret -22.7640 | avg(50) -23.9294 | ε 1.000 | loss nan | buf 11,400 | 17s [warmup]
Ep  1000/40000 | ret -30.0454 | avg(50) -25.1611 | ε 1.000 | loss nan | buf 12,000 | 17s [warmup]
[agent] Checkpoint saved → online_RL/runs/20260525_224449/dqn_ep01000.pt
[train] Returns plot → online_RL/runs/20260525_224449/returns.png
[train] Epsilon plot → online_RL/runs/20260525_224449/epsilon.png
[agent] Checkpoint saved → online_RL/runs/20260525_224449/dqn_best.pt
[agent] Checkpoint saved → online_RL/runs/20260525_224449/dqn_best.pt
Ep  1050/40000 | ret -18.9331 | avg(50) -23.6500 | ε 0.997 | loss 0.16053 | buf 12,600 | 23s
Ep  1100/40000 | ret -24.1891 | avg(50) -25.7636 | ε 0.994 | loss 0.13493 | buf 13,200 | 28s
Ep  1150/40000 | ret -21.4204 | avg(50) -24.3636 | ε 0.991 | loss 0.12987 | buf 13,800 | 32s
Ep  1200/40000 | ret -17.3037 | avg(50) -24.9088 | ε 0.989 | loss 0.08917 | buf 14,400 | 37s
Ep  1250/40000 | ret -23.1183 | avg(50) -24.6223 | ε 0.986 | loss 0.10023 | buf 15,000 | 42s
Ep  1300/40000 | ret -17.2371 | avg(50) -23.9229 | ε 0.983 | loss 0.10543 | buf 15,600 | 46s
Ep  1350/40000 | ret -23.5912 | avg(50) -23.8577 | ε 0.980 | loss 0.03915 | buf 16,200 | 51s
Ep  1400/40000 | ret -22.2542 | avg(50) -23.0744 | ε 0.977 | loss 0.06684 | buf 16,800 | 56s
Ep  1450/40000 | ret -22.1026 | avg(50) -23.8471 | ε 0.974 | loss 0.09431 | buf 17,400 | 60s
[agent] Checkpoint saved → online_RL/runs/20260525_224449/dqn_best.pt
Ep  1500/40000 | ret -21.1764 | avg(50) -23.9055 | ε 0.972 | loss 0.03931 | buf 18,000 | 65s
[agent] Checkpoint saved → online_RL/runs/20260525_224449/dqn_ep01500.pt
[train] Returns plot → online_RL/runs/20260525_224449/returns.png
[train] Q-loss plot  → online_RL/runs/20260525_224449/q_loss.png
[train] Epsilon plot → online_RL/runs/20260525_224449/epsilon.png
Ep  1550/40000 | ret -21.7766 | avg(50) -23.3471 | ε 0.969 | loss 0.03095 | buf 18,600 | 70s
Ep  1600/40000 | ret -13.6936 | avg(50) -23.2786 | ε 0.966 | loss 0.05523 | buf 19,200 | 75s
Ep  1650/40000 | ret -26.1382 | avg(50) -24.0746 | ε 0.963 | loss 0.04775 | buf 19,800 | 80s
Ep  1700/40000 | ret -24.5982 | avg(50) -22.4207 | ε 0.960 | loss 0.02966 | buf 20,400 | 85s
Ep  1750/40000 | ret -30.9310 | avg(50) -23.9685 | ε 0.957 | loss 0.04051 | buf 21,000 | 89s
Ep  1800/40000 | ret -24.6973 | avg(50) -22.5455 | ε 0.954 | loss 0.03634 | buf 21,600 | 94s
Ep  1850/40000 | ret -17.8606 | avg(50) -23.7949 | ε 0.952 | loss 0.02944 | buf 22,200 | 99s
Ep  1900/40000 | ret -19.0500 | avg(50) -22.7389 | ε 0.949 | loss 0.04003 | buf 22,800 | 103s
Ep  1950/40000 | ret -25.1214 | avg(50) -21.8698 | ε 0.946 | loss 0.04006 | buf 23,400 | 108s
[agent] Checkpoint saved → online_RL/runs/20260525_224449/dqn_best.pt
Ep  2000/40000 | ret -14.5245 | avg(50) -23.1218 | ε 0.943 | loss 0.03205 | buf 24,000 | 113s
[agent] Checkpoint saved → online_RL/runs/20260525_224449/dqn_ep02000.pt
[train] Returns plot → online_RL/runs/20260525_224449/returns.png
[train] Q-loss plot  → online_RL/runs/20260525_224449/q_loss.png
[train] Epsilon plot → online_RL/runs/20260525_224449/epsilon.png
Ep  2050/40000 | ret -22.6487 | avg(50) -22.4416 | ε 0.940 | loss 0.03625 | buf 24,600 | 118s
Ep  2100/40000 | ret -25.4492 | avg(50) -23.8323 | ε 0.937 | loss 0.02495 | buf 25,200 | 123s
Ep  2150/40000 | ret -21.1663 | avg(50) -24.1818 | ε 0.934 | loss 0.02244 | buf 25,800 | 128s
Ep  2200/40000 | ret -33.9350 | avg(50) -22.5204 | ε 0.932 | loss 0.02208 | buf 26,400 | 133s
Ep  2250/40000 | ret -34.2994 | avg(50) -22.9010 | ε 0.929 | loss 0.01556 | buf 27,000 | 137s
Ep  2300/40000 | ret -21.9477 | avg(50) -21.2477 | ε 0.926 | loss 0.03004 | buf 27,600 | 142s
Ep  2350/40000 | ret -16.4818 | avg(50) -22.2540 | ε 0.923 | loss 0.02171 | buf 28,200 | 147s
Ep  2400/40000 | ret -24.8821 | avg(50) -22.6628 | ε 0.920 | loss 0.01722 | buf 28,800 | 152s
Ep  2450/40000 | ret -22.8801 | avg(50) -23.1036 | ε 0.917 | loss 0.02095 | buf 29,400 | 156s
Ep  2500/40000 | ret -21.4976 | avg(50) -21.5272 | ε 0.915 | loss 0.01111 | buf 30,000 | 161s
[agent] Checkpoint saved → online_RL/runs/20260525_224449/dqn_ep02500.pt
[train] Returns plot → online_RL/runs/20260525_224449/returns.png
[train] Q-loss plot  → online_RL/runs/20260525_224449/q_loss.png
[train] Epsilon plot → online_RL/runs/20260525_224449/epsilon.png
Ep  2550/40000 | ret -23.1669 | avg(50) -22.5245 | ε 0.912 | loss 0.02156 | buf 30,600 | 167s
Ep  2600/40000 | ret -23.7198 | avg(50) -22.9009 | ε 0.909 | loss 0.02009 | buf 31,200 | 171s
Ep  2650/40000 | ret -20.7110 | avg(50) -22.0181 | ε 0.906 | loss 0.01153 | buf 31,800 | 176s
Ep  2700/40000 | ret -25.2191 | avg(50) -22.7129 | ε 0.903 | loss 0.01738 | buf 32,400 | 181s
Ep  2750/40000 | ret -24.6198 | avg(50) -23.4577 | ε 0.900 | loss 0.01809 | buf 33,000 | 186s
Ep  2800/40000 | ret -29.0824 | avg(50) -22.1243 | ε 0.897 | loss 0.06774 | buf 33,600 | 190s
Ep  2850/40000 | ret -25.6569 | avg(50) -21.1167 | ε 0.895 | loss 0.01863 | buf 34,200 | 195s
Ep  2900/40000 | ret -19.2683 | avg(50) -20.7736 | ε 0.892 | loss 0.02858 | buf 34,800 | 200s
Ep  2950/40000 | ret -21.0522 | avg(50) -22.0120 | ε 0.889 | loss 0.01986 | buf 35,400 | 205s
[agent] Checkpoint saved → online_RL/runs/20260525_224449/dqn_best.pt
Ep  3000/40000 | ret -19.9180 | avg(50) -21.0411 | ε 0.886 | loss 0.01149 | buf 36,000 | 210s
[agent] Checkpoint saved → online_RL/runs/20260525_224449/dqn_ep03000.pt
[train] Returns plot → online_RL/runs/20260525_224449/returns.png
[train] Q-loss plot  → online_RL/runs/20260525_224449/q_loss.png
[train] Epsilon plot → online_RL/runs/20260525_224449/epsilon.png
Ep  3050/40000 | ret -29.0297 | avg(50) -20.5021 | ε 0.883 | loss 0.01052 | buf 36,600 | 215s
Ep  3100/40000 | ret -13.4305 | avg(50) -21.8180 | ε 0.880 | loss 0.01588 | buf 37,200 | 220s
Ep  3150/40000 | ret -27.7525 | avg(50) -20.7575 | ε 0.877 | loss 0.01360 | buf 37,800 | 225s
[agent] Checkpoint saved → online_RL/runs/20260525_224449/dqn_best.pt
Ep  3200/40000 | ret -17.2279 | avg(50) -20.6222 | ε 0.875 | loss 0.00918 | buf 38,400 | 230s
Ep  3250/40000 | ret -18.4019 | avg(50) -20.9422 | ε 0.872 | loss 0.01080 | buf 39,000 | 234s
Ep  3300/40000 | ret -27.2895 | avg(50) -21.7997 | ε 0.869 | loss 0.02648 | buf 39,600 | 239s
Ep  3350/40000 | ret -29.9857 | avg(50) -21.0158 | ε 0.866 | loss 0.01213 | buf 40,200 | 244s
Ep  3400/40000 | ret -21.0790 | avg(50) -20.7993 | ε 0.863 | loss 0.01012 | buf 40,800 | 249s
Ep  3450/40000 | ret -15.2426 | avg(50) -21.5610 | ε 0.860 | loss 0.01733 | buf 41,400 | 254s
Ep  3500/40000 | ret -16.5287 | avg(50) -20.4268 | ε 0.858 | loss 0.00860 | buf 42,000 | 258s
[agent] Checkpoint saved → online_RL/runs/20260525_224449/dqn_ep03500.pt
[train] Returns plot → online_RL/runs/20260525_224449/returns.png
[train] Q-loss plot  → online_RL/runs/20260525_224449/q_loss.png
[train] Epsilon plot → online_RL/runs/20260525_224449/epsilon.png
Ep  3550/40000 | ret -19.4624 | avg(50) -21.6469 | ε 0.855 | loss 0.02478 | buf 42,600 | 264s
Ep  3600/40000 | ret -18.5398 | avg(50) -20.1665 | ε 0.852 | loss 0.01194 | buf 43,200 | 269s
Ep  3650/40000 | ret -11.6019 | avg(50) -19.5648 | ε 0.849 | loss 0.02142 | buf 43,800 | 274s
Ep  3700/40000 | ret -11.2565 | avg(50) -20.6566 | ε 0.846 | loss 0.00733 | buf 44,400 | 279s
Ep  3750/40000 | ret -21.0153 | avg(50) -20.2095 | ε 0.843 | loss 0.01212 | buf 45,000 | 283s
Ep  3800/40000 | ret -15.9900 | avg(50) -20.0072 | ε 0.840 | loss 0.00952 | buf 45,600 | 288s
Ep  3850/40000 | ret -19.8042 | avg(50) -21.1725 | ε 0.838 | loss 0.01867 | buf 46,200 | 293s
Ep  3900/40000 | ret -13.0597 | avg(50) -20.6237 | ε 0.835 | loss 0.00777 | buf 46,800 | 298s
Ep  3950/40000 | ret -26.2468 | avg(50) -19.6401 | ε 0.832 | loss 0.00735 | buf 47,400 | 303s
[agent] Checkpoint saved → online_RL/runs/20260525_224449/dqn_best.pt
[agent] Checkpoint saved → online_RL/runs/20260525_224449/dqn_best.pt
Ep  4000/40000 | ret -9.8085 | avg(50) -18.6944 | ε 0.829 | loss 0.01006 | buf 48,000 | 308s
[agent] Checkpoint saved → online_RL/runs/20260525_224449/dqn_ep04000.pt
[train] Returns plot → online_RL/runs/20260525_224449/returns.png
[train] Q-loss plot  → online_RL/runs/20260525_224449/q_loss.png
[train] Epsilon plot → online_RL/runs/20260525_224449/epsilon.png
Ep  4050/40000 | ret -21.5661 | avg(50) -20.5167 | ε 0.826 | loss 0.03074 | buf 48,600 | 313s
Ep  4100/40000 | ret -26.8021 | avg(50) -21.9576 | ε 0.823 | loss 0.02282 | buf 49,200 | 318s
Ep  4150/40000 | ret -16.7721 | avg(50) -21.1205 | ε 0.820 | loss 0.02821 | buf 49,800 | 323s
Ep  4200/40000 | ret -21.4470 | avg(50) -19.0369 | ε 0.818 | loss 0.00914 | buf 50,400 | 328s
Ep  4250/40000 | ret -24.1829 | avg(50) -20.6864 | ε 0.815 | loss 0.02421 | buf 51,000 | 333s
Ep  4300/40000 | ret -14.8451 | avg(50) -18.7358 | ε 0.812 | loss 0.00852 | buf 51,600 | 337s
Ep  4350/40000 | ret -18.1517 | avg(50) -20.5701 | ε 0.809 | loss 0.00938 | buf 52,200 | 342s
Ep  4400/40000 | ret -21.0656 | avg(50) -18.8566 | ε 0.806 | loss 0.00722 | buf 52,800 | 347s
Ep  4450/40000 | ret -21.3528 | avg(50) -18.3374 | ε 0.803 | loss 0.01025 | buf 53,400 | 352s
Ep  4500/40000 | ret -24.0374 | avg(50) -19.0840 | ε 0.801 | loss 0.00698 | buf 54,000 | 357s
[agent] Checkpoint saved → online_RL/runs/20260525_224449/dqn_ep04500.pt
[train] Returns plot → online_RL/runs/20260525_224449/returns.png
[train] Q-loss plot  → online_RL/runs/20260525_224449/q_loss.png
[train] Epsilon plot → online_RL/runs/20260525_224449/epsilon.png
Ep  4550/40000 | ret -24.8563 | avg(50) -18.8262 | ε 0.798 | loss 0.03237 | buf 54,600 | 362s
Ep  4600/40000 | ret -25.2705 | avg(50) -19.4271 | ε 0.795 | loss 0.00792 | buf 55,200 | 367s
Ep  4650/40000 | ret -23.8427 | avg(50) -19.2282 | ε 0.792 | loss 0.01303 | buf 55,800 | 372s
Ep  4700/40000 | ret -27.4477 | avg(50) -19.1502 | ε 0.789 | loss 0.01191 | buf 56,400 | 377s
Ep  4750/40000 | ret -20.6729 | avg(50) -18.5808 | ε 0.786 | loss 0.00725 | buf 57,000 | 382s
Ep  4800/40000 | ret -23.2250 | avg(50) -18.7992 | ε 0.783 | loss 0.00940 | buf 57,600 | 387s
Ep  4850/40000 | ret -21.7334 | avg(50) -19.1214 | ε 0.781 | loss 0.02357 | buf 58,200 | 392s
Ep  4900/40000 | ret -15.1582 | avg(50) -18.8414 | ε 0.778 | loss 0.04331 | buf 58,800 | 396s
Ep  4950/40000 | ret -25.2635 | avg(50) -18.1341 | ε 0.775 | loss 0.01524 | buf 59,400 | 401s
Ep  5000/40000 | ret -11.5354 | avg(50) -18.8903 | ε 0.772 | loss 0.00623 | buf 60,000 | 406s
[agent] Checkpoint saved → online_RL/runs/20260525_224449/dqn_ep05000.pt
[train] Returns plot → online_RL/runs/20260525_224449/returns.png
[train] Q-loss plot  → online_RL/runs/20260525_224449/q_loss.png
[train] Epsilon plot → online_RL/runs/20260525_224449/epsilon.png
Ep  5050/40000 | ret -22.1103 | avg(50) -18.1499 | ε 0.769 | loss 0.01973 | buf 60,600 | 412s
Ep  5100/40000 | ret -24.0571 | avg(50) -19.9687 | ε 0.766 | loss 0.01313 | buf 61,200 | 417s
Ep  5150/40000 | ret -17.8097 | avg(50) -18.7844 | ε 0.763 | loss 0.01294 | buf 61,800 | 422s
[agent] Checkpoint saved → online_RL/runs/20260525_224449/dqn_best.pt
Ep  5200/40000 | ret -10.1749 | avg(50) -18.4378 | ε 0.761 | loss 0.01168 | buf 62,400 | 427s
Ep  5250/40000 | ret -23.7179 | avg(50) -19.4029 | ε 0.758 | loss 0.00596 | buf 63,000 | 431s
Ep  5300/40000 | ret -9.7382 | avg(50) -16.8452 | ε 0.755 | loss 0.01390 | buf 63,600 | 436s
Ep  5350/40000 | ret -15.1438 | avg(50) -18.9027 | ε 0.752 | loss 0.00779 | buf 64,200 | 441s
Ep  5400/40000 | ret -25.0211 | avg(50) -19.9610 | ε 0.749 | loss 0.00695 | buf 64,800 | 446s
Ep  5450/40000 | ret -19.6961 | avg(50) -18.7865 | ε 0.746 | loss 0.00604 | buf 65,400 | 451s
Ep  5500/40000 | ret -20.7513 | avg(50) -17.4205 | ε 0.744 | loss 0.00874 | buf 66,000 | 456s
[agent] Checkpoint saved → online_RL/runs/20260525_224449/dqn_ep05500.pt
[train] Returns plot → online_RL/runs/20260525_224449/returns.png
[train] Q-loss plot  → online_RL/runs/20260525_224449/q_loss.png
[train] Epsilon plot → online_RL/runs/20260525_224449/epsilon.png
Ep  5550/40000 | ret -13.5349 | avg(50) -17.8008 | ε 0.741 | loss 0.00483 | buf 66,600 | 462s
Ep  5600/40000 | ret -17.1371 | avg(50) -17.9111 | ε 0.738 | loss 0.00521 | buf 67,200 | 466s
Ep  5650/40000 | ret -20.7815 | avg(50) -18.1728 | ε 0.735 | loss 0.00738 | buf 67,800 | 471s
Ep  5700/40000 | ret -16.5314 | avg(50) -17.8806 | ε 0.732 | loss 0.02399 | buf 68,400 | 476s
Ep  5750/40000 | ret -22.0183 | avg(50) -16.9568 | ε 0.729 | loss 0.00912 | buf 69,000 | 481s
Ep  5800/40000 | ret -13.5211 | avg(50) -16.6458 | ε 0.726 | loss 0.00516 | buf 69,600 | 486s
Ep  5850/40000 | ret -22.3249 | avg(50) -20.1432 | ε 0.724 | loss 0.01749 | buf 70,200 | 491s
Ep  5900/40000 | ret -14.1975 | avg(50) -18.8709 | ε 0.721 | loss 0.00392 | buf 70,800 | 496s
Ep  5950/40000 | ret -8.7314 | avg(50) -16.3927 | ε 0.718 | loss 0.00756 | buf 71,400 | 501s
[agent] Checkpoint saved → online_RL/runs/20260525_224449/dqn_best.pt
[agent] Checkpoint saved → online_RL/runs/20260525_224449/dqn_best.pt
Ep  6000/40000 | ret -13.1927 | avg(50) -16.4124 | ε 0.715 | loss 0.01055 | buf 72,000 | 506s
[agent] Checkpoint saved → online_RL/runs/20260525_224449/dqn_ep06000.pt
[train] Returns plot → online_RL/runs/20260525_224449/returns.png
[train] Q-loss plot  → online_RL/runs/20260525_224449/q_loss.png
[train] Epsilon plot → online_RL/runs/20260525_224449/epsilon.png
Ep  6050/40000 | ret -10.7887 | avg(50) -16.8133 | ε 0.712 | loss 0.00570 | buf 72,600 | 512s
Ep  6100/40000 | ret -15.3102 | avg(50) -17.2570 | ε 0.709 | loss 0.00502 | buf 73,200 | 517s
Ep  6150/40000 | ret -10.6711 | avg(50) -17.5967 | ε 0.706 | loss 0.00457 | buf 73,800 | 521s
[agent] Checkpoint saved → online_RL/runs/20260525_224449/dqn_best.pt
Ep  6200/40000 | ret -18.1852 | avg(50) -15.9929 | ε 0.704 | loss 0.00655 | buf 74,400 | 526s
Ep  6250/40000 | ret -13.3326 | avg(50) -17.8058 | ε 0.701 | loss 0.00443 | buf 75,000 | 531s
[agent] Checkpoint saved → online_RL/runs/20260525_224449/dqn_best.pt
Ep  6300/40000 | ret -19.8302 | avg(50) -17.5818 | ε 0.698 | loss 0.00996 | buf 75,600 | 536s
Ep  6350/40000 | ret -16.3790 | avg(50) -15.9586 | ε 0.695 | loss 0.01610 | buf 76,200 | 541s
Ep  6400/40000 | ret -22.9245 | avg(50) -18.7063 | ε 0.692 | loss 0.00533 | buf 76,800 | 546s
Ep  6450/40000 | ret -16.4352 | avg(50) -16.7876 | ε 0.689 | loss 0.00628 | buf 77,400 | 551s
Ep  6500/40000 | ret -26.2875 | avg(50) -16.1307 | ε 0.687 | loss 0.00358 | buf 78,000 | 556s
[agent] Checkpoint saved → online_RL/runs/20260525_224449/dqn_ep06500.pt
[train] Returns plot → online_RL/runs/20260525_224449/returns.png
[train] Q-loss plot  → online_RL/runs/20260525_224449/q_loss.png
[train] Epsilon plot → online_RL/runs/20260525_224449/epsilon.png
Ep  6550/40000 | ret -7.7415 | avg(50) -17.0615 | ε 0.684 | loss 0.00516 | buf 78,600 | 562s
Ep  6600/40000 | ret -22.4110 | avg(50) -18.1994 | ε 0.681 | loss 0.00457 | buf 79,200 | 567s
Ep  6650/40000 | ret -16.1791 | avg(50) -16.7738 | ε 0.678 | loss 0.00838 | buf 79,800 | 572s
Ep  6700/40000 | ret -13.4484 | avg(50) -15.6067 | ε 0.675 | loss 0.00320 | buf 80,400 | 577s
Ep  6750/40000 | ret -22.9377 | avg(50) -16.2555 | ε 0.672 | loss 0.00829 | buf 81,000 | 582s
Ep  6800/40000 | ret -14.5616 | avg(50) -15.3438 | ε 0.669 | loss 0.03360 | buf 81,600 | 587s
Ep  6850/40000 | ret -15.5468 | avg(50) -15.6408 | ε 0.667 | loss 0.00782 | buf 82,200 | 592s
Ep  6900/40000 | ret -9.0109 | avg(50) -17.1567 | ε 0.664 | loss 0.00367 | buf 82,800 | 597s
Ep  6950/40000 | ret -25.7498 | avg(50) -18.5277 | ε 0.661 | loss 0.00350 | buf 83,400 | 602s
Ep  7000/40000 | ret -15.6634 | avg(50) -16.0883 | ε 0.658 | loss 0.00473 | buf 84,000 | 607s
[agent] Checkpoint saved → online_RL/runs/20260525_224449/dqn_ep07000.pt
[train] Returns plot → online_RL/runs/20260525_224449/returns.png
[train] Q-loss plot  → online_RL/runs/20260525_224449/q_loss.png
[train] Epsilon plot → online_RL/runs/20260525_224449/epsilon.png
Ep  7050/40000 | ret -10.1430 | avg(50) -15.3295 | ε 0.655 | loss 0.00566 | buf 84,600 | 612s
Ep  7100/40000 | ret -20.6506 | avg(50) -15.9992 | ε 0.652 | loss 0.01923 | buf 85,200 | 617s
Ep  7150/40000 | ret -14.8061 | avg(50) -15.5470 | ε 0.649 | loss 0.00642 | buf 85,800 | 622s
Ep  7200/40000 | ret -23.0213 | avg(50) -15.8318 | ε 0.647 | loss 0.00890 | buf 86,400 | 627s
Ep  7250/40000 | ret -15.8912 | avg(50) -14.6021 | ε 0.644 | loss 0.00300 | buf 87,000 | 632s
Ep  7300/40000 | ret -15.5646 | avg(50) -15.5429 | ε 0.641 | loss 0.02505 | buf 87,600 | 637s
Ep  7350/40000 | ret -8.1844 | avg(50) -15.9232 | ε 0.638 | loss 0.02115 | buf 88,200 | 642s
Ep  7400/40000 | ret -18.4740 | avg(50) -15.0576 | ε 0.635 | loss 0.00391 | buf 88,800 | 647s
Ep  7450/40000 | ret -16.0884 | avg(50) -14.9744 | ε 0.632 | loss 0.01003 | buf 89,400 | 652s
Ep  7500/40000 | ret -19.0704 | avg(50) -15.0528 | ε 0.630 | loss 0.03981 | buf 90,000 | 657s
[agent] Checkpoint saved → online_RL/runs/20260525_224449/dqn_ep07500.pt
[train] Returns plot → online_RL/runs/20260525_224449/returns.png
[train] Q-loss plot  → online_RL/runs/20260525_224449/q_loss.png
[train] Epsilon plot → online_RL/runs/20260525_224449/epsilon.png
Ep  7550/40000 | ret -10.8049 | avg(50) -14.1136 | ε 0.627 | loss 0.00336 | buf 90,600 | 663s
Ep  7600/40000 | ret -12.0673 | avg(50) -15.0245 | ε 0.624 | loss 0.00719 | buf 91,200 | 668s
Ep  7650/40000 | ret -20.7588 | avg(50) -15.3998 | ε 0.621 | loss 0.00545 | buf 91,800 | 673s
Ep  7700/40000 | ret -21.1327 | avg(50) -15.2594 | ε 0.618 | loss 0.01033 | buf 92,400 | 678s
Ep  7750/40000 | ret -10.9625 | avg(50) -15.6733 | ε 0.615 | loss 0.00421 | buf 93,000 | 683s
Ep  7800/40000 | ret -21.1266 | avg(50) -15.8645 | ε 0.612 | loss 0.00409 | buf 93,600 | 688s
Ep  7850/40000 | ret -9.5767 | avg(50) -14.5234 | ε 0.610 | loss 0.00672 | buf 94,200 | 693s
Ep  7900/40000 | ret -13.3621 | avg(50) -14.0191 | ε 0.607 | loss 0.00592 | buf 94,800 | 698s
Ep  7950/40000 | ret -17.1551 | avg(50) -14.5158 | ε 0.604 | loss 0.00709 | buf 95,400 | 703s
Ep  8000/40000 | ret -14.7361 | avg(50) -13.4095 | ε 0.601 | loss 0.01948 | buf 96,000 | 708s
[agent] Checkpoint saved → online_RL/runs/20260525_224449/dqn_ep08000.pt
[train] Returns plot → online_RL/runs/20260525_224449/returns.png
[train] Q-loss plot  → online_RL/runs/20260525_224449/q_loss.png
[train] Epsilon plot → online_RL/runs/20260525_224449/epsilon.png
Ep  8050/40000 | ret -20.8416 | avg(50) -14.5964 | ε 0.598 | loss 0.00992 | buf 96,600 | 714s
Ep  8100/40000 | ret -12.3846 | avg(50) -15.4094 | ε 0.595 | loss 0.00430 | buf 97,200 | 719s
Ep  8150/40000 | ret -7.9056 | avg(50) -15.5691 | ε 0.592 | loss 0.00515 | buf 97,800 | 724s
Ep  8200/40000 | ret -10.8353 | avg(50) -14.5304 | ε 0.590 | loss 0.01498 | buf 98,400 | 729s
Ep  8250/40000 | ret -9.0894 | avg(50) -13.0922 | ε 0.587 | loss 0.00465 | buf 99,000 | 734s
Ep  8300/40000 | ret -18.5956 | avg(50) -12.6709 | ε 0.584 | loss 0.00294 | buf 99,600 | 739s
Ep  8350/40000 | ret -22.9825 | avg(50) -16.1556 | ε 0.581 | loss 0.00516 | buf 100,000 | 744s
Ep  8400/40000 | ret -10.9541 | avg(50) -14.2295 | ε 0.578 | loss 0.00697 | buf 100,000 | 749s
Ep  8450/40000 | ret -5.8275 | avg(50) -14.2450 | ε 0.575 | loss 0.01747 | buf 100,000 | 754s
Ep  8500/40000 | ret -20.7113 | avg(50) -13.6710 | ε 0.573 | loss 0.00703 | buf 100,000 | 759s
[agent] Checkpoint saved → online_RL/runs/20260525_224449/dqn_ep08500.pt
[train] Returns plot → online_RL/runs/20260525_224449/returns.png
[train] Q-loss plot  → online_RL/runs/20260525_224449/q_loss.png
[train] Epsilon plot → online_RL/runs/20260525_224449/epsilon.png
Ep  8550/40000 | ret -14.3259 | avg(50) -13.4510 | ε 0.570 | loss 0.00961 | buf 100,000 | 765s
Ep  8600/40000 | ret -12.2528 | avg(50) -15.2664 | ε 0.567 | loss 0.00834 | buf 100,000 | 770s
Ep  8650/40000 | ret -10.2009 | avg(50) -13.5851 | ε 0.564 | loss 0.00378 | buf 100,000 | 775s
Ep  8700/40000 | ret -17.9374 | avg(50) -13.3072 | ε 0.561 | loss 0.00470 | buf 100,000 | 780s
[agent] Checkpoint saved → online_RL/runs/20260525_224449/dqn_best.pt
Ep  8750/40000 | ret -13.9944 | avg(50) -13.2587 | ε 0.558 | loss 0.05733 | buf 100,000 | 785s
Ep  8800/40000 | ret -12.2072 | avg(50) -14.4130 | ε 0.555 | loss 0.00874 | buf 100,000 | 790s
Ep  8850/40000 | ret -16.8671 | avg(50) -12.9087 | ε 0.553 | loss 0.00252 | buf 100,000 | 795s
Ep  8900/40000 | ret -8.2720 | avg(50) -12.0496 | ε 0.550 | loss 0.00450 | buf 100,000 | 801s
Ep  8950/40000 | ret -13.8477 | avg(50) -12.4942 | ε 0.547 | loss 0.00687 | buf 100,000 | 806s
Ep  9000/40000 | ret -13.3014 | avg(50) -14.0672 | ε 0.544 | loss 0.00197 | buf 100,000 | 811s
[agent] Checkpoint saved → online_RL/runs/20260525_224449/dqn_ep09000.pt
[train] Returns plot → online_RL/runs/20260525_224449/returns.png
[train] Q-loss plot  → online_RL/runs/20260525_224449/q_loss.png
[train] Epsilon plot → online_RL/runs/20260525_224449/epsilon.png
Ep  9050/40000 | ret -16.3090 | avg(50) -12.2580 | ε 0.541 | loss 0.00303 | buf 100,000 | 817s
Ep  9100/40000 | ret -26.4475 | avg(50) -12.6707 | ε 0.538 | loss 0.00875 | buf 100,000 | 822s
[agent] Checkpoint saved → online_RL/runs/20260525_224449/dqn_best.pt
Ep  9150/40000 | ret -12.3836 | avg(50) -13.4343 | ε 0.535 | loss 0.00361 | buf 100,000 | 827s
Ep  9200/40000 | ret -14.7966 | avg(50) -13.7224 | ε 0.533 | loss 0.00343 | buf 100,000 | 832s
Ep  9250/40000 | ret -12.7969 | avg(50) -13.1340 | ε 0.530 | loss 0.00688 | buf 100,000 | 837s
Ep  9300/40000 | ret -9.8272 | avg(50) -11.5131 | ε 0.527 | loss 0.00301 | buf 100,000 | 842s
Ep  9350/40000 | ret -14.4952 | avg(50) -12.2398 | ε 0.524 | loss 0.00393 | buf 100,000 | 847s
Ep  9400/40000 | ret -17.1903 | avg(50) -12.9697 | ε 0.521 | loss 0.00704 | buf 100,000 | 852s
Ep  9450/40000 | ret -8.6991 | avg(50) -13.9615 | ε 0.518 | loss 0.01003 | buf 100,000 | 857s
Ep  9500/40000 | ret -15.7029 | avg(50) -12.7592 | ε 0.516 | loss 0.00332 | buf 100,000 | 862s
[agent] Checkpoint saved → online_RL/runs/20260525_224449/dqn_ep09500.pt
[train] Returns plot → online_RL/runs/20260525_224449/returns.png
[train] Q-loss plot  → online_RL/runs/20260525_224449/q_loss.png
[train] Epsilon plot → online_RL/runs/20260525_224449/epsilon.png
Ep  9550/40000 | ret -19.1074 | avg(50) -12.3323 | ε 0.513 | loss 0.00357 | buf 100,000 | 868s
Ep  9600/40000 | ret -4.3415 | avg(50) -12.7575 | ε 0.510 | loss 0.00595 | buf 100,000 | 873s
[agent] Checkpoint saved → online_RL/runs/20260525_224449/dqn_best.pt
Ep  9650/40000 | ret -11.7276 | avg(50) -12.0054 | ε 0.507 | loss 0.00630 | buf 100,000 | 878s
Ep  9700/40000 | ret -20.4577 | avg(50) -12.5185 | ε 0.504 | loss 0.00346 | buf 100,000 | 884s
Ep  9750/40000 | ret -6.0972 | avg(50) -11.7132 | ε 0.501 | loss 0.00686 | buf 100,000 | 889s
Ep  9800/40000 | ret -12.0544 | avg(50) -11.8349 | ε 0.498 | loss 0.00341 | buf 100,000 | 894s
Ep  9850/40000 | ret -25.9876 | avg(50) -12.8333 | ε 0.496 | loss 0.00829 | buf 100,000 | 899s
Ep  9900/40000 | ret -8.1450 | avg(50) -11.2576 | ε 0.493 | loss 0.00256 | buf 100,000 | 904s
Ep  9950/40000 | ret -11.2784 | avg(50) -12.1868 | ε 0.490 | loss 0.00711 | buf 100,000 | 909s
Ep 10000/40000 | ret -6.0197 | avg(50) -13.3725 | ε 0.487 | loss 0.00179 | buf 100,000 | 914s
[agent] Checkpoint saved → online_RL/runs/20260525_224449/dqn_ep10000.pt
[train] Returns plot → online_RL/runs/20260525_224449/returns.png
[train] Q-loss plot  → online_RL/runs/20260525_224449/q_loss.png
[train] Epsilon plot → online_RL/runs/20260525_224449/epsilon.png
Ep 10050/40000 | ret -6.7161 | avg(50) -11.5099 | ε 0.484 | loss 0.00233 | buf 100,000 | 920s
Ep 10100/40000 | ret -15.0525 | avg(50) -11.5790 | ε 0.481 | loss 0.00146 | buf 100,000 | 925s
Ep 10150/40000 | ret -17.6084 | avg(50) -12.1174 | ε 0.478 | loss 0.01053 | buf 100,000 | 930s
Ep 10200/40000 | ret -16.4199 | avg(50) -12.1904 | ε 0.476 | loss 0.00188 | buf 100,000 | 935s
Ep 10250/40000 | ret -5.9561 | avg(50) -11.2505 | ε 0.473 | loss 0.00748 | buf 100,000 | 940s
Ep 10300/40000 | ret -10.5956 | avg(50) -10.9808 | ε 0.470 | loss 0.00175 | buf 100,000 | 946s
Ep 10350/40000 | ret -9.3453 | avg(50) -11.2426 | ε 0.467 | loss 0.00215 | buf 100,000 | 951s
Ep 10400/40000 | ret -6.3378 | avg(50) -11.2264 | ε 0.464 | loss 0.00344 | buf 100,000 | 956s
Ep 10450/40000 | ret -8.6840 | avg(50) -11.6433 | ε 0.461 | loss 0.00217 | buf 100,000 | 961s
Ep 10500/40000 | ret -16.0024 | avg(50) -10.3726 | ε 0.459 | loss 0.00201 | buf 100,000 | 966s
[agent] Checkpoint saved → online_RL/runs/20260525_224449/dqn_ep10500.pt
[train] Returns plot → online_RL/runs/20260525_224449/returns.png
[train] Q-loss plot  → online_RL/runs/20260525_224449/q_loss.png
[train] Epsilon plot → online_RL/runs/20260525_224449/epsilon.png
Ep 10550/40000 | ret -9.4879 | avg(50) -10.5417 | ε 0.456 | loss 0.00112 | buf 100,000 | 972s
Ep 10600/40000 | ret -16.7904 | avg(50) -9.9812 | ε 0.453 | loss 0.05068 | buf 100,000 | 977s
Ep 10650/40000 | ret -10.4557 | avg(50) -11.7763 | ε 0.450 | loss 0.00254 | buf 100,000 | 982s
Ep 10700/40000 | ret -10.3315 | avg(50) -10.7449 | ε 0.447 | loss 0.00216 | buf 100,000 | 987s
Ep 10750/40000 | ret -10.2270 | avg(50) -10.5222 | ε 0.444 | loss 0.00185 | buf 100,000 | 993s
[agent] Checkpoint saved → online_RL/runs/20260525_224449/dqn_best.pt
Ep 10800/40000 | ret -21.8646 | avg(50) -9.8111 | ε 0.441 | loss 0.00229 | buf 100,000 | 998s
Ep 10850/40000 | ret -11.8882 | avg(50) -11.7104 | ε 0.439 | loss 0.00141 | buf 100,000 | 1003s
Ep 10900/40000 | ret -16.8258 | avg(50) -10.2427 | ε 0.436 | loss 0.00789 | buf 100,000 | 1008s
Ep 10950/40000 | ret -13.4055 | avg(50) -10.0424 | ε 0.433 | loss 0.01871 | buf 100,000 | 1013s
Ep 11000/40000 | ret -14.0310 | avg(50) -9.8672 | ε 0.430 | loss 0.00182 | buf 100,000 | 1018s
[agent] Checkpoint saved → online_RL/runs/20260525_224449/dqn_ep11000.pt
[train] Returns plot → online_RL/runs/20260525_224449/returns.png
[train] Q-loss plot  → online_RL/runs/20260525_224449/q_loss.png
[train] Epsilon plot → online_RL/runs/20260525_224449/epsilon.png
Ep 11050/40000 | ret -17.9698 | avg(50) -10.0582 | ε 0.427 | loss 0.00563 | buf 100,000 | 1024s
Ep 11100/40000 | ret -4.8732 | avg(50) -11.5091 | ε 0.424 | loss 0.00797 | buf 100,000 | 1029s
Ep 11150/40000 | ret -8.9605 | avg(50) -9.9990 | ε 0.421 | loss 0.00235 | buf 100,000 | 1035s
Ep 11200/40000 | ret -8.6433 | avg(50) -9.2086 | ε 0.419 | loss 0.00081 | buf 100,000 | 1040s
Ep 11250/40000 | ret -6.5119 | avg(50) -9.8517 | ε 0.416 | loss 0.00133 | buf 100,000 | 1045s
Ep 11300/40000 | ret -16.5318 | avg(50) -10.1409 | ε 0.413 | loss 0.00158 | buf 100,000 | 1050s
Ep 11350/40000 | ret -17.3636 | avg(50) -10.0558 | ε 0.410 | loss 0.00241 | buf 100,000 | 1055s
Ep 11400/40000 | ret -9.9878 | avg(50) -9.6222 | ε 0.407 | loss 0.00236 | buf 100,000 | 1060s
Ep 11450/40000 | ret -12.9880 | avg(50) -10.5925 | ε 0.404 | loss 0.00258 | buf 100,000 | 1065s
Ep 11500/40000 | ret -9.8988 | avg(50) -10.8168 | ε 0.402 | loss 0.00427 | buf 100,000 | 1071s
[agent] Checkpoint saved → online_RL/runs/20260525_224449/dqn_ep11500.pt
[train] Returns plot → online_RL/runs/20260525_224449/returns.png
[train] Q-loss plot  → online_RL/runs/20260525_224449/q_loss.png
[train] Epsilon plot → online_RL/runs/20260525_224449/epsilon.png
Ep 11550/40000 | ret -7.7701 | avg(50) -9.1710 | ε 0.399 | loss 0.00365 | buf 100,000 | 1077s
Ep 11600/40000 | ret -7.1594 | avg(50) -8.5484 | ε 0.396 | loss 0.00122 | buf 100,000 | 1082s
Ep 11650/40000 | ret -3.0564 | avg(50) -10.4123 | ε 0.393 | loss 0.00489 | buf 100,000 | 1087s
Ep 11700/40000 | ret -12.3038 | avg(50) -9.4989 | ε 0.390 | loss 0.00374 | buf 100,000 | 1092s
Ep 11750/40000 | ret -12.2249 | avg(50) -8.8821 | ε 0.387 | loss 0.00305 | buf 100,000 | 1097s
Ep 11800/40000 | ret -5.0399 | avg(50) -10.0404 | ε 0.384 | loss 0.00102 | buf 100,000 | 1102s
Ep 11850/40000 | ret -9.2396 | avg(50) -7.9778 | ε 0.382 | loss 0.00437 | buf 100,000 | 1108s
Ep 11900/40000 | ret -1.5585 | avg(50) -9.3398 | ε 0.379 | loss 0.00112 | buf 100,000 | 1113s
Ep 11950/40000 | ret -10.4272 | avg(50) -9.5659 | ε 0.376 | loss 0.00087 | buf 100,000 | 1118s
Ep 12000/40000 | ret -11.9108 | avg(50) -9.1703 | ε 0.373 | loss 0.00185 | buf 100,000 | 1123s
[agent] Checkpoint saved → online_RL/runs/20260525_224449/dqn_ep12000.pt
[train] Returns plot → online_RL/runs/20260525_224449/returns.png
[train] Q-loss plot  → online_RL/runs/20260525_224449/q_loss.png
[train] Epsilon plot → online_RL/runs/20260525_224449/epsilon.png
Ep 12050/40000 | ret -7.3099 | avg(50) -8.2699 | ε 0.370 | loss 0.00127 | buf 100,000 | 1129s
Ep 12100/40000 | ret -8.1367 | avg(50) -8.6508 | ε 0.367 | loss 0.00186 | buf 100,000 | 1134s
Ep 12150/40000 | ret -6.3748 | avg(50) -9.0570 | ε 0.364 | loss 0.00111 | buf 100,000 | 1140s
Ep 12200/40000 | ret -13.6830 | avg(50) -9.3106 | ε 0.362 | loss 0.00468 | buf 100,000 | 1145s
Ep 12250/40000 | ret -12.7958 | avg(50) -9.5426 | ε 0.359 | loss 0.00249 | buf 100,000 | 1150s
Ep 12300/40000 | ret -7.4223 | avg(50) -8.1419 | ε 0.356 | loss 0.00456 | buf 100,000 | 1155s
Ep 12350/40000 | ret -6.1211 | avg(50) -8.9514 | ε 0.353 | loss 0.00261 | buf 100,000 | 1160s
[agent] Checkpoint saved → online_RL/runs/20260525_224449/dqn_best.pt
Ep 12400/40000 | ret -13.3799 | avg(50) -7.8944 | ε 0.350 | loss 0.00100 | buf 100,000 | 1166s
Ep 12450/40000 | ret -6.8802 | avg(50) -8.6932 | ε 0.347 | loss 0.00219 | buf 100,000 | 1171s
Ep 12500/40000 | ret -3.7366 | avg(50) -8.1040 | ε 0.345 | loss 0.00204 | buf 100,000 | 1176s
[agent] Checkpoint saved → online_RL/runs/20260525_224449/dqn_ep12500.pt
[train] Returns plot → online_RL/runs/20260525_224449/returns.png
[train] Q-loss plot  → online_RL/runs/20260525_224449/q_loss.png
[train] Epsilon plot → online_RL/runs/20260525_224449/epsilon.png
Ep 12550/40000 | ret -1.6645 | avg(50) -7.2288 | ε 0.342 | loss 0.02616 | buf 100,000 | 1182s
Ep 12600/40000 | ret -9.7212 | avg(50) -8.4528 | ε 0.339 | loss 0.02004 | buf 100,000 | 1187s
Ep 12650/40000 | ret -8.5225 | avg(50) -7.7491 | ε 0.336 | loss 0.01050 | buf 100,000 | 1193s
Ep 12700/40000 | ret -5.3773 | avg(50) -8.0929 | ε 0.333 | loss 0.04533 | buf 100,000 | 1198s
Ep 12750/40000 | ret -10.4046 | avg(50) -7.6526 | ε 0.330 | loss 0.00122 | buf 100,000 | 1203s
Ep 12800/40000 | ret -15.0885 | avg(50) -9.2635 | ε 0.327 | loss 0.00129 | buf 100,000 | 1208s
Ep 12850/40000 | ret -6.7328 | avg(50) -7.5741 | ε 0.325 | loss 0.00251 | buf 100,000 | 1213s
Ep 12900/40000 | ret -21.1875 | avg(50) -8.5463 | ε 0.322 | loss 0.00813 | buf 100,000 | 1219s
Ep 12950/40000 | ret -2.5742 | avg(50) -7.4589 | ε 0.319 | loss 0.00193 | buf 100,000 | 1224s
Ep 13000/40000 | ret -11.4155 | avg(50) -7.4433 | ε 0.316 | loss 0.00074 | buf 100,000 | 1229s
[agent] Checkpoint saved → online_RL/runs/20260525_224449/dqn_ep13000.pt
[train] Returns plot → online_RL/runs/20260525_224449/returns.png
[train] Q-loss plot  → online_RL/runs/20260525_224449/q_loss.png
[train] Epsilon plot → online_RL/runs/20260525_224449/epsilon.png
Ep 13050/40000 | ret -9.6608 | avg(50) -8.3020 | ε 0.313 | loss 0.00285 | buf 100,000 | 1235s
Ep 13100/40000 | ret -7.9085 | avg(50) -7.2148 | ε 0.310 | loss 0.01306 | buf 100,000 | 1240s
Ep 13150/40000 | ret -8.6745 | avg(50) -7.8580 | ε 0.307 | loss 0.00194 | buf 100,000 | 1246s
Ep 13200/40000 | ret -13.2434 | avg(50) -7.8877 | ε 0.305 | loss 0.01334 | buf 100,000 | 1251s
[agent] Checkpoint saved → online_RL/runs/20260525_224449/dqn_best.pt
Ep 13250/40000 | ret -15.0856 | avg(50) -7.6765 | ε 0.302 | loss 0.00169 | buf 100,000 | 1256s
Ep 13300/40000 | ret -12.5320 | avg(50) -9.0545 | ε 0.299 | loss 0.00173 | buf 100,000 | 1261s
Ep 13350/40000 | ret -2.6774 | avg(50) -7.5434 | ε 0.296 | loss 0.00111 | buf 100,000 | 1267s
Ep 13400/40000 | ret -15.3236 | avg(50) -7.6007 | ε 0.293 | loss 0.00316 | buf 100,000 | 1272s
Ep 13450/40000 | ret -6.9837 | avg(50) -6.6419 | ε 0.290 | loss 0.00085 | buf 100,000 | 1277s
Ep 13500/40000 | ret -1.7957 | avg(50) -7.1122 | ε 0.288 | loss 0.00062 | buf 100,000 | 1282s
[agent] Checkpoint saved → online_RL/runs/20260525_224449/dqn_ep13500.pt
[train] Returns plot → online_RL/runs/20260525_224449/returns.png
[train] Q-loss plot  → online_RL/runs/20260525_224449/q_loss.png
[train] Epsilon plot → online_RL/runs/20260525_224449/epsilon.png
Ep 13550/40000 | ret -1.1845 | avg(50) -6.9029 | ε 0.285 | loss 0.00580 | buf 100,000 | 1289s
Ep 13600/40000 | ret -3.6032 | avg(50) -6.8786 | ε 0.282 | loss 0.00267 | buf 100,000 | 1294s
Ep 13650/40000 | ret -10.0942 | avg(50) -7.8709 | ε 0.279 | loss 0.00208 | buf 100,000 | 1299s
Ep 13700/40000 | ret -2.4343 | avg(50) -6.7237 | ε 0.276 | loss 0.00130 | buf 100,000 | 1304s
Ep 13750/40000 | ret -2.9141 | avg(50) -7.0391 | ε 0.273 | loss 0.00041 | buf 100,000 | 1309s
Ep 13800/40000 | ret -7.2239 | avg(50) -6.7855 | ε 0.270 | loss 0.00158 | buf 100,000 | 1315s
Ep 13850/40000 | ret -5.4802 | avg(50) -6.3047 | ε 0.268 | loss 0.00055 | buf 100,000 | 1320s
Ep 13900/40000 | ret -8.2349 | avg(50) -6.8445 | ε 0.265 | loss 0.00076 | buf 100,000 | 1325s
Ep 13950/40000 | ret -7.0408 | avg(50) -5.7928 | ε 0.262 | loss 0.01141 | buf 100,000 | 1331s
Ep 14000/40000 | ret -2.0160 | avg(50) -6.7639 | ε 0.259 | loss 0.00173 | buf 100,000 | 1336s
[agent] Checkpoint saved → online_RL/runs/20260525_224449/dqn_ep14000.pt
[train] Returns plot → online_RL/runs/20260525_224449/returns.png
[train] Q-loss plot  → online_RL/runs/20260525_224449/q_loss.png
[train] Epsilon plot → online_RL/runs/20260525_224449/epsilon.png
Ep 14050/40000 | ret -18.0430 | avg(50) -7.0806 | ε 0.256 | loss 0.00121 | buf 100,000 | 1342s
Ep 14100/40000 | ret -9.7286 | avg(50) -6.1734 | ε 0.253 | loss 0.00587 | buf 100,000 | 1347s
Ep 14150/40000 | ret -5.2942 | avg(50) -6.3817 | ε 0.250 | loss 0.00042 | buf 100,000 | 1353s
[agent] Checkpoint saved → online_RL/runs/20260525_224449/dqn_best.pt
Ep 14200/40000 | ret -12.9562 | avg(50) -6.5631 | ε 0.248 | loss 0.00048 | buf 100,000 | 1358s
Ep 14250/40000 | ret -3.7927 | avg(50) -6.3855 | ε 0.245 | loss 0.00888 | buf 100,000 | 1363s
Ep 14300/40000 | ret -10.3670 | avg(50) -5.6934 | ε 0.242 | loss 0.00151 | buf 100,000 | 1368s
Ep 14350/40000 | ret -8.7348 | avg(50) -7.5189 | ε 0.239 | loss 0.00454 | buf 100,000 | 1374s
Ep 14400/40000 | ret -4.0848 | avg(50) -5.9324 | ε 0.236 | loss 0.00108 | buf 100,000 | 1379s
Ep 14450/40000 | ret -9.7714 | avg(50) -6.6879 | ε 0.233 | loss 0.00085 | buf 100,000 | 1384s
Ep 14500/40000 | ret -5.8510 | avg(50) -5.4600 | ε 0.231 | loss 0.00315 | buf 100,000 | 1390s
[agent] Checkpoint saved → online_RL/runs/20260525_224449/dqn_ep14500.pt
[train] Returns plot → online_RL/runs/20260525_224449/returns.png
[train] Q-loss plot  → online_RL/runs/20260525_224449/q_loss.png
[train] Epsilon plot → online_RL/runs/20260525_224449/epsilon.png
Ep 14550/40000 | ret -5.6256 | avg(50) -6.2409 | ε 0.228 | loss 0.00104 | buf 100,000 | 1396s
Ep 14600/40000 | ret -10.3577 | avg(50) -6.0616 | ε 0.225 | loss 0.00105 | buf 100,000 | 1401s
Ep 14650/40000 | ret -2.9987 | avg(50) -5.8760 | ε 0.222 | loss 0.00048 | buf 100,000 | 1406s
Ep 14700/40000 | ret -3.7624 | avg(50) -6.1624 | ε 0.219 | loss 0.00236 | buf 100,000 | 1412s
Ep 14750/40000 | ret -7.8583 | avg(50) -6.3851 | ε 0.216 | loss 0.00198 | buf 100,000 | 1417s
Ep 14800/40000 | ret -4.8924 | avg(50) -5.4291 | ε 0.213 | loss 0.00059 | buf 100,000 | 1422s
Ep 14850/40000 | ret -1.7971 | avg(50) -5.6177 | ε 0.211 | loss 0.00185 | buf 100,000 | 1427s
Ep 14900/40000 | ret -18.2402 | avg(50) -5.4863 | ε 0.208 | loss 0.00116 | buf 100,000 | 1433s
Ep 14950/40000 | ret -1.1432 | avg(50) -4.2546 | ε 0.205 | loss 0.00054 | buf 100,000 | 1438s
Ep 15000/40000 | ret -4.5578 | avg(50) -5.7593 | ε 0.202 | loss 0.00371 | buf 100,000 | 1443s
[agent] Checkpoint saved → online_RL/runs/20260525_224449/dqn_ep15000.pt
[train] Returns plot → online_RL/runs/20260525_224449/returns.png
[train] Q-loss plot  → online_RL/runs/20260525_224449/q_loss.png
[train] Epsilon plot → online_RL/runs/20260525_224449/epsilon.png
Ep 15050/40000 | ret -1.5473 | avg(50) -4.8734 | ε 0.199 | loss 0.00040 | buf 100,000 | 1450s
Ep 15100/40000 | ret -7.1646 | avg(50) -5.4326 | ε 0.196 | loss 0.00165 | buf 100,000 | 1455s
Ep 15150/40000 | ret -4.0229 | avg(50) -5.0326 | ε 0.193 | loss 0.00050 | buf 100,000 | 1460s
Ep 15200/40000 | ret -2.9486 | avg(50) -5.4766 | ε 0.191 | loss 0.00250 | buf 100,000 | 1466s
Ep 15250/40000 | ret -9.0441 | avg(50) -5.1167 | ε 0.188 | loss 0.00098 | buf 100,000 | 1471s
Ep 15300/40000 | ret -4.4231 | avg(50) -5.0479 | ε 0.185 | loss 0.00091 | buf 100,000 | 1476s
Ep 15350/40000 | ret -2.8162 | avg(50) -5.0578 | ε 0.182 | loss 0.00196 | buf 100,000 | 1481s
Ep 15400/40000 | ret -11.1199 | avg(50) -4.6054 | ε 0.179 | loss 0.00898 | buf 100,000 | 1487s
Ep 15450/40000 | ret -1.1583 | avg(50) -4.2958 | ε 0.176 | loss 0.00330 | buf 100,000 | 1492s
Ep 15500/40000 | ret -6.0227 | avg(50) -5.0819 | ε 0.174 | loss 0.00190 | buf 100,000 | 1497s
[agent] Checkpoint saved → online_RL/runs/20260525_224449/dqn_ep15500.pt
[train] Returns plot → online_RL/runs/20260525_224449/returns.png
[train] Q-loss plot  → online_RL/runs/20260525_224449/q_loss.png
[train] Epsilon plot → online_RL/runs/20260525_224449/epsilon.png
Ep 15550/40000 | ret -1.1411 | avg(50) -4.5387 | ε 0.171 | loss 0.00164 | buf 100,000 | 1504s
Ep 15600/40000 | ret -2.7160 | avg(50) -4.3400 | ε 0.168 | loss 0.00319 | buf 100,000 | 1509s
Ep 15650/40000 | ret -6.7747 | avg(50) -4.2680 | ε 0.165 | loss 0.00863 | buf 100,000 | 1514s
Ep 15700/40000 | ret -8.0832 | avg(50) -5.1390 | ε 0.162 | loss 0.00285 | buf 100,000 | 1520s
Ep 15750/40000 | ret -1.9842 | avg(50) -4.3823 | ε 0.159 | loss 0.00035 | buf 100,000 | 1525s
Ep 15800/40000 | ret -7.6257 | avg(50) -4.5229 | ε 0.156 | loss 0.00044 | buf 100,000 | 1530s
[agent] Checkpoint saved → online_RL/runs/20260525_224449/dqn_best.pt
Ep 15850/40000 | ret -4.3094 | avg(50) -4.2543 | ε 0.154 | loss 0.00096 | buf 100,000 | 1536s
Ep 15900/40000 | ret -9.9158 | avg(50) -4.2995 | ε 0.151 | loss 0.00063 | buf 100,000 | 1541s
Ep 15950/40000 | ret -1.7560 | avg(50) -3.9461 | ε 0.148 | loss 0.00029 | buf 100,000 | 1546s
Ep 16000/40000 | ret -5.1849 | avg(50) -4.4365 | ε 0.145 | loss 0.00177 | buf 100,000 | 1552s
[agent] Checkpoint saved → online_RL/runs/20260525_224449/dqn_ep16000.pt
[train] Returns plot → online_RL/runs/20260525_224449/returns.png
[train] Q-loss plot  → online_RL/runs/20260525_224449/q_loss.png
[train] Epsilon plot → online_RL/runs/20260525_224449/epsilon.png
Ep 16050/40000 | ret -2.7243 | avg(50) -4.5739 | ε 0.142 | loss 0.00062 | buf 100,000 | 1558s
Ep 16100/40000 | ret -4.7075 | avg(50) -4.1837 | ε 0.139 | loss 0.00036 | buf 100,000 | 1564s
Ep 16150/40000 | ret -4.3446 | avg(50) -4.2152 | ε 0.136 | loss 0.00109 | buf 100,000 | 1569s
Ep 16200/40000 | ret -4.5764 | avg(50) -3.8456 | ε 0.134 | loss 0.00028 | buf 100,000 | 1574s
Ep 16250/40000 | ret -3.0888 | avg(50) -4.6066 | ε 0.131 | loss 0.00039 | buf 100,000 | 1580s
Ep 16300/40000 | ret -1.1482 | avg(50) -3.2632 | ε 0.128 | loss 0.00120 | buf 100,000 | 1585s
Ep 16350/40000 | ret -1.1706 | avg(50) -3.9097 | ε 0.125 | loss 0.00106 | buf 100,000 | 1590s
Ep 16400/40000 | ret -3.9300 | avg(50) -4.3028 | ε 0.122 | loss 0.00049 | buf 100,000 | 1596s
Ep 16450/40000 | ret -2.7376 | avg(50) -4.3957 | ε 0.119 | loss 0.01020 | buf 100,000 | 1601s
Ep 16500/40000 | ret -3.1440 | avg(50) -3.0692 | ε 0.117 | loss 0.00047 | buf 100,000 | 1606s
[agent] Checkpoint saved → online_RL/runs/20260525_224449/dqn_ep16500.pt
[train] Returns plot → online_RL/runs/20260525_224449/returns.png
[train] Q-loss plot  → online_RL/runs/20260525_224449/q_loss.png
[train] Epsilon plot → online_RL/runs/20260525_224449/epsilon.png
[agent] Checkpoint saved → online_RL/runs/20260525_224449/dqn_best.pt
Ep 16550/40000 | ret -4.7306 | avg(50) -3.6465 | ε 0.114 | loss 0.00043 | buf 100,000 | 1613s
Ep 16600/40000 | ret -6.8537 | avg(50) -2.4403 | ε 0.111 | loss 0.00145 | buf 100,000 | 1618s
Ep 16650/40000 | ret -2.7024 | avg(50) -3.0784 | ε 0.108 | loss 0.00042 | buf 100,000 | 1623s
Ep 16700/40000 | ret -3.8637 | avg(50) -3.1460 | ε 0.105 | loss 0.00104 | buf 100,000 | 1629s
Ep 16750/40000 | ret -4.1252 | avg(50) -3.5579 | ε 0.102 | loss 0.00235 | buf 100,000 | 1634s
Ep 16800/40000 | ret -1.2012 | avg(50) -3.0602 | ε 0.099 | loss 0.00042 | buf 100,000 | 1639s
Ep 16850/40000 | ret -1.1723 | avg(50) -3.2487 | ε 0.097 | loss 0.00046 | buf 100,000 | 1645s
Ep 16900/40000 | ret -1.1515 | avg(50) -2.9930 | ε 0.094 | loss 0.00021 | buf 100,000 | 1650s
Ep 16950/40000 | ret -3.8690 | avg(50) -2.6385 | ε 0.091 | loss 0.00027 | buf 100,000 | 1656s
Ep 17000/40000 | ret -7.7078 | avg(50) -2.4169 | ε 0.088 | loss 0.00045 | buf 100,000 | 1661s
[agent] Checkpoint saved → online_RL/runs/20260525_224449/dqn_ep17000.pt
[train] Returns plot → online_RL/runs/20260525_224449/returns.png
[train] Q-loss plot  → online_RL/runs/20260525_224449/q_loss.png
[train] Epsilon plot → online_RL/runs/20260525_224449/epsilon.png
Ep 17050/40000 | ret -1.1552 | avg(50) -2.4823 | ε 0.085 | loss 0.00065 | buf 100,000 | 1667s
Ep 17100/40000 | ret -1.8592 | avg(50) -2.6739 | ε 0.082 | loss 0.00023 | buf 100,000 | 1673s
Ep 17150/40000 | ret -4.4027 | avg(50) -2.5263 | ε 0.079 | loss 0.00146 | buf 100,000 | 1678s
Ep 17200/40000 | ret -1.2221 | avg(50) -2.3544 | ε 0.077 | loss 0.00106 | buf 100,000 | 1683s
Ep 17250/40000 | ret -3.7862 | avg(50) -2.6990 | ε 0.074 | loss 0.00030 | buf 100,000 | 1689s
Ep 17300/40000 | ret -1.1746 | avg(50) -2.2390 | ε 0.071 | loss 0.00122 | buf 100,000 | 1694s
Ep 17350/40000 | ret -3.5284 | avg(50) -2.6255 | ε 0.068 | loss 0.01016 | buf 100,000 | 1700s
Ep 17400/40000 | ret -1.4915 | avg(50) -2.2585 | ε 0.065 | loss 0.00040 | buf 100,000 | 1705s
Ep 17450/40000 | ret -1.1421 | avg(50) -2.2585 | ε 0.062 | loss 0.00020 | buf 100,000 | 1710s
Ep 17500/40000 | ret -1.1667 | avg(50) -1.9006 | ε 0.060 | loss 0.00033 | buf 100,000 | 1716s
[agent] Checkpoint saved → online_RL/runs/20260525_224449/dqn_ep17500.pt
[train] Returns plot → online_RL/runs/20260525_224449/returns.png
[train] Q-loss plot  → online_RL/runs/20260525_224449/q_loss.png
[train] Epsilon plot → online_RL/runs/20260525_224449/epsilon.png
Ep 17550/40000 | ret -3.4686 | avg(50) -2.8197 | ε 0.057 | loss 0.00133 | buf 100,000 | 1722s
Ep 17600/40000 | ret -1.1686 | avg(50) -2.5138 | ε 0.054 | loss 0.00135 | buf 100,000 | 1728s
Ep 17650/40000 | ret -1.1494 | avg(50) -1.6229 | ε 0.051 | loss 0.00082 | buf 100,000 | 1733s
Ep 17700/40000 | ret -1.1562 | avg(50) -2.4466 | ε 0.050 | loss 0.00172 | buf 100,000 | 1738s
Ep 17750/40000 | ret -1.1365 | avg(50) -1.8131 | ε 0.050 | loss 0.00025 | buf 100,000 | 1744s
Ep 17800/40000 | ret -7.5956 | avg(50) -2.5010 | ε 0.050 | loss 0.00224 | buf 100,000 | 1749s
Ep 17850/40000 | ret -2.8923 | avg(50) -2.2202 | ε 0.050 | loss 0.00018 | buf 100,000 | 1755s
Ep 17900/40000 | ret -1.1587 | avg(50) -1.8433 | ε 0.050 | loss 0.00320 | buf 100,000 | 1760s
Ep 17950/40000 | ret -2.6159 | avg(50) -1.7865 | ε 0.050 | loss 0.00040 | buf 100,000 | 1765s
Ep 18000/40000 | ret -4.1429 | avg(50) -2.0500 | ε 0.050 | loss 0.00032 | buf 100,000 | 1771s
[agent] Checkpoint saved → online_RL/runs/20260525_224449/dqn_ep18000.pt
[train] Returns plot → online_RL/runs/20260525_224449/returns.png
[train] Q-loss plot  → online_RL/runs/20260525_224449/q_loss.png
[train] Epsilon plot → online_RL/runs/20260525_224449/epsilon.png
Ep 18050/40000 | ret -1.1741 | avg(50) -2.0857 | ε 0.050 | loss 0.00025 | buf 100,000 | 1777s
Ep 18100/40000 | ret -1.1498 | avg(50) -2.3799 | ε 0.050 | loss 0.00011 | buf 100,000 | 1783s
Ep 18150/40000 | ret -1.1374 | avg(50) -1.8313 | ε 0.050 | loss 0.00017 | buf 100,000 | 1788s
Ep 18200/40000 | ret -5.5287 | avg(50) -1.8490 | ε 0.050 | loss 0.00201 | buf 100,000 | 1794s
Ep 18250/40000 | ret -1.1408 | avg(50) -2.3810 | ε 0.050 | loss 0.00077 | buf 100,000 | 1799s
Ep 18300/40000 | ret -1.1309 | avg(50) -1.9591 | ε 0.050 | loss 0.00036 | buf 100,000 | 1804s
Ep 18350/40000 | ret -1.1396 | avg(50) -2.3696 | ε 0.050 | loss 0.00047 | buf 100,000 | 1810s
Ep 18400/40000 | ret -1.1365 | avg(50) -2.1093 | ε 0.050 | loss 0.00017 | buf 100,000 | 1815s
[agent] Checkpoint saved → online_RL/runs/20260525_224449/dqn_best.pt
Ep 18450/40000 | ret -1.1349 | avg(50) -2.2126 | ε 0.050 | loss 0.00750 | buf 100,000 | 1821s
Ep 18500/40000 | ret -1.1881 | avg(50) -2.1206 | ε 0.050 | loss 0.00012 | buf 100,000 | 1826s
[agent] Checkpoint saved → online_RL/runs/20260525_224449/dqn_ep18500.pt
[train] Returns plot → online_RL/runs/20260525_224449/returns.png
[train] Q-loss plot  → online_RL/runs/20260525_224449/q_loss.png
[train] Epsilon plot → online_RL/runs/20260525_224449/epsilon.png
Ep 18550/40000 | ret -2.7673 | avg(50) -1.7694 | ε 0.050 | loss 0.00056 | buf 100,000 | 1832s
Ep 18600/40000 | ret -1.1433 | avg(50) -2.1001 | ε 0.050 | loss 0.00016 | buf 100,000 | 1838s
Ep 18650/40000 | ret -1.1576 | avg(50) -2.3381 | ε 0.050 | loss 0.00046 | buf 100,000 | 1843s
Ep 18700/40000 | ret -1.9400 | avg(50) -1.7878 | ε 0.050 | loss 0.00055 | buf 100,000 | 1849s
Ep 18750/40000 | ret -1.1309 | avg(50) -2.1536 | ε 0.050 | loss 0.00012 | buf 100,000 | 1854s
Ep 18800/40000 | ret -1.1338 | avg(50) -2.0724 | ε 0.050 | loss 0.00013 | buf 100,000 | 1859s
Ep 18850/40000 | ret -7.2281 | avg(50) -1.9738 | ε 0.050 | loss 0.00241 | buf 100,000 | 1865s
Ep 18900/40000 | ret -1.4835 | avg(50) -1.8789 | ε 0.050 | loss 0.00066 | buf 100,000 | 1870s
Ep 18950/40000 | ret -1.1640 | avg(50) -2.4044 | ε 0.050 | loss 0.00023 | buf 100,000 | 1876s
Ep 19000/40000 | ret -1.1656 | avg(50) -2.1165 | ε 0.050 | loss 0.00023 | buf 100,000 | 1881s
[agent] Checkpoint saved → online_RL/runs/20260525_224449/dqn_ep19000.pt
[train] Returns plot → online_RL/runs/20260525_224449/returns.png
[train] Q-loss plot  → online_RL/runs/20260525_224449/q_loss.png
[train] Epsilon plot → online_RL/runs/20260525_224449/epsilon.png
Ep 19050/40000 | ret -1.1283 | avg(50) -2.5189 | ε 0.050 | loss 0.00015 | buf 100,000 | 1887s
Ep 19100/40000 | ret -1.1700 | avg(50) -2.3518 | ε 0.050 | loss 0.00031 | buf 100,000 | 1893s
Ep 19150/40000 | ret -6.3707 | avg(50) -1.9204 | ε 0.050 | loss 0.00035 | buf 100,000 | 1898s
Ep 19200/40000 | ret -1.1468 | avg(50) -1.9583 | ε 0.050 | loss 0.00072 | buf 100,000 | 1904s
Ep 19250/40000 | ret -1.1369 | avg(50) -2.4175 | ε 0.050 | loss 0.00017 | buf 100,000 | 1909s
Ep 19300/40000 | ret -1.1590 | avg(50) -2.1249 | ε 0.050 | loss 0.00014 | buf 100,000 | 1915s
Ep 19350/40000 | ret -1.1377 | avg(50) -2.4081 | ε 0.050 | loss 0.00039 | buf 100,000 | 1920s
Ep 19400/40000 | ret -1.9606 | avg(50) -2.6376 | ε 0.050 | loss 0.00010 | buf 100,000 | 1925s
Ep 19450/40000 | ret -1.1340 | avg(50) -1.8441 | ε 0.050 | loss 0.00010 | buf 100,000 | 1931s
Ep 19500/40000 | ret -1.1310 | avg(50) -2.1100 | ε 0.050 | loss 0.00009 | buf 100,000 | 1936s
[agent] Checkpoint saved → online_RL/runs/20260525_224449/dqn_ep19500.pt
[train] Returns plot → online_RL/runs/20260525_224449/returns.png
[train] Q-loss plot  → online_RL/runs/20260525_224449/q_loss.png
[train] Epsilon plot → online_RL/runs/20260525_224449/epsilon.png
Ep 19550/40000 | ret -1.2509 | avg(50) -2.1729 | ε 0.050 | loss 0.00397 | buf 100,000 | 1943s
Ep 19600/40000 | ret -1.1514 | avg(50) -2.0144 | ε 0.050 | loss 0.00010 | buf 100,000 | 1948s
Ep 19650/40000 | ret -4.9978 | avg(50) -1.8905 | ε 0.050 | loss 0.00082 | buf 100,000 | 1953s
Ep 19700/40000 | ret -1.2591 | avg(50) -2.5829 | ε 0.050 | loss 0.00022 | buf 100,000 | 1959s
Ep 19750/40000 | ret -3.3178 | avg(50) -1.9012 | ε 0.050 | loss 0.00116 | buf 100,000 | 1964s
Ep 19800/40000 | ret -1.2223 | avg(50) -2.6927 | ε 0.050 | loss 0.00099 | buf 100,000 | 1969s
Ep 19850/40000 | ret -1.1552 | avg(50) -2.2177 | ε 0.050 | loss 0.00009 | buf 100,000 | 1975s
Ep 19900/40000 | ret -1.3226 | avg(50) -1.9769 | ε 0.050 | loss 0.00027 | buf 100,000 | 1980s
Ep 19950/40000 | ret -3.2672 | avg(50) -1.7250 | ε 0.050 | loss 0.00035 | buf 100,000 | 1986s
Ep 20000/40000 | ret -1.1488 | avg(50) -2.4267 | ε 0.050 | loss 0.00019 | buf 100,000 | 1991s
[agent] Checkpoint saved → online_RL/runs/20260525_224449/dqn_ep20000.pt
[train] Returns plot → online_RL/runs/20260525_224449/returns.png
[train] Q-loss plot  → online_RL/runs/20260525_224449/q_loss.png
[train] Epsilon plot → online_RL/runs/20260525_224449/epsilon.png
Ep 20050/40000 | ret -1.1309 | avg(50) -1.8049 | ε 0.050 | loss 0.00029 | buf 100,000 | 1998s
Ep 20100/40000 | ret -1.1445 | avg(50) -2.2540 | ε 0.050 | loss 0.00022 | buf 100,000 | 2003s
Ep 20150/40000 | ret -1.8650 | avg(50) -1.8012 | ε 0.050 | loss 0.00017 | buf 100,000 | 2008s
Ep 20200/40000 | ret -1.1309 | avg(50) -2.1535 | ε 0.050 | loss 0.00006 | buf 100,000 | 2014s
Ep 20250/40000 | ret -1.1396 | avg(50) -2.2851 | ε 0.050 | loss 0.00006 | buf 100,000 | 2019s
Ep 20300/40000 | ret -1.1407 | avg(50) -1.9990 | ε 0.050 | loss 0.00030 | buf 100,000 | 2024s
Ep 20350/40000 | ret -1.3656 | avg(50) -1.9681 | ε 0.050 | loss 0.00037 | buf 100,000 | 2030s
Ep 20400/40000 | ret -1.1586 | avg(50) -2.4542 | ε 0.050 | loss 0.00131 | buf 100,000 | 2035s
Ep 20450/40000 | ret -1.1365 | avg(50) -2.0485 | ε 0.050 | loss 0.00006 | buf 100,000 | 2041s
Ep 20500/40000 | ret -2.6031 | avg(50) -1.8382 | ε 0.050 | loss 0.00124 | buf 100,000 | 2046s
[agent] Checkpoint saved → online_RL/runs/20260525_224449/dqn_ep20500.pt
[train] Returns plot → online_RL/runs/20260525_224449/returns.png
[train] Q-loss plot  → online_RL/runs/20260525_224449/q_loss.png
[train] Epsilon plot → online_RL/runs/20260525_224449/epsilon.png
Ep 20550/40000 | ret -9.7378 | avg(50) -2.3732 | ε 0.050 | loss 0.00083 | buf 100,000 | 2053s
Ep 20600/40000 | ret -1.1340 | avg(50) -2.0823 | ε 0.050 | loss 0.00006 | buf 100,000 | 2058s
Ep 20650/40000 | ret -1.7877 | avg(50) -1.7187 | ε 0.050 | loss 0.00006 | buf 100,000 | 2064s
Ep 20700/40000 | ret -3.3932 | avg(50) -2.0239 | ε 0.050 | loss 0.00230 | buf 100,000 | 2069s
Ep 20750/40000 | ret -1.7788 | avg(50) -2.0285 | ε 0.050 | loss 0.00023 | buf 100,000 | 2074s
Ep 20800/40000 | ret -3.5939 | avg(50) -2.4636 | ε 0.050 | loss 0.00169 | buf 100,000 | 2080s
Ep 20850/40000 | ret -1.7953 | avg(50) -2.0527 | ε 0.050 | loss 0.00043 | buf 100,000 | 2085s
Ep 20900/40000 | ret -1.1627 | avg(50) -2.4254 | ε 0.050 | loss 0.00072 | buf 100,000 | 2090s
Ep 20950/40000 | ret -1.1309 | avg(50) -1.9835 | ε 0.050 | loss 0.00010 | buf 100,000 | 2096s
Ep 21000/40000 | ret -8.1591 | avg(50) -2.2055 | ε 0.050 | loss 0.00010 | buf 100,000 | 2101s
[agent] Checkpoint saved → online_RL/runs/20260525_224449/dqn_ep21000.pt
[train] Returns plot → online_RL/runs/20260525_224449/returns.png
[train] Q-loss plot  → online_RL/runs/20260525_224449/q_loss.png
[train] Epsilon plot → online_RL/runs/20260525_224449/epsilon.png
Ep 21050/40000 | ret -1.1338 | avg(50) -2.3619 | ε 0.050 | loss 0.00044 | buf 100,000 | 2108s
Ep 21100/40000 | ret -2.8738 | avg(50) -1.7715 | ε 0.050 | loss 0.00028 | buf 100,000 | 2113s
Ep 21150/40000 | ret -1.1515 | avg(50) -1.9253 | ε 0.050 | loss 0.00010 | buf 100,000 | 2118s
Ep 21200/40000 | ret -1.2219 | avg(50) -2.1866 | ε 0.050 | loss 0.00131 | buf 100,000 | 2124s
Ep 21250/40000 | ret -2.4511 | avg(50) -2.5517 | ε 0.050 | loss 0.00010 | buf 100,000 | 2129s
Ep 21300/40000 | ret -1.1338 | avg(50) -2.2640 | ε 0.050 | loss 0.00009 | buf 100,000 | 2135s
Ep 21350/40000 | ret -1.1625 | avg(50) -1.8506 | ε 0.050 | loss 0.00023 | buf 100,000 | 2140s
Ep 21400/40000 | ret -1.1320 | avg(50) -2.3170 | ε 0.050 | loss 0.00006 | buf 100,000 | 2145s
Ep 21450/40000 | ret -1.1279 | avg(50) -2.0616 | ε 0.050 | loss 0.00006 | buf 100,000 | 2151s
Ep 21500/40000 | ret -1.1356 | avg(50) -2.0314 | ε 0.050 | loss 0.00031 | buf 100,000 | 2156s
[agent] Checkpoint saved → online_RL/runs/20260525_224449/dqn_ep21500.pt
[train] Returns plot → online_RL/runs/20260525_224449/returns.png
[train] Q-loss plot  → online_RL/runs/20260525_224449/q_loss.png
[train] Epsilon plot → online_RL/runs/20260525_224449/epsilon.png
Ep 21550/40000 | ret -1.1421 | avg(50) -2.1788 | ε 0.050 | loss 0.00051 | buf 100,000 | 2163s
Ep 21600/40000 | ret -1.1446 | avg(50) -2.2868 | ε 0.050 | loss 0.00011 | buf 100,000 | 2168s
Ep 21650/40000 | ret -4.6859 | avg(50) -1.9289 | ε 0.050 | loss 0.00012 | buf 100,000 | 2174s
Ep 21700/40000 | ret -6.1264 | avg(50) -2.6798 | ε 0.050 | loss 0.00212 | buf 100,000 | 2179s
Ep 21750/40000 | ret -1.1626 | avg(50) -2.2236 | ε 0.050 | loss 0.00007 | buf 100,000 | 2185s
Ep 21800/40000 | ret -1.1283 | avg(50) -2.1260 | ε 0.050 | loss 0.00006 | buf 100,000 | 2190s
Ep 21850/40000 | ret -1.1278 | avg(50) -2.2605 | ε 0.050 | loss 0.00003 | buf 100,000 | 2196s
Ep 21900/40000 | ret -1.1642 | avg(50) -2.2170 | ε 0.050 | loss 0.00063 | buf 100,000 | 2201s
Ep 21950/40000 | ret -1.1563 | avg(50) -2.5219 | ε 0.050 | loss 0.00052 | buf 100,000 | 2207s
Ep 22000/40000 | ret -1.1278 | avg(50) -2.2924 | ε 0.050 | loss 0.00007 | buf 100,000 | 2212s
[agent] Checkpoint saved → online_RL/runs/20260525_224449/dqn_ep22000.pt
[train] Returns plot → online_RL/runs/20260525_224449/returns.png
[train] Q-loss plot  → online_RL/runs/20260525_224449/q_loss.png
[train] Epsilon plot → online_RL/runs/20260525_224449/epsilon.png
Ep 22050/40000 | ret -3.7138 | avg(50) -2.3655 | ε 0.050 | loss 0.00004 | buf 100,000 | 2219s
Ep 22100/40000 | ret -1.1283 | avg(50) -1.8632 | ε 0.050 | loss 0.00005 | buf 100,000 | 2224s
Ep 22150/40000 | ret -1.1875 | avg(50) -2.1491 | ε 0.050 | loss 0.00049 | buf 100,000 | 2230s
Ep 22200/40000 | ret -1.1295 | avg(50) -1.9045 | ε 0.050 | loss 0.00030 | buf 100,000 | 2235s
Ep 22250/40000 | ret -1.1310 | avg(50) -2.4412 | ε 0.050 | loss 0.00013 | buf 100,000 | 2241s
Ep 22300/40000 | ret -1.1368 | avg(50) -1.8218 | ε 0.050 | loss 0.00018 | buf 100,000 | 2246s
Ep 22350/40000 | ret -1.1458 | avg(50) -1.9682 | ε 0.050 | loss 0.00012 | buf 100,000 | 2252s
Ep 22400/40000 | ret -1.1309 | avg(50) -2.4560 | ε 0.050 | loss 0.00183 | buf 100,000 | 2257s
Ep 22450/40000 | ret -2.4151 | avg(50) -2.1028 | ε 0.050 | loss 0.00008 | buf 100,000 | 2263s
Ep 22500/40000 | ret -1.1369 | avg(50) -2.0936 | ε 0.050 | loss 0.00010 | buf 100,000 | 2268s
[agent] Checkpoint saved → online_RL/runs/20260525_224449/dqn_ep22500.pt
[train] Returns plot → online_RL/runs/20260525_224449/returns.png
[train] Q-loss plot  → online_RL/runs/20260525_224449/q_loss.png
[train] Epsilon plot → online_RL/runs/20260525_224449/epsilon.png
Ep 22550/40000 | ret -1.3755 | avg(50) -2.2185 | ε 0.050 | loss 0.00142 | buf 100,000 | 2275s
Ep 22600/40000 | ret -1.1408 | avg(50) -2.3264 | ε 0.050 | loss 0.00009 | buf 100,000 | 2280s
Ep 22650/40000 | ret -1.1408 | avg(50) -1.9534 | ε 0.050 | loss 0.00489 | buf 100,000 | 2285s
Ep 22700/40000 | ret -1.1374 | avg(50) -2.4816 | ε 0.050 | loss 0.00009 | buf 100,000 | 2291s
Ep 22750/40000 | ret -5.3973 | avg(50) -2.1890 | ε 0.050 | loss 0.00006 | buf 100,000 | 2296s
Ep 22800/40000 | ret -1.1320 | avg(50) -1.7256 | ε 0.050 | loss 0.00006 | buf 100,000 | 2302s
Ep 22850/40000 | ret -1.2242 | avg(50) -2.2549 | ε 0.050 | loss 0.00604 | buf 100,000 | 2308s
Ep 22900/40000 | ret -1.3270 | avg(50) -2.3251 | ε 0.050 | loss 0.00014 | buf 100,000 | 2313s
Ep 22950/40000 | ret -1.1278 | avg(50) -2.2266 | ε 0.050 | loss 0.00007 | buf 100,000 | 2318s
Ep 23000/40000 | ret -2.4417 | avg(50) -2.2004 | ε 0.050 | loss 0.00004 | buf 100,000 | 2324s
[agent] Checkpoint saved → online_RL/runs/20260525_224449/dqn_ep23000.pt
[train] Returns plot → online_RL/runs/20260525_224449/returns.png
[train] Q-loss plot  → online_RL/runs/20260525_224449/q_loss.png
[train] Epsilon plot → online_RL/runs/20260525_224449/epsilon.png
Ep 23050/40000 | ret -1.1279 | avg(50) -2.3408 | ε 0.050 | loss 0.00022 | buf 100,000 | 2330s
Ep 23100/40000 | ret -4.3129 | avg(50) -1.7772 | ε 0.050 | loss 0.00005 | buf 100,000 | 2336s
Ep 23150/40000 | ret -1.1407 | avg(50) -2.0075 | ε 0.050 | loss 0.00014 | buf 100,000 | 2341s
Ep 23200/40000 | ret -1.1309 | avg(50) -2.6103 | ε 0.050 | loss 0.00003 | buf 100,000 | 2347s
Ep 23250/40000 | ret -3.6828 | avg(50) -2.3629 | ε 0.050 | loss 0.00003 | buf 100,000 | 2352s
Ep 23300/40000 | ret -1.1283 | avg(50) -2.4961 | ε 0.050 | loss 0.00003 | buf 100,000 | 2358s
Ep 23350/40000 | ret -1.1278 | avg(50) -2.2283 | ε 0.050 | loss 0.00004 | buf 100,000 | 2363s
Ep 23400/40000 | ret -1.1349 | avg(50) -1.8187 | ε 0.050 | loss 0.00058 | buf 100,000 | 2369s
Ep 23450/40000 | ret -4.8996 | avg(50) -2.0656 | ε 0.050 | loss 0.00012 | buf 100,000 | 2374s
Ep 23500/40000 | ret -1.1278 | avg(50) -2.1855 | ε 0.050 | loss 0.00003 | buf 100,000 | 2380s
[agent] Checkpoint saved → online_RL/runs/20260525_224449/dqn_ep23500.pt
[train] Returns plot → online_RL/runs/20260525_224449/returns.png
[train] Q-loss plot  → online_RL/runs/20260525_224449/q_loss.png
[train] Epsilon plot → online_RL/runs/20260525_224449/epsilon.png
Ep 23550/40000 | ret -1.2175 | avg(50) -2.1208 | ε 0.050 | loss 0.00096 | buf 100,000 | 2386s
Ep 23600/40000 | ret -2.0651 | avg(50) -2.0973 | ε 0.050 | loss 0.00009 | buf 100,000 | 2392s
Ep 23650/40000 | ret -3.2786 | avg(50) -1.8074 | ε 0.050 | loss 0.00009 | buf 100,000 | 2397s
Ep 23700/40000 | ret -7.6731 | avg(50) -2.2392 | ε 0.050 | loss 0.00008 | buf 100,000 | 2403s
Ep 23750/40000 | ret -4.9428 | avg(50) -1.8018 | ε 0.050 | loss 0.00014 | buf 100,000 | 2408s
Ep 23800/40000 | ret -5.8042 | avg(50) -1.6937 | ε 0.050 | loss 0.00004 | buf 100,000 | 2414s
Ep 23850/40000 | ret -1.1309 | avg(50) -2.0640 | ε 0.050 | loss 0.00007 | buf 100,000 | 2419s
Ep 23900/40000 | ret -1.1309 | avg(50) -1.7732 | ε 0.050 | loss 0.00004 | buf 100,000 | 2425s
Ep 23950/40000 | ret -1.1455 | avg(50) -2.0046 | ε 0.050 | loss 0.00008 | buf 100,000 | 2430s
Ep 24000/40000 | ret -1.1309 | avg(50) -2.1255 | ε 0.050 | loss 0.00002 | buf 100,000 | 2436s
[agent] Checkpoint saved → online_RL/runs/20260525_224449/dqn_ep24000.pt
[train] Returns plot → online_RL/runs/20260525_224449/returns.png
[train] Q-loss plot  → online_RL/runs/20260525_224449/q_loss.png
[train] Epsilon plot → online_RL/runs/20260525_224449/epsilon.png
Ep 24050/40000 | ret -3.7394 | avg(50) -2.2217 | ε 0.050 | loss 0.00003 | buf 100,000 | 2442s
Ep 24100/40000 | ret -2.7401 | avg(50) -2.2059 | ε 0.050 | loss 0.00010 | buf 100,000 | 2448s
Ep 24150/40000 | ret -1.3128 | avg(50) -2.1485 | ε 0.050 | loss 0.00004 | buf 100,000 | 2453s
Ep 24200/40000 | ret -1.1346 | avg(50) -2.1545 | ε 0.050 | loss 0.00003 | buf 100,000 | 2459s
Ep 24250/40000 | ret -1.1396 | avg(50) -2.3627 | ε 0.050 | loss 0.00009 | buf 100,000 | 2464s
Ep 24300/40000 | ret -1.1278 | avg(50) -2.2028 | ε 0.050 | loss 0.00002 | buf 100,000 | 2470s
Ep 24350/40000 | ret -4.2642 | avg(50) -1.9148 | ε 0.050 | loss 0.00002 | buf 100,000 | 2475s
Ep 24400/40000 | ret -1.1278 | avg(50) -2.1109 | ε 0.050 | loss 0.00002 | buf 100,000 | 2481s
Ep 24450/40000 | ret -9.5998 | avg(50) -2.2828 | ε 0.050 | loss 0.00003 | buf 100,000 | 2486s
Ep 24500/40000 | ret -1.3869 | avg(50) -2.1775 | ε 0.050 | loss 0.00002 | buf 100,000 | 2492s
[agent] Checkpoint saved → online_RL/runs/20260525_224449/dqn_ep24500.pt
[train] Returns plot → online_RL/runs/20260525_224449/returns.png
[train] Q-loss plot  → online_RL/runs/20260525_224449/q_loss.png
[train] Epsilon plot → online_RL/runs/20260525_224449/epsilon.png
Ep 24550/40000 | ret -1.5598 | avg(50) -1.7730 | ε 0.050 | loss 0.00002 | buf 100,000 | 2498s
Ep 24600/40000 | ret -1.1991 | avg(50) -2.0159 | ε 0.050 | loss 0.00050 | buf 100,000 | 2504s
Ep 24650/40000 | ret -3.1733 | avg(50) -1.8626 | ε 0.050 | loss 0.00015 | buf 100,000 | 2509s
Ep 24700/40000 | ret -1.1340 | avg(50) -1.9002 | ε 0.050 | loss 0.00004 | buf 100,000 | 2515s
Ep 24750/40000 | ret -1.1278 | avg(50) -2.0114 | ε 0.050 | loss 0.00002 | buf 100,000 | 2520s
Ep 24800/40000 | ret -1.1278 | avg(50) -2.0056 | ε 0.050 | loss 0.00019 | buf 100,000 | 2526s
Ep 24850/40000 | ret -1.1278 | avg(50) -2.4051 | ε 0.050 | loss 0.00002 | buf 100,000 | 2531s
Ep 24900/40000 | ret -5.1481 | avg(50) -1.8510 | ε 0.050 | loss 0.00001 | buf 100,000 | 2536s
Ep 24950/40000 | ret -3.8125 | avg(50) -1.8710 | ε 0.050 | loss 0.00001 | buf 100,000 | 2542s
Ep 25000/40000 | ret -1.1492 | avg(50) -1.8066 | ε 0.050 | loss 0.00002 | buf 100,000 | 2547s
[agent] Checkpoint saved → online_RL/runs/20260525_224449/dqn_ep25000.pt
[train] Returns plot → online_RL/runs/20260525_224449/returns.png
[train] Q-loss plot  → online_RL/runs/20260525_224449/q_loss.png
[train] Epsilon plot → online_RL/runs/20260525_224449/epsilon.png
Ep 25050/40000 | ret -1.1278 | avg(50) -1.8075 | ε 0.050 | loss 0.00001 | buf 100,000 | 2554s
Ep 25100/40000 | ret -1.1283 | avg(50) -2.0115 | ε 0.050 | loss 0.00002 | buf 100,000 | 2560s
Ep 25150/40000 | ret -1.3759 | avg(50) -2.1075 | ε 0.050 | loss 0.00002 | buf 100,000 | 2565s
Ep 25200/40000 | ret -2.2215 | avg(50) -2.1557 | ε 0.050 | loss 0.00003 | buf 100,000 | 2570s
Ep 25250/40000 | ret -1.1278 | avg(50) -2.5060 | ε 0.050 | loss 0.00002 | buf 100,000 | 2576s
Ep 25300/40000 | ret -1.1278 | avg(50) -2.0108 | ε 0.050 | loss 0.00002 | buf 100,000 | 2581s
Ep 25350/40000 | ret -2.7401 | avg(50) -2.4644 | ε 0.050 | loss 0.00002 | buf 100,000 | 2587s
Ep 25400/40000 | ret -1.1396 | avg(50) -2.5294 | ε 0.050 | loss 0.00027 | buf 100,000 | 2592s
Ep 25450/40000 | ret -1.6827 | avg(50) -1.9182 | ε 0.050 | loss 0.00009 | buf 100,000 | 2598s
Ep 25500/40000 | ret -3.7412 | avg(50) -2.1160 | ε 0.050 | loss 0.00001 | buf 100,000 | 2603s
[agent] Checkpoint saved → online_RL/runs/20260525_224449/dqn_ep25500.pt
[train] Returns plot → online_RL/runs/20260525_224449/returns.png
[train] Q-loss plot  → online_RL/runs/20260525_224449/q_loss.png
[train] Epsilon plot → online_RL/runs/20260525_224449/epsilon.png
Ep 25550/40000 | ret -4.6499 | avg(50) -2.1410 | ε 0.050 | loss 0.00001 | buf 100,000 | 2610s
Ep 25600/40000 | ret -3.0901 | avg(50) -2.0342 | ε 0.050 | loss 0.00001 | buf 100,000 | 2615s
Ep 25650/40000 | ret -1.1320 | avg(50) -1.8223 | ε 0.050 | loss 0.00001 | buf 100,000 | 2621s
Ep 25700/40000 | ret -3.3180 | avg(50) -1.8416 | ε 0.050 | loss 0.00001 | buf 100,000 | 2626s
Ep 25750/40000 | ret -1.1283 | avg(50) -1.7817 | ε 0.050 | loss 0.00002 | buf 100,000 | 2632s
Ep 25800/40000 | ret -4.4644 | avg(50) -2.4915 | ε 0.050 | loss 0.00002 | buf 100,000 | 2637s
Ep 25850/40000 | ret -1.1283 | avg(50) -2.0830 | ε 0.050 | loss 0.00002 | buf 100,000 | 2643s
Ep 25900/40000 | ret -1.2308 | avg(50) -2.4618 | ε 0.050 | loss 0.00001 | buf 100,000 | 2648s
Ep 25950/40000 | ret -2.7779 | avg(50) -1.9390 | ε 0.050 | loss 0.00004 | buf 100,000 | 2654s
Ep 26000/40000 | ret -3.2373 | avg(50) -2.0328 | ε 0.050 | loss 0.00002 | buf 100,000 | 2659s
[agent] Checkpoint saved → online_RL/runs/20260525_224449/dqn_ep26000.pt
[train] Returns plot → online_RL/runs/20260525_224449/returns.png
[train] Q-loss plot  → online_RL/runs/20260525_224449/q_loss.png
[train] Epsilon plot → online_RL/runs/20260525_224449/epsilon.png
Ep 26050/40000 | ret -2.7047 | avg(50) -2.2324 | ε 0.050 | loss 0.00023 | buf 100,000 | 2666s
Ep 26100/40000 | ret -1.3697 | avg(50) -2.5325 | ε 0.050 | loss 0.00003 | buf 100,000 | 2671s
Ep 26150/40000 | ret -1.1278 | avg(50) -1.9057 | ε 0.050 | loss 0.00001 | buf 100,000 | 2677s
Ep 26200/40000 | ret -1.1278 | avg(50) -1.8172 | ε 0.050 | loss 0.00001 | buf 100,000 | 2683s
Ep 26250/40000 | ret -1.1279 | avg(50) -2.3199 | ε 0.050 | loss 0.00001 | buf 100,000 | 2688s
Ep 26300/40000 | ret -1.1278 | avg(50) -2.2018 | ε 0.050 | loss 0.00001 | buf 100,000 | 2694s
Ep 26350/40000 | ret -2.2994 | avg(50) -1.9522 | ε 0.050 | loss 0.00001 | buf 100,000 | 2699s
Ep 26400/40000 | ret -1.1295 | avg(50) -1.8509 | ε 0.050 | loss 0.00002 | buf 100,000 | 2705s
Ep 26450/40000 | ret -1.1283 | avg(50) -1.9932 | ε 0.050 | loss 0.00002 | buf 100,000 | 2710s
Ep 26500/40000 | ret -1.1368 | avg(50) -2.3189 | ε 0.050 | loss 0.00002 | buf 100,000 | 2716s
[agent] Checkpoint saved → online_RL/runs/20260525_224449/dqn_ep26500.pt
[train] Returns plot → online_RL/runs/20260525_224449/returns.png
[train] Q-loss plot  → online_RL/runs/20260525_224449/q_loss.png
[train] Epsilon plot → online_RL/runs/20260525_224449/epsilon.png
Ep 26550/40000 | ret -1.1349 | avg(50) -2.5023 | ε 0.050 | loss 0.00002 | buf 100,000 | 2722s
Ep 26600/40000 | ret -1.1278 | avg(50) -1.6935 | ε 0.050 | loss 0.00003 | buf 100,000 | 2728s
Ep 26650/40000 | ret -1.1430 | avg(50) -2.0070 | ε 0.050 | loss 0.00007 | buf 100,000 | 2733s
Ep 26700/40000 | ret -1.1295 | avg(50) -2.0556 | ε 0.050 | loss 0.00002 | buf 100,000 | 2739s
Ep 26750/40000 | ret -1.1310 | avg(50) -2.4752 | ε 0.050 | loss 0.00001 | buf 100,000 | 2744s
Ep 26800/40000 | ret -4.5327 | avg(50) -1.9537 | ε 0.050 | loss 0.00001 | buf 100,000 | 2750s
Ep 26850/40000 | ret -2.7034 | avg(50) -1.9219 | ε 0.050 | loss 0.00001 | buf 100,000 | 2755s
Ep 26900/40000 | ret -1.1278 | avg(50) -2.0349 | ε 0.050 | loss 0.00001 | buf 100,000 | 2761s
Ep 26950/40000 | ret -1.3398 | avg(50) -2.0644 | ε 0.050 | loss 0.00001 | buf 100,000 | 2766s
Ep 27000/40000 | ret -1.1369 | avg(50) -2.1966 | ε 0.050 | loss 0.00002 | buf 100,000 | 2772s
[agent] Checkpoint saved → online_RL/runs/20260525_224449/dqn_ep27000.pt
[train] Returns plot → online_RL/runs/20260525_224449/returns.png
[train] Q-loss plot  → online_RL/runs/20260525_224449/q_loss.png
[train] Epsilon plot → online_RL/runs/20260525_224449/epsilon.png
Ep 27050/40000 | ret -1.5432 | avg(50) -1.9547 | ε 0.050 | loss 0.00002 | buf 100,000 | 2778s
Ep 27100/40000 | ret -1.9324 | avg(50) -1.8052 | ε 0.050 | loss 0.00001 | buf 100,000 | 2784s
Ep 27150/40000 | ret -10.0605 | avg(50) -1.9741 | ε 0.050 | loss 0.00002 | buf 100,000 | 2789s
Ep 27200/40000 | ret -1.1278 | avg(50) -1.9110 | ε 0.050 | loss 0.00002 | buf 100,000 | 2795s
Ep 27250/40000 | ret -1.1338 | avg(50) -2.1394 | ε 0.050 | loss 0.00001 | buf 100,000 | 2800s
Ep 27300/40000 | ret -1.1278 | avg(50) -2.2015 | ε 0.050 | loss 0.00002 | buf 100,000 | 2806s
Ep 27350/40000 | ret -1.1278 | avg(50) -1.9376 | ε 0.050 | loss 0.00018 | buf 100,000 | 2811s
Ep 27400/40000 | ret -1.1278 | avg(50) -2.5764 | ε 0.050 | loss 0.00004 | buf 100,000 | 2817s
Ep 27450/40000 | ret -1.3141 | avg(50) -2.1336 | ε 0.050 | loss 0.00003 | buf 100,000 | 2822s
Ep 27500/40000 | ret -1.6552 | avg(50) -2.0735 | ε 0.050 | loss 0.00002 | buf 100,000 | 2828s
[agent] Checkpoint saved → online_RL/runs/20260525_224449/dqn_ep27500.pt
[train] Returns plot → online_RL/runs/20260525_224449/returns.png
[train] Q-loss plot  → online_RL/runs/20260525_224449/q_loss.png
[train] Epsilon plot → online_RL/runs/20260525_224449/epsilon.png
Ep 27550/40000 | ret -1.1295 | avg(50) -1.8899 | ε 0.050 | loss 0.00002 | buf 100,000 | 2834s
Ep 27600/40000 | ret -4.2882 | avg(50) -2.0925 | ε 0.050 | loss 0.00036 | buf 100,000 | 2840s
Ep 27650/40000 | ret -1.1472 | avg(50) -1.9111 | ε 0.050 | loss 0.00002 | buf 100,000 | 2845s
Ep 27700/40000 | ret -1.5997 | avg(50) -2.0559 | ε 0.050 | loss 0.00004 | buf 100,000 | 2851s
Ep 27750/40000 | ret -1.1590 | avg(50) -2.1392 | ε 0.050 | loss 0.00017 | buf 100,000 | 2856s
Ep 27800/40000 | ret -1.1278 | avg(50) -2.0705 | ε 0.050 | loss 0.00001 | buf 100,000 | 2862s
Ep 27850/40000 | ret -1.1349 | avg(50) -2.3090 | ε 0.050 | loss 0.00080 | buf 100,000 | 2867s
Ep 27900/40000 | ret -1.1278 | avg(50) -2.2409 | ε 0.050 | loss 0.00001 | buf 100,000 | 2873s
Ep 27950/40000 | ret -5.5940 | avg(50) -1.9608 | ε 0.050 | loss 0.00001 | buf 100,000 | 2878s
Ep 28000/40000 | ret -1.1279 | avg(50) -2.1966 | ε 0.050 | loss 0.00001 | buf 100,000 | 2884s
[agent] Checkpoint saved → online_RL/runs/20260525_224449/dqn_ep28000.pt
[train] Returns plot → online_RL/runs/20260525_224449/returns.png
[train] Q-loss plot  → online_RL/runs/20260525_224449/q_loss.png
[train] Epsilon plot → online_RL/runs/20260525_224449/epsilon.png
Ep 28050/40000 | ret -3.3210 | avg(50) -1.9718 | ε 0.050 | loss 0.00001 | buf 100,000 | 2891s
Ep 28100/40000 | ret -1.1278 | avg(50) -1.7978 | ε 0.050 | loss 0.00001 | buf 100,000 | 2896s
Ep 28150/40000 | ret -1.2125 | avg(50) -2.1463 | ε 0.050 | loss 0.00019 | buf 100,000 | 2902s
Ep 28200/40000 | ret -1.1310 | avg(50) -2.2028 | ε 0.050 | loss 0.00008 | buf 100,000 | 2907s
Ep 28250/40000 | ret -1.1780 | avg(50) -1.7440 | ε 0.050 | loss 0.00010 | buf 100,000 | 2913s
Ep 28300/40000 | ret -1.1310 | avg(50) -2.2467 | ε 0.050 | loss 0.00003 | buf 100,000 | 2918s
Ep 28350/40000 | ret -1.1522 | avg(50) -2.3144 | ε 0.050 | loss 0.00008 | buf 100,000 | 2924s
Ep 28400/40000 | ret -1.1310 | avg(50) -2.0580 | ε 0.050 | loss 0.00002 | buf 100,000 | 2929s
Ep 28450/40000 | ret -1.2492 | avg(50) -1.7133 | ε 0.050 | loss 0.00001 | buf 100,000 | 2935s
Ep 28500/40000 | ret -1.1278 | avg(50) -2.2535 | ε 0.050 | loss 0.00001 | buf 100,000 | 2940s
[agent] Checkpoint saved → online_RL/runs/20260525_224449/dqn_ep28500.pt
[train] Returns plot → online_RL/runs/20260525_224449/returns.png
[train] Q-loss plot  → online_RL/runs/20260525_224449/q_loss.png
[train] Epsilon plot → online_RL/runs/20260525_224449/epsilon.png
Ep 28550/40000 | ret -3.9019 | avg(50) -2.1501 | ε 0.050 | loss 0.00035 | buf 100,000 | 2947s
Ep 28600/40000 | ret -1.3568 | avg(50) -2.3082 | ε 0.050 | loss 0.00004 | buf 100,000 | 2952s
Ep 28650/40000 | ret -3.3739 | avg(50) -2.2290 | ε 0.050 | loss 0.00004 | buf 100,000 | 2958s
Ep 28700/40000 | ret -1.1338 | avg(50) -1.9030 | ε 0.050 | loss 0.00001 | buf 100,000 | 2963s
Ep 28750/40000 | ret -1.1278 | avg(50) -1.9857 | ε 0.050 | loss 0.00001 | buf 100,000 | 2969s
Ep 28800/40000 | ret -6.0283 | avg(50) -2.7441 | ε 0.050 | loss 0.00001 | buf 100,000 | 2974s
Ep 28850/40000 | ret -1.1283 | avg(50) -1.5665 | ε 0.050 | loss 0.00001 | buf 100,000 | 2980s
Ep 28900/40000 | ret -4.9071 | avg(50) -2.5109 | ε 0.050 | loss 0.00001 | buf 100,000 | 2985s
Ep 28950/40000 | ret -1.3529 | avg(50) -2.5511 | ε 0.050 | loss 0.00003 | buf 100,000 | 2991s
Ep 29000/40000 | ret -1.1350 | avg(50) -2.3740 | ε 0.050 | loss 0.00003 | buf 100,000 | 2996s
[agent] Checkpoint saved → online_RL/runs/20260525_224449/dqn_ep29000.pt
[train] Returns plot → online_RL/runs/20260525_224449/returns.png
[train] Q-loss plot  → online_RL/runs/20260525_224449/q_loss.png
[train] Epsilon plot → online_RL/runs/20260525_224449/epsilon.png
Ep 29050/40000 | ret -3.5892 | avg(50) -2.5260 | ε 0.050 | loss 0.00002 | buf 100,000 | 3003s
Ep 29100/40000 | ret -1.9858 | avg(50) -1.9746 | ε 0.050 | loss 0.00001 | buf 100,000 | 3008s
Ep 29150/40000 | ret -3.4713 | avg(50) -2.4097 | ε 0.050 | loss 0.00001 | buf 100,000 | 3014s
Ep 29200/40000 | ret -1.1278 | avg(50) -2.0980 | ε 0.050 | loss 0.00001 | buf 100,000 | 3019s
Ep 29250/40000 | ret -1.1350 | avg(50) -2.4916 | ε 0.050 | loss 0.00001 | buf 100,000 | 3025s
Ep 29300/40000 | ret -3.8456 | avg(50) -2.5349 | ε 0.050 | loss 0.00001 | buf 100,000 | 3030s
Ep 29350/40000 | ret -3.3586 | avg(50) -2.0354 | ε 0.050 | loss 0.00001 | buf 100,000 | 3036s
Ep 29400/40000 | ret -2.4948 | avg(50) -2.1244 | ε 0.050 | loss 0.00001 | buf 100,000 | 3041s
Ep 29450/40000 | ret -1.1369 | avg(50) -1.9995 | ε 0.050 | loss 0.00006 | buf 100,000 | 3047s
Ep 29500/40000 | ret -1.1278 | avg(50) -1.7713 | ε 0.050 | loss 0.00033 | buf 100,000 | 3052s
[agent] Checkpoint saved → online_RL/runs/20260525_224449/dqn_ep29500.pt
[train] Returns plot → online_RL/runs/20260525_224449/returns.png
[train] Q-loss plot  → online_RL/runs/20260525_224449/q_loss.png
[train] Epsilon plot → online_RL/runs/20260525_224449/epsilon.png
Ep 29550/40000 | ret -1.1309 | avg(50) -2.1298 | ε 0.050 | loss 0.00001 | buf 100,000 | 3059s
Ep 29600/40000 | ret -2.1817 | avg(50) -1.9624 | ε 0.050 | loss 0.00001 | buf 100,000 | 3064s
Ep 29650/40000 | ret -1.1295 | avg(50) -2.2524 | ε 0.050 | loss 0.00001 | buf 100,000 | 3069s
Ep 29700/40000 | ret -3.8952 | avg(50) -2.1267 | ε 0.050 | loss 0.00001 | buf 100,000 | 3075s
Ep 29750/40000 | ret -4.3510 | avg(50) -2.3231 | ε 0.050 | loss 0.00001 | buf 100,000 | 3080s
Ep 29800/40000 | ret -1.1369 | avg(50) -1.9491 | ε 0.050 | loss 0.00002 | buf 100,000 | 3086s
Ep 29850/40000 | ret -5.8158 | avg(50) -2.1408 | ε 0.050 | loss 0.00033 | buf 100,000 | 3091s
Ep 29900/40000 | ret -1.1350 | avg(50) -2.0216 | ε 0.050 | loss 0.00003 | buf 100,000 | 3097s
Ep 29950/40000 | ret -1.1283 | avg(50) -1.4795 | ε 0.050 | loss 0.00003 | buf 100,000 | 3102s
Ep 30000/40000 | ret -1.1278 | avg(50) -1.8533 | ε 0.050 | loss 0.00001 | buf 100,000 | 3108s
[agent] Checkpoint saved → online_RL/runs/20260525_224449/dqn_ep30000.pt
[train] Returns plot → online_RL/runs/20260525_224449/returns.png
[train] Q-loss plot  → online_RL/runs/20260525_224449/q_loss.png
[train] Epsilon plot → online_RL/runs/20260525_224449/epsilon.png
Ep 30050/40000 | ret -1.1338 | avg(50) -1.9247 | ε 0.050 | loss 0.00008 | buf 100,000 | 3114s
Ep 30100/40000 | ret -1.1421 | avg(50) -2.3166 | ε 0.050 | loss 0.00024 | buf 100,000 | 3120s
Ep 30150/40000 | ret -1.7954 | avg(50) -1.7153 | ε 0.050 | loss 0.00002 | buf 100,000 | 3125s
Ep 30200/40000 | ret -1.1320 | avg(50) -2.2129 | ε 0.050 | loss 0.00016 | buf 100,000 | 3131s
Ep 30250/40000 | ret -1.1437 | avg(50) -2.0765 | ε 0.050 | loss 0.00002 | buf 100,000 | 3136s
Ep 30300/40000 | ret -1.1340 | avg(50) -1.9005 | ε 0.050 | loss 0.00002 | buf 100,000 | 3142s
Ep 30350/40000 | ret -5.5208 | avg(50) -2.2080 | ε 0.050 | loss 0.00020 | buf 100,000 | 3147s
Ep 30400/40000 | ret -1.1278 | avg(50) -2.0060 | ε 0.050 | loss 0.00002 | buf 100,000 | 3153s
Ep 30450/40000 | ret -4.8899 | avg(50) -2.2168 | ε 0.050 | loss 0.00003 | buf 100,000 | 3158s
Ep 30500/40000 | ret -4.9467 | avg(50) -2.5410 | ε 0.050 | loss 0.00032 | buf 100,000 | 3164s
[agent] Checkpoint saved → online_RL/runs/20260525_224449/dqn_ep30500.pt
[train] Returns plot → online_RL/runs/20260525_224449/returns.png
[train] Q-loss plot  → online_RL/runs/20260525_224449/q_loss.png
[train] Epsilon plot → online_RL/runs/20260525_224449/epsilon.png
Ep 30550/40000 | ret -1.1309 | avg(50) -2.2330 | ε 0.050 | loss 0.00001 | buf 100,000 | 3171s
Ep 30600/40000 | ret -5.7141 | avg(50) -2.8387 | ε 0.050 | loss 0.00039 | buf 100,000 | 3176s
Ep 30650/40000 | ret -1.1517 | avg(50) -2.2326 | ε 0.050 | loss 0.00006 | buf 100,000 | 3182s
Ep 30700/40000 | ret -1.1278 | avg(50) -1.8586 | ε 0.050 | loss 0.00001 | buf 100,000 | 3187s
Ep 30750/40000 | ret -1.5304 | avg(50) -1.7980 | ε 0.050 | loss 0.00001 | buf 100,000 | 3193s
Ep 30800/40000 | ret -1.1278 | avg(50) -2.1713 | ε 0.050 | loss 0.00001 | buf 100,000 | 3198s
Ep 30850/40000 | ret -1.1418 | avg(50) -1.7500 | ε 0.050 | loss 0.00001 | buf 100,000 | 3204s
Ep 30900/40000 | ret -1.1278 | avg(50) -1.9144 | ε 0.050 | loss 0.00001 | buf 100,000 | 3209s
Ep 30950/40000 | ret -1.2149 | avg(50) -1.8428 | ε 0.050 | loss 0.00003 | buf 100,000 | 3215s
Ep 31000/40000 | ret -1.1350 | avg(50) -2.1911 | ε 0.050 | loss 0.00018 | buf 100,000 | 3220s
[agent] Checkpoint saved → online_RL/runs/20260525_224449/dqn_ep31000.pt
[train] Returns plot → online_RL/runs/20260525_224449/returns.png
[train] Q-loss plot  → online_RL/runs/20260525_224449/q_loss.png
[train] Epsilon plot → online_RL/runs/20260525_224449/epsilon.png
Ep 31050/40000 | ret -1.1283 | avg(50) -2.3949 | ε 0.050 | loss 0.00004 | buf 100,000 | 3227s
Ep 31100/40000 | ret -1.1310 | avg(50) -2.0184 | ε 0.050 | loss 0.00003 | buf 100,000 | 3233s
Ep 31150/40000 | ret -1.1310 | avg(50) -2.0449 | ε 0.050 | loss 0.00002 | buf 100,000 | 3238s
Ep 31200/40000 | ret -4.6318 | avg(50) -2.5285 | ε 0.050 | loss 0.00006 | buf 100,000 | 3243s
Ep 31250/40000 | ret -3.3468 | avg(50) -2.3795 | ε 0.050 | loss 0.00002 | buf 100,000 | 3249s
Ep 31300/40000 | ret -1.1350 | avg(50) -2.3941 | ε 0.050 | loss 0.00019 | buf 100,000 | 3255s
Ep 31350/40000 | ret -1.1295 | avg(50) -1.9266 | ε 0.050 | loss 0.00002 | buf 100,000 | 3260s
Ep 31400/40000 | ret -1.1430 | avg(50) -2.2316 | ε 0.050 | loss 0.00001 | buf 100,000 | 3266s
Ep 31450/40000 | ret -1.1751 | avg(50) -2.6301 | ε 0.050 | loss 0.00011 | buf 100,000 | 3271s
Ep 31500/40000 | ret -1.1295 | avg(50) -2.0156 | ε 0.050 | loss 0.00003 | buf 100,000 | 3277s
[agent] Checkpoint saved → online_RL/runs/20260525_224449/dqn_ep31500.pt
[train] Returns plot → online_RL/runs/20260525_224449/returns.png
[train] Q-loss plot  → online_RL/runs/20260525_224449/q_loss.png
[train] Epsilon plot → online_RL/runs/20260525_224449/epsilon.png
Ep 31550/40000 | ret -4.8899 | avg(50) -1.9873 | ε 0.050 | loss 0.00001 | buf 100,000 | 3283s
Ep 31600/40000 | ret -1.2074 | avg(50) -1.9272 | ε 0.050 | loss 0.00028 | buf 100,000 | 3289s
Ep 31650/40000 | ret -1.1279 | avg(50) -2.2629 | ε 0.050 | loss 0.00012 | buf 100,000 | 3294s
Ep 31700/40000 | ret -1.5937 | avg(50) -1.6765 | ε 0.050 | loss 0.00013 | buf 100,000 | 3300s
Ep 31750/40000 | ret -1.1396 | avg(50) -2.2683 | ε 0.050 | loss 0.00002 | buf 100,000 | 3305s
Ep 31800/40000 | ret -1.1295 | avg(50) -2.4270 | ε 0.050 | loss 0.00005 | buf 100,000 | 3311s
Ep 31850/40000 | ret -5.0810 | avg(50) -2.5641 | ε 0.050 | loss 0.00002 | buf 100,000 | 3316s
Ep 31900/40000 | ret -1.1350 | avg(50) -2.2830 | ε 0.050 | loss 0.00004 | buf 100,000 | 3322s
Ep 31950/40000 | ret -4.5996 | avg(50) -1.7144 | ε 0.050 | loss 0.00157 | buf 100,000 | 3327s
Ep 32000/40000 | ret -6.2237 | avg(50) -2.3311 | ε 0.050 | loss 0.00003 | buf 100,000 | 3333s
[agent] Checkpoint saved → online_RL/runs/20260525_224449/dqn_ep32000.pt
[train] Returns plot → online_RL/runs/20260525_224449/returns.png
[train] Q-loss plot  → online_RL/runs/20260525_224449/q_loss.png
[train] Epsilon plot → online_RL/runs/20260525_224449/epsilon.png
Ep 32050/40000 | ret -1.1278 | avg(50) -2.0991 | ε 0.050 | loss 0.00002 | buf 100,000 | 3340s
Ep 32100/40000 | ret -1.1310 | avg(50) -1.7812 | ε 0.050 | loss 0.00002 | buf 100,000 | 3345s
Ep 32150/40000 | ret -7.7158 | avg(50) -1.9961 | ε 0.050 | loss 0.00009 | buf 100,000 | 3351s
Ep 32200/40000 | ret -4.1689 | avg(50) -2.5307 | ε 0.050 | loss 0.00002 | buf 100,000 | 3356s
Ep 32250/40000 | ret -5.5558 | avg(50) -2.1564 | ε 0.050 | loss 0.00002 | buf 100,000 | 3362s
Ep 32300/40000 | ret -1.1283 | avg(50) -1.9123 | ε 0.050 | loss 0.00003 | buf 100,000 | 3367s
Ep 32350/40000 | ret -1.1278 | avg(50) -2.0059 | ε 0.050 | loss 0.00001 | buf 100,000 | 3373s
Ep 32400/40000 | ret -1.1401 | avg(50) -2.1787 | ε 0.050 | loss 0.00002 | buf 100,000 | 3378s
Ep 32450/40000 | ret -1.1278 | avg(50) -1.7517 | ε 0.050 | loss 0.00001 | buf 100,000 | 3384s
Ep 32500/40000 | ret -1.3359 | avg(50) -2.0370 | ε 0.050 | loss 0.00001 | buf 100,000 | 3389s
[agent] Checkpoint saved → online_RL/runs/20260525_224449/dqn_ep32500.pt
[train] Returns plot → online_RL/runs/20260525_224449/returns.png
[train] Q-loss plot  → online_RL/runs/20260525_224449/q_loss.png
[train] Epsilon plot → online_RL/runs/20260525_224449/epsilon.png
Ep 32550/40000 | ret -1.1309 | avg(50) -2.1643 | ε 0.050 | loss 0.00001 | buf 100,000 | 3396s
Ep 32600/40000 | ret -1.1320 | avg(50) -2.0852 | ε 0.050 | loss 0.00001 | buf 100,000 | 3401s
Ep 32650/40000 | ret -4.5886 | avg(50) -1.6260 | ε 0.050 | loss 0.00006 | buf 100,000 | 3407s
Ep 32700/40000 | ret -2.0109 | avg(50) -1.7859 | ε 0.050 | loss 0.00015 | buf 100,000 | 3412s
Ep 32750/40000 | ret -1.1350 | avg(50) -1.9583 | ε 0.050 | loss 0.00013 | buf 100,000 | 3418s
Ep 32800/40000 | ret -1.1368 | avg(50) -2.2284 | ε 0.050 | loss 0.00015 | buf 100,000 | 3423s
Ep 32850/40000 | ret -4.9197 | avg(50) -2.2354 | ε 0.050 | loss 0.00002 | buf 100,000 | 3429s
Ep 32900/40000 | ret -1.1278 | avg(50) -2.1470 | ε 0.050 | loss 0.00001 | buf 100,000 | 3434s
Ep 32950/40000 | ret -2.9503 | avg(50) -2.4691 | ε 0.050 | loss 0.00001 | buf 100,000 | 3440s
Ep 33000/40000 | ret -1.1295 | avg(50) -2.6865 | ε 0.050 | loss 0.00001 | buf 100,000 | 3446s
[agent] Checkpoint saved → online_RL/runs/20260525_224449/dqn_ep33000.pt
[train] Returns plot → online_RL/runs/20260525_224449/returns.png
[train] Q-loss plot  → online_RL/runs/20260525_224449/q_loss.png
[train] Epsilon plot → online_RL/runs/20260525_224449/epsilon.png
Ep 33050/40000 | ret -1.4441 | avg(50) -2.4698 | ε 0.050 | loss 0.00001 | buf 100,000 | 3452s
Ep 33100/40000 | ret -2.3414 | avg(50) -1.6613 | ε 0.050 | loss 0.00002 | buf 100,000 | 3458s
Ep 33150/40000 | ret -1.1309 | avg(50) -1.8248 | ε 0.050 | loss 0.00001 | buf 100,000 | 3463s
Ep 33200/40000 | ret -2.2057 | avg(50) -1.9825 | ε 0.050 | loss 0.00052 | buf 100,000 | 3469s
Ep 33250/40000 | ret -1.1396 | avg(50) -1.7506 | ε 0.050 | loss 0.00002 | buf 100,000 | 3474s
Ep 33300/40000 | ret -1.1310 | avg(50) -2.4001 | ε 0.050 | loss 0.00001 | buf 100,000 | 3480s
Ep 33350/40000 | ret -1.1278 | avg(50) -2.5616 | ε 0.050 | loss 0.00001 | buf 100,000 | 3485s
Ep 33400/40000 | ret -1.1283 | avg(50) -1.6882 | ε 0.050 | loss 0.00001 | buf 100,000 | 3491s
Ep 33450/40000 | ret -2.9333 | avg(50) -2.2269 | ε 0.050 | loss 0.00006 | buf 100,000 | 3496s
Ep 33500/40000 | ret -1.1340 | avg(50) -2.0899 | ε 0.050 | loss 0.00014 | buf 100,000 | 3502s
[agent] Checkpoint saved → online_RL/runs/20260525_224449/dqn_ep33500.pt
[train] Returns plot → online_RL/runs/20260525_224449/returns.png
[train] Q-loss plot  → online_RL/runs/20260525_224449/q_loss.png
[train] Epsilon plot → online_RL/runs/20260525_224449/epsilon.png
Ep 33550/40000 | ret -3.3633 | avg(50) -2.5527 | ε 0.050 | loss 0.00002 | buf 100,000 | 3508s
Ep 33600/40000 | ret -1.1278 | avg(50) -1.9714 | ε 0.050 | loss 0.00001 | buf 100,000 | 3514s
Ep 33650/40000 | ret -2.8450 | avg(50) -1.7850 | ε 0.050 | loss 0.00001 | buf 100,000 | 3519s
Ep 33700/40000 | ret -2.8554 | avg(50) -2.2471 | ε 0.050 | loss 0.00001 | buf 100,000 | 3525s
Ep 33750/40000 | ret -3.2865 | avg(50) -2.0871 | ε 0.050 | loss 0.00002 | buf 100,000 | 3530s
Ep 33800/40000 | ret -1.1278 | avg(50) -2.3443 | ε 0.050 | loss 0.00001 | buf 100,000 | 3536s
Ep 33850/40000 | ret -1.1309 | avg(50) -1.9053 | ε 0.050 | loss 0.00002 | buf 100,000 | 3542s
Ep 33900/40000 | ret -1.1882 | avg(50) -1.7484 | ε 0.050 | loss 0.00013 | buf 100,000 | 3547s
Ep 33950/40000 | ret -1.1699 | avg(50) -2.3122 | ε 0.050 | loss 0.00009 | buf 100,000 | 3553s
Ep 34000/40000 | ret -1.2150 | avg(50) -2.0118 | ε 0.050 | loss 0.00227 | buf 100,000 | 3558s
[agent] Checkpoint saved → online_RL/runs/20260525_224449/dqn_ep34000.pt
[train] Returns plot → online_RL/runs/20260525_224449/returns.png
[train] Q-loss plot  → online_RL/runs/20260525_224449/q_loss.png
[train] Epsilon plot → online_RL/runs/20260525_224449/epsilon.png
Ep 34050/40000 | ret -6.0395 | avg(50) -2.4846 | ε 0.050 | loss 0.00004 | buf 100,000 | 3565s
Ep 34100/40000 | ret -1.1283 | avg(50) -2.0136 | ε 0.050 | loss 0.00002 | buf 100,000 | 3570s
Ep 34150/40000 | ret -1.7939 | avg(50) -1.8279 | ε 0.050 | loss 0.00001 | buf 100,000 | 3576s
Ep 34200/40000 | ret -2.0059 | avg(50) -2.3096 | ε 0.050 | loss 0.00001 | buf 100,000 | 3581s
Ep 34250/40000 | ret -6.0138 | avg(50) -2.0727 | ε 0.050 | loss 0.00001 | buf 100,000 | 3587s
Ep 34300/40000 | ret -3.5393 | avg(50) -2.2720 | ε 0.050 | loss 0.00002 | buf 100,000 | 3592s
Ep 34350/40000 | ret -3.5035 | avg(50) -2.0528 | ε 0.050 | loss 0.00001 | buf 100,000 | 3598s
Ep 34400/40000 | ret -5.3696 | avg(50) -2.1150 | ε 0.050 | loss 0.00001 | buf 100,000 | 3603s
Ep 34450/40000 | ret -1.1283 | avg(50) -2.0439 | ε 0.050 | loss 0.00004 | buf 100,000 | 3609s
Ep 34500/40000 | ret -1.1310 | avg(50) -2.1552 | ε 0.050 | loss 0.00004 | buf 100,000 | 3614s
[agent] Checkpoint saved → online_RL/runs/20260525_224449/dqn_ep34500.pt
[train] Returns plot → online_RL/runs/20260525_224449/returns.png
[train] Q-loss plot  → online_RL/runs/20260525_224449/q_loss.png
[train] Epsilon plot → online_RL/runs/20260525_224449/epsilon.png
Ep 34550/40000 | ret -1.1278 | avg(50) -2.0453 | ε 0.050 | loss 0.00001 | buf 100,000 | 3621s
Ep 34600/40000 | ret -3.4264 | avg(50) -2.6496 | ε 0.050 | loss 0.00001 | buf 100,000 | 3627s
Ep 34650/40000 | ret -1.1283 | avg(50) -1.8608 | ε 0.050 | loss 0.00002 | buf 100,000 | 3632s
Ep 34700/40000 | ret -2.1461 | avg(50) -2.2807 | ε 0.050 | loss 0.00001 | buf 100,000 | 3638s
Ep 34750/40000 | ret -4.3104 | avg(50) -2.0242 | ε 0.050 | loss 0.00003 | buf 100,000 | 3643s
Ep 34800/40000 | ret -2.6669 | avg(50) -2.2214 | ε 0.050 | loss 0.00001 | buf 100,000 | 3649s
Ep 34850/40000 | ret -6.2531 | avg(50) -2.0158 | ε 0.050 | loss 0.00001 | buf 100,000 | 3654s
Ep 34900/40000 | ret -1.1525 | avg(50) -2.2432 | ε 0.050 | loss 0.00058 | buf 100,000 | 3660s
Ep 34950/40000 | ret -1.1278 | avg(50) -2.2224 | ε 0.050 | loss 0.00001 | buf 100,000 | 3665s
Ep 35000/40000 | ret -1.1338 | avg(50) -2.3188 | ε 0.050 | loss 0.00004 | buf 100,000 | 3671s
[agent] Checkpoint saved → online_RL/runs/20260525_224449/dqn_ep35000.pt
[train] Returns plot → online_RL/runs/20260525_224449/returns.png
[train] Q-loss plot  → online_RL/runs/20260525_224449/q_loss.png
[train] Epsilon plot → online_RL/runs/20260525_224449/epsilon.png
Ep 35050/40000 | ret -1.1309 | avg(50) -1.8840 | ε 0.050 | loss 0.00003 | buf 100,000 | 3678s
Ep 35100/40000 | ret -1.5286 | avg(50) -2.3962 | ε 0.050 | loss 0.00001 | buf 100,000 | 3683s
Ep 35150/40000 | ret -1.1283 | avg(50) -1.9947 | ε 0.050 | loss 0.00001 | buf 100,000 | 3689s
Ep 35200/40000 | ret -1.8989 | avg(50) -2.5327 | ε 0.050 | loss 0.00001 | buf 100,000 | 3694s
Ep 35250/40000 | ret -1.1377 | avg(50) -2.2078 | ε 0.050 | loss 0.00001 | buf 100,000 | 3700s
Ep 35300/40000 | ret -1.1309 | avg(50) -2.3786 | ε 0.050 | loss 0.00001 | buf 100,000 | 3705s
Ep 35350/40000 | ret -1.1278 | avg(50) -1.6031 | ε 0.050 | loss 0.00001 | buf 100,000 | 3711s
Ep 35400/40000 | ret -1.2732 | avg(50) -2.1680 | ε 0.050 | loss 0.00015 | buf 100,000 | 3716s
Ep 35450/40000 | ret -1.2705 | avg(50) -1.9597 | ε 0.050 | loss 0.00001 | buf 100,000 | 3722s
Ep 35500/40000 | ret -1.1278 | avg(50) -2.2220 | ε 0.050 | loss 0.00001 | buf 100,000 | 3727s
[agent] Checkpoint saved → online_RL/runs/20260525_224449/dqn_ep35500.pt
[train] Returns plot → online_RL/runs/20260525_224449/returns.png
[train] Q-loss plot  → online_RL/runs/20260525_224449/q_loss.png
[train] Epsilon plot → online_RL/runs/20260525_224449/epsilon.png
Ep 35550/40000 | ret -1.5449 | avg(50) -1.9288 | ε 0.050 | loss 0.00001 | buf 100,000 | 3734s
Ep 35600/40000 | ret -6.1640 | avg(50) -2.0845 | ε 0.050 | loss 0.00001 | buf 100,000 | 3740s
Ep 35650/40000 | ret -1.1278 | avg(50) -2.1004 | ε 0.050 | loss 0.00001 | buf 100,000 | 3745s
Ep 35700/40000 | ret -1.5116 | avg(50) -2.1918 | ε 0.050 | loss 0.00001 | buf 100,000 | 3751s
Ep 35750/40000 | ret -6.4872 | avg(50) -2.1279 | ε 0.050 | loss 0.00001 | buf 100,000 | 3756s
Ep 35800/40000 | ret -1.5963 | avg(50) -2.2131 | ε 0.050 | loss 0.00002 | buf 100,000 | 3762s
Ep 35850/40000 | ret -1.1547 | avg(50) -2.0037 | ε 0.050 | loss 0.00001 | buf 100,000 | 3767s
Ep 35900/40000 | ret -1.2542 | avg(50) -1.8867 | ε 0.050 | loss 0.00032 | buf 100,000 | 3773s
Ep 35950/40000 | ret -1.1374 | avg(50) -1.8834 | ε 0.050 | loss 0.00006 | buf 100,000 | 3778s
Ep 36000/40000 | ret -4.7364 | avg(50) -2.2511 | ε 0.050 | loss 0.00002 | buf 100,000 | 3784s
[agent] Checkpoint saved → online_RL/runs/20260525_224449/dqn_ep36000.pt
[train] Returns plot → online_RL/runs/20260525_224449/returns.png
[train] Q-loss plot  → online_RL/runs/20260525_224449/q_loss.png
[train] Epsilon plot → online_RL/runs/20260525_224449/epsilon.png
Ep 36050/40000 | ret -1.1278 | avg(50) -1.8927 | ε 0.050 | loss 0.00003 | buf 100,000 | 3790s
Ep 36100/40000 | ret -1.1278 | avg(50) -1.7809 | ε 0.050 | loss 0.00002 | buf 100,000 | 3796s
Ep 36150/40000 | ret -1.1283 | avg(50) -2.0894 | ε 0.050 | loss 0.00002 | buf 100,000 | 3802s
Ep 36200/40000 | ret -4.7031 | avg(50) -2.3952 | ε 0.050 | loss 0.00006 | buf 100,000 | 3807s
Ep 36250/40000 | ret -3.2650 | avg(50) -2.3190 | ε 0.050 | loss 0.00003 | buf 100,000 | 3813s
Ep 36300/40000 | ret -1.1279 | avg(50) -2.0505 | ε 0.050 | loss 0.00001 | buf 100,000 | 3818s
Ep 36350/40000 | ret -1.1279 | avg(50) -2.1639 | ε 0.050 | loss 0.00001 | buf 100,000 | 3824s
Ep 36400/40000 | ret -1.1310 | avg(50) -2.0375 | ε 0.050 | loss 0.00001 | buf 100,000 | 3829s
Ep 36450/40000 | ret -1.1279 | avg(50) -1.9043 | ε 0.050 | loss 0.00006 | buf 100,000 | 3835s
Ep 36500/40000 | ret -3.9690 | avg(50) -1.6855 | ε 0.050 | loss 0.00001 | buf 100,000 | 3840s
[agent] Checkpoint saved → online_RL/runs/20260525_224449/dqn_ep36500.pt
[train] Returns plot → online_RL/runs/20260525_224449/returns.png
[train] Q-loss plot  → online_RL/runs/20260525_224449/q_loss.png
[train] Epsilon plot → online_RL/runs/20260525_224449/epsilon.png
Ep 36550/40000 | ret -2.1719 | avg(50) -2.1800 | ε 0.050 | loss 0.00001 | buf 100,000 | 3847s
Ep 36600/40000 | ret -1.1545 | avg(50) -2.1939 | ε 0.050 | loss 0.00030 | buf 100,000 | 3852s
Ep 36650/40000 | ret -1.1278 | avg(50) -2.2294 | ε 0.050 | loss 0.00001 | buf 100,000 | 3858s
Ep 36700/40000 | ret -1.1278 | avg(50) -1.8244 | ε 0.050 | loss 0.00001 | buf 100,000 | 3863s
Ep 36750/40000 | ret -1.7210 | avg(50) -2.3715 | ε 0.050 | loss 0.00002 | buf 100,000 | 3869s
Ep 36800/40000 | ret -1.1278 | avg(50) -2.0297 | ε 0.050 | loss 0.00001 | buf 100,000 | 3875s
Ep 36850/40000 | ret -6.7337 | avg(50) -2.0057 | ε 0.050 | loss 0.00001 | buf 100,000 | 3880s
Ep 36900/40000 | ret -4.3302 | avg(50) -2.1914 | ε 0.050 | loss 0.00002 | buf 100,000 | 3886s
Ep 36950/40000 | ret -4.4622 | avg(50) -2.4535 | ε 0.050 | loss 0.00001 | buf 100,000 | 3891s
Ep 37000/40000 | ret -2.3762 | avg(50) -1.7359 | ε 0.050 | loss 0.00001 | buf 100,000 | 3897s
[agent] Checkpoint saved → online_RL/runs/20260525_224449/dqn_ep37000.pt
[train] Returns plot → online_RL/runs/20260525_224449/returns.png
[train] Q-loss plot  → online_RL/runs/20260525_224449/q_loss.png
[train] Epsilon plot → online_RL/runs/20260525_224449/epsilon.png
Ep 37050/40000 | ret -1.1310 | avg(50) -2.1588 | ε 0.050 | loss 0.00002 | buf 100,000 | 3903s
Ep 37100/40000 | ret -4.7066 | avg(50) -2.3865 | ε 0.050 | loss 0.00019 | buf 100,000 | 3909s
Ep 37150/40000 | ret -1.3684 | avg(50) -2.6292 | ε 0.050 | loss 0.00001 | buf 100,000 | 3914s
Ep 37200/40000 | ret -1.1278 | avg(50) -2.2914 | ε 0.050 | loss 0.00001 | buf 100,000 | 3920s
Ep 37250/40000 | ret -1.7199 | avg(50) -2.0236 | ε 0.050 | loss 0.00001 | buf 100,000 | 3925s
Ep 37300/40000 | ret -5.3739 | avg(50) -2.1346 | ε 0.050 | loss 0.00001 | buf 100,000 | 3931s
Ep 37350/40000 | ret -1.1338 | avg(50) -2.3070 | ε 0.050 | loss 0.00001 | buf 100,000 | 3936s
Ep 37400/40000 | ret -1.1278 | avg(50) -1.9798 | ε 0.050 | loss 0.00001 | buf 100,000 | 3941s
Ep 37450/40000 | ret -3.2477 | avg(50) -2.1224 | ε 0.050 | loss 0.00001 | buf 100,000 | 3947s
Ep 37500/40000 | ret -1.1283 | avg(50) -2.3022 | ε 0.050 | loss 0.00002 | buf 100,000 | 3952s
[agent] Checkpoint saved → online_RL/runs/20260525_224449/dqn_ep37500.pt
[train] Returns plot → online_RL/runs/20260525_224449/returns.png
[train] Q-loss plot  → online_RL/runs/20260525_224449/q_loss.png
[train] Epsilon plot → online_RL/runs/20260525_224449/epsilon.png
Ep 37550/40000 | ret -3.5206 | avg(50) -1.8892 | ε 0.050 | loss 0.00001 | buf 100,000 | 3959s
Ep 37600/40000 | ret -1.1279 | avg(50) -2.5185 | ε 0.050 | loss 0.00003 | buf 100,000 | 3964s
Ep 37650/40000 | ret -1.1283 | avg(50) -2.2510 | ε 0.050 | loss 0.00001 | buf 100,000 | 3970s
Ep 37700/40000 | ret -2.8540 | avg(50) -2.1666 | ε 0.050 | loss 0.00001 | buf 100,000 | 3975s
Ep 37750/40000 | ret -1.1295 | avg(50) -1.8836 | ε 0.050 | loss 0.00001 | buf 100,000 | 3981s
Ep 37800/40000 | ret -9.8094 | avg(50) -2.4415 | ε 0.050 | loss 0.00001 | buf 100,000 | 3986s
Ep 37850/40000 | ret -1.4566 | avg(50) -2.3376 | ε 0.050 | loss 0.00002 | buf 100,000 | 3992s
Ep 37900/40000 | ret -4.1694 | avg(50) -2.0791 | ε 0.050 | loss 0.00001 | buf 100,000 | 3997s
Ep 37950/40000 | ret -1.1295 | avg(50) -2.1457 | ε 0.050 | loss 0.00002 | buf 100,000 | 4003s
Ep 38000/40000 | ret -3.9784 | avg(50) -2.1562 | ε 0.050 | loss 0.00003 | buf 100,000 | 4009s
[agent] Checkpoint saved → online_RL/runs/20260525_224449/dqn_ep38000.pt
[train] Returns plot → online_RL/runs/20260525_224449/returns.png
[train] Q-loss plot  → online_RL/runs/20260525_224449/q_loss.png
[train] Epsilon plot → online_RL/runs/20260525_224449/epsilon.png
Ep 38050/40000 | ret -2.9048 | avg(50) -2.0883 | ε 0.050 | loss 0.00001 | buf 100,000 | 4015s
Ep 38100/40000 | ret -1.1309 | avg(50) -2.3824 | ε 0.050 | loss 0.00002 | buf 100,000 | 4021s
Ep 38150/40000 | ret -1.1278 | avg(50) -2.0999 | ε 0.050 | loss 0.00001 | buf 100,000 | 4026s
Ep 38200/40000 | ret -1.1283 | avg(50) -1.8296 | ε 0.050 | loss 0.00000 | buf 100,000 | 4032s
Ep 38250/40000 | ret -3.0289 | avg(50) -2.6510 | ε 0.050 | loss 0.00001 | buf 100,000 | 4037s
Ep 38300/40000 | ret -2.4430 | avg(50) -2.1959 | ε 0.050 | loss 0.00001 | buf 100,000 | 4043s
Ep 38350/40000 | ret -1.1283 | avg(50) -1.8558 | ε 0.050 | loss 0.00001 | buf 100,000 | 4048s
Ep 38400/40000 | ret -1.1694 | avg(50) -1.9194 | ε 0.050 | loss 0.00009 | buf 100,000 | 4054s
Ep 38450/40000 | ret -1.1278 | avg(50) -2.2797 | ε 0.050 | loss 0.00001 | buf 100,000 | 4059s
Ep 38500/40000 | ret -5.4989 | avg(50) -2.0497 | ε 0.050 | loss 0.00000 | buf 100,000 | 4065s
[agent] Checkpoint saved → online_RL/runs/20260525_224449/dqn_ep38500.pt
[train] Returns plot → online_RL/runs/20260525_224449/returns.png
[train] Q-loss plot  → online_RL/runs/20260525_224449/q_loss.png
[train] Epsilon plot → online_RL/runs/20260525_224449/epsilon.png
Ep 38550/40000 | ret -1.1278 | avg(50) -2.4457 | ε 0.050 | loss 0.00000 | buf 100,000 | 4072s
Ep 38600/40000 | ret -1.1283 | avg(50) -1.7714 | ε 0.050 | loss 0.00001 | buf 100,000 | 4077s
Ep 38650/40000 | ret -6.7253 | avg(50) -2.4718 | ε 0.050 | loss 0.00001 | buf 100,000 | 4083s
Ep 38700/40000 | ret -1.1310 | avg(50) -2.5363 | ε 0.050 | loss 0.00001 | buf 100,000 | 4088s
Ep 38750/40000 | ret -1.1278 | avg(50) -1.9235 | ε 0.050 | loss 0.00001 | buf 100,000 | 4094s
Ep 38800/40000 | ret -4.4829 | avg(50) -2.1624 | ε 0.050 | loss 0.00001 | buf 100,000 | 4099s
Ep 38850/40000 | ret -1.1283 | avg(50) -2.1107 | ε 0.050 | loss 0.00001 | buf 100,000 | 4105s
Ep 38900/40000 | ret -3.5360 | avg(50) -1.9730 | ε 0.050 | loss 0.00001 | buf 100,000 | 4110s
Ep 38950/40000 | ret -2.7935 | avg(50) -1.9408 | ε 0.050 | loss 0.00001 | buf 100,000 | 4116s
Ep 39000/40000 | ret -4.2225 | avg(50) -2.3567 | ε 0.050 | loss 0.00002 | buf 100,000 | 4121s
[agent] Checkpoint saved → online_RL/runs/20260525_224449/dqn_ep39000.pt
[train] Returns plot → online_RL/runs/20260525_224449/returns.png
[train] Q-loss plot  → online_RL/runs/20260525_224449/q_loss.png
[train] Epsilon plot → online_RL/runs/20260525_224449/epsilon.png
Ep 39050/40000 | ret -1.1320 | avg(50) -2.4347 | ε 0.050 | loss 0.00001 | buf 100,000 | 4128s
Ep 39100/40000 | ret -2.2628 | avg(50) -2.0980 | ε 0.050 | loss 0.00039 | buf 100,000 | 4134s
Ep 39150/40000 | ret -1.7215 | avg(50) -2.2524 | ε 0.050 | loss 0.00002 | buf 100,000 | 4139s
Ep 39200/40000 | ret -3.5203 | avg(50) -1.8302 | ε 0.050 | loss 0.00001 | buf 100,000 | 4145s
Ep 39250/40000 | ret -1.1283 | avg(50) -2.2514 | ε 0.050 | loss 0.00000 | buf 100,000 | 4150s
Ep 39300/40000 | ret -1.1310 | avg(50) -1.8795 | ε 0.050 | loss 0.00001 | buf 100,000 | 4156s
Ep 39350/40000 | ret -1.1283 | avg(50) -2.2165 | ε 0.050 | loss 0.00001 | buf 100,000 | 4161s
Ep 39400/40000 | ret -1.1283 | avg(50) -1.9181 | ε 0.050 | loss 0.00000 | buf 100,000 | 4167s
Ep 39450/40000 | ret -3.0567 | avg(50) -2.1334 | ε 0.050 | loss 0.00001 | buf 100,000 | 4172s
Ep 39500/40000 | ret -1.1295 | avg(50) -2.1114 | ε 0.050 | loss 0.00001 | buf 100,000 | 4178s
[agent] Checkpoint saved → online_RL/runs/20260525_224449/dqn_ep39500.pt
[train] Returns plot → online_RL/runs/20260525_224449/returns.png
[train] Q-loss plot  → online_RL/runs/20260525_224449/q_loss.png
[train] Epsilon plot → online_RL/runs/20260525_224449/epsilon.png
Ep 39550/40000 | ret -1.1295 | avg(50) -1.6170 | ε 0.050 | loss 0.00002 | buf 100,000 | 4185s
Ep 39600/40000 | ret -1.1310 | avg(50) -2.3011 | ε 0.050 | loss 0.00016 | buf 100,000 | 4190s
Ep 39650/40000 | ret -1.1278 | avg(50) -2.3767 | ε 0.050 | loss 0.00003 | buf 100,000 | 4196s
Ep 39700/40000 | ret -1.1283 | avg(50) -2.4701 | ε 0.050 | loss 0.00002 | buf 100,000 | 4201s
Ep 39750/40000 | ret -1.1320 | avg(50) -2.3579 | ε 0.050 | loss 0.00001 | buf 100,000 | 4207s
Ep 39800/40000 | ret -1.1283 | avg(50) -2.1571 | ε 0.050 | loss 0.00001 | buf 100,000 | 4212s
Ep 39850/40000 | ret -1.1278 | avg(50) -2.1456 | ε 0.050 | loss 0.00001 | buf 100,000 | 4218s
Ep 39900/40000 | ret -1.1283 | avg(50) -2.1928 | ε 0.050 | loss 0.00001 | buf 100,000 | 4223s
Ep 39950/40000 | ret -1.8341 | avg(50) -2.3539 | ε 0.050 | loss 0.00001 | buf 100,000 | 4229s
Ep 40000/40000 | ret -3.2786 | avg(50) -2.0715 | ε 0.050 | loss 0.00001 | buf 100,000 | 4234s
[agent] Checkpoint saved → online_RL/runs/20260525_224449/dqn_ep40000.pt
[train] Returns plot → online_RL/runs/20260525_224449/returns.png
[train] Q-loss plot  → online_RL/runs/20260525_224449/q_loss.png
[train] Epsilon plot → online_RL/runs/20260525_224449/epsilon.png
[agent] Checkpoint saved → online_RL/runs/20260525_224449/dqn_final.pt
[train] Returns plot → online_RL/runs/20260525_224449/returns.png
[train] Q-loss plot  → online_RL/runs/20260525_224449/q_loss.png
[train] Epsilon plot → online_RL/runs/20260525_224449/epsilon.png

=================================================================
[train] Training complete in 70.6 min
[train] Best episode return : -1.1278
[train] Best checkpoint     : online_RL/runs/20260525_224449/dqn_best.pt
[train] Final checkpoint    : online_RL/runs/20260525_224449/dqn_final.pt
=================================================================
============================================================
Training finished: Mon May 25 23:55:28 EDT 2026  (exit code: 0)
============================================================
