============================================================
Job ID   : 51265161
Node     : gl1010
Started  : Mon Jun  1 23:48:43 EDT 2026
============================================================
Python   : /home/xysong/.conda/envs/RL/bin/python
Torch    : 2.5.1+cu121
CUDA     : True
GPU      : Tesla V100-PCIE-16GB
============================================================
=================================================================
[train] Online DQN — LPBF Laser-Power Controller
[train] Output dir  : online_RL/runs/20260601_234854
[train] Device      : cuda
[train] Mode        : penalty  (λ=0.1)
=================================================================

[train] Loading surrogate: surrogate_model_latent/runs/20260601_162903/latent_best.pt
[train] Surrogate   : EnsembleLatentDynamicsModel(state=1053, latent=32, action=1, K=5, n_layers=12, embed=8 | enc=676,384  trans×5=552,320  dec=677,405 | total=1,906,109)
[LPBFEnv] Mesh loaded: 1053 nodes  X∈[0.00, 12.00]  Y∈[0.00, 3.00]
[train] Action space : 26 actions  (150–400 W)
[train] Temp window  : [2000, 2800] K
[train] obs_dim      : 1054  (1053 nodes + 1 layer token)
[train] QNet(state_dim=1054, num_actions=26, hidden=256, depth=4, n_layers=12, layer_embed_dim=8, params=809,594)
[train] ReplayBuffer(capacity=100,000, size=0, state_dim=1054)

[train] Starting 40000 episodes  (warmup=1000, Double-DQN=True, target_update_freq=10)
-----------------------------------------------------------------
Ep     1/40000 | ret -7.9781 | avg(1) -7.9781 | ε 1.000 | loss nan | σ_norm 1.017 | buf 12 | 0s [warmup]
Ep    50/40000 | ret -6.9122 | avg(50) -8.5418 | ε 1.000 | loss nan | σ_norm 1.033 | buf 600 | 3s [warmup]
Ep   100/40000 | ret -7.8604 | avg(50) -8.7937 | ε 1.000 | loss nan | σ_norm 1.012 | buf 1,200 | 7s [warmup]
Ep   150/40000 | ret -6.4315 | avg(50) -7.9768 | ε 1.000 | loss nan | σ_norm 0.993 | buf 1,800 | 10s [warmup]
Ep   200/40000 | ret -13.2582 | avg(50) -8.4874 | ε 1.000 | loss nan | σ_norm 1.006 | buf 2,400 | 13s [warmup]
Ep   250/40000 | ret -7.8736 | avg(50) -8.2763 | ε 1.000 | loss nan | σ_norm 1.000 | buf 3,000 | 16s [warmup]
Ep   300/40000 | ret -14.5962 | avg(50) -8.5607 | ε 1.000 | loss nan | σ_norm 1.003 | buf 3,600 | 19s [warmup]
Ep   350/40000 | ret -6.5770 | avg(50) -8.4604 | ε 1.000 | loss nan | σ_norm 0.995 | buf 4,200 | 22s [warmup]
Ep   400/40000 | ret -11.4797 | avg(50) -8.2664 | ε 1.000 | loss nan | σ_norm 1.002 | buf 4,800 | 26s [warmup]
Ep   450/40000 | ret -6.1628 | avg(50) -8.8885 | ε 1.000 | loss nan | σ_norm 0.989 | buf 5,400 | 29s [warmup]
Ep   500/40000 | ret -6.4721 | avg(50) -8.4932 | ε 1.000 | loss nan | σ_norm 1.008 | buf 6,000 | 32s [warmup]
[agent] Checkpoint saved → online_RL/runs/20260601_234854/dqn_ep00500.pt
[train] Returns plot → online_RL/runs/20260601_234854/returns.png
[train] Epsilon plot → online_RL/runs/20260601_234854/epsilon.png
[train] Epistemic-std plot → online_RL/runs/20260601_234854/epistemic_std.png
Ep   550/40000 | ret -7.9358 | avg(50) -8.4950 | ε 1.000 | loss nan | σ_norm 1.003 | buf 6,600 | 36s [warmup]
Ep   600/40000 | ret -9.2612 | avg(50) -8.7894 | ε 1.000 | loss nan | σ_norm 0.992 | buf 7,200 | 39s [warmup]
Ep   650/40000 | ret -8.1666 | avg(50) -8.1247 | ε 1.000 | loss nan | σ_norm 1.012 | buf 7,800 | 42s [warmup]
Ep   700/40000 | ret -7.1361 | avg(50) -8.5061 | ε 1.000 | loss nan | σ_norm 0.996 | buf 8,400 | 45s [warmup]
Ep   750/40000 | ret -4.8447 | avg(50) -8.2149 | ε 1.000 | loss nan | σ_norm 0.996 | buf 9,000 | 49s [warmup]
Ep   800/40000 | ret -4.2433 | avg(50) -8.6948 | ε 1.000 | loss nan | σ_norm 1.003 | buf 9,600 | 52s [warmup]
Ep   850/40000 | ret -6.1947 | avg(50) -8.2336 | ε 1.000 | loss nan | σ_norm 1.000 | buf 10,200 | 55s [warmup]
Ep   900/40000 | ret -10.9521 | avg(50) -8.5459 | ε 1.000 | loss nan | σ_norm 0.994 | buf 10,800 | 58s [warmup]
Ep   950/40000 | ret -6.8353 | avg(50) -8.4542 | ε 1.000 | loss nan | σ_norm 1.002 | buf 11,400 | 62s [warmup]
Ep  1000/40000 | ret -11.7634 | avg(50) -8.4255 | ε 1.000 | loss nan | σ_norm 1.002 | buf 12,000 | 65s [warmup]
[agent] Checkpoint saved → online_RL/runs/20260601_234854/dqn_ep01000.pt
[train] Returns plot → online_RL/runs/20260601_234854/returns.png
[train] Epsilon plot → online_RL/runs/20260601_234854/epsilon.png
[train] Epistemic-std plot → online_RL/runs/20260601_234854/epistemic_std.png
[agent] Checkpoint saved → online_RL/runs/20260601_234854/dqn_best.pt
[agent] Checkpoint saved → online_RL/runs/20260601_234854/dqn_best.pt
[agent] Checkpoint saved → online_RL/runs/20260601_234854/dqn_best.pt
[agent] Checkpoint saved → online_RL/runs/20260601_234854/dqn_best.pt
Ep  1050/40000 | ret -5.0234 | avg(50) -8.2362 | ε 0.997 | loss 0.00088 | σ_norm 1.011 | buf 12,600 | 74s
Ep  1100/40000 | ret -15.7180 | avg(50) -8.8824 | ε 0.994 | loss 0.00108 | σ_norm 0.994 | buf 13,200 | 82s
Ep  1150/40000 | ret -7.7605 | avg(50) -8.6670 | ε 0.991 | loss 0.00053 | σ_norm 1.000 | buf 13,800 | 90s
[agent] Checkpoint saved → online_RL/runs/20260601_234854/dqn_best.pt
Ep  1200/40000 | ret -10.5326 | avg(50) -8.2457 | ε 0.989 | loss 0.00065 | σ_norm 0.997 | buf 14,400 | 99s
Ep  1250/40000 | ret -7.3520 | avg(50) -8.6852 | ε 0.986 | loss 0.00040 | σ_norm 0.998 | buf 15,000 | 107s
[agent] Checkpoint saved → online_RL/runs/20260601_234854/dqn_best.pt
Ep  1300/40000 | ret -7.9168 | avg(50) -8.1760 | ε 0.983 | loss 0.00055 | σ_norm 0.998 | buf 15,600 | 115s
Ep  1350/40000 | ret -10.1089 | avg(50) -7.7160 | ε 0.980 | loss 0.00068 | σ_norm 1.000 | buf 16,200 | 123s
Ep  1400/40000 | ret -10.4587 | avg(50) -8.2538 | ε 0.977 | loss 0.00038 | σ_norm 1.002 | buf 16,800 | 131s
Ep  1450/40000 | ret -6.9218 | avg(50) -7.6609 | ε 0.974 | loss 0.00030 | σ_norm 0.996 | buf 17,400 | 139s
Ep  1500/40000 | ret -7.0795 | avg(50) -8.1395 | ε 0.972 | loss 0.00021 | σ_norm 0.999 | buf 18,000 | 147s
[agent] Checkpoint saved → online_RL/runs/20260601_234854/dqn_ep01500.pt
[train] Returns plot → online_RL/runs/20260601_234854/returns.png
[train] Q-loss plot  → online_RL/runs/20260601_234854/q_loss.png
[train] Epsilon plot → online_RL/runs/20260601_234854/epsilon.png
[train] Epistemic-std plot → online_RL/runs/20260601_234854/epistemic_std.png
Ep  1550/40000 | ret -5.9006 | avg(50) -7.8975 | ε 0.969 | loss 0.00030 | σ_norm 0.999 | buf 18,600 | 157s
Ep  1600/40000 | ret -5.3901 | avg(50) -8.2223 | ε 0.966 | loss 0.00023 | σ_norm 1.005 | buf 19,200 | 165s
Ep  1650/40000 | ret -3.7090 | avg(50) -7.7869 | ε 0.963 | loss 0.00047 | σ_norm 1.004 | buf 19,800 | 173s
Ep  1700/40000 | ret -9.6757 | avg(50) -7.9118 | ε 0.960 | loss 0.00078 | σ_norm 0.986 | buf 20,400 | 181s
Ep  1750/40000 | ret -5.9828 | avg(50) -8.2500 | ε 0.957 | loss 0.00019 | σ_norm 1.015 | buf 21,000 | 189s
Ep  1800/40000 | ret -14.3289 | avg(50) -7.5715 | ε 0.954 | loss 0.00022 | σ_norm 0.993 | buf 21,600 | 197s
Ep  1850/40000 | ret -6.4979 | avg(50) -7.3243 | ε 0.952 | loss 0.00071 | σ_norm 1.010 | buf 22,200 | 205s
Ep  1900/40000 | ret -11.0993 | avg(50) -7.7880 | ε 0.949 | loss 0.00012 | σ_norm 0.999 | buf 22,800 | 213s
Ep  1950/40000 | ret -5.5786 | avg(50) -7.9850 | ε 0.946 | loss 0.00011 | σ_norm 0.995 | buf 23,400 | 222s
Ep  2000/40000 | ret -7.3864 | avg(50) -7.4706 | ε 0.943 | loss 0.00010 | σ_norm 1.001 | buf 24,000 | 230s
[agent] Checkpoint saved → online_RL/runs/20260601_234854/dqn_ep02000.pt
[train] Returns plot → online_RL/runs/20260601_234854/returns.png
[train] Q-loss plot  → online_RL/runs/20260601_234854/q_loss.png
[train] Epsilon plot → online_RL/runs/20260601_234854/epsilon.png
[train] Epistemic-std plot → online_RL/runs/20260601_234854/epistemic_std.png
[agent] Checkpoint saved → online_RL/runs/20260601_234854/dqn_best.pt
Ep  2050/40000 | ret -10.4089 | avg(50) -8.2563 | ε 0.940 | loss 0.00029 | σ_norm 1.000 | buf 24,600 | 239s
Ep  2100/40000 | ret -10.0310 | avg(50) -7.8508 | ε 0.937 | loss 0.00017 | σ_norm 1.006 | buf 25,200 | 247s
Ep  2150/40000 | ret -4.0509 | avg(50) -7.6203 | ε 0.934 | loss 0.00014 | σ_norm 0.992 | buf 25,800 | 256s
Ep  2200/40000 | ret -4.9525 | avg(50) -8.2303 | ε 0.932 | loss 0.00020 | σ_norm 0.995 | buf 26,400 | 264s
Ep  2250/40000 | ret -7.6422 | avg(50) -7.2714 | ε 0.929 | loss 0.00015 | σ_norm 0.995 | buf 27,000 | 272s
Ep  2300/40000 | ret -3.9339 | avg(50) -7.5054 | ε 0.926 | loss 0.00008 | σ_norm 1.007 | buf 27,600 | 280s
[agent] Checkpoint saved → online_RL/runs/20260601_234854/dqn_best.pt
Ep  2350/40000 | ret -7.4931 | avg(50) -7.6102 | ε 0.923 | loss 0.00012 | σ_norm 0.993 | buf 28,200 | 288s
[agent] Checkpoint saved → online_RL/runs/20260601_234854/dqn_best.pt
Ep  2400/40000 | ret -10.9784 | avg(50) -6.6104 | ε 0.920 | loss 0.00020 | σ_norm 0.999 | buf 28,800 | 297s
Ep  2450/40000 | ret -7.0334 | avg(50) -7.6169 | ε 0.917 | loss 0.00008 | σ_norm 1.004 | buf 29,400 | 305s
Ep  2500/40000 | ret -4.6952 | avg(50) -7.6268 | ε 0.915 | loss 0.00010 | σ_norm 0.998 | buf 30,000 | 313s
[agent] Checkpoint saved → online_RL/runs/20260601_234854/dqn_ep02500.pt
[train] Returns plot → online_RL/runs/20260601_234854/returns.png
[train] Q-loss plot  → online_RL/runs/20260601_234854/q_loss.png
[train] Epsilon plot → online_RL/runs/20260601_234854/epsilon.png
[train] Epistemic-std plot → online_RL/runs/20260601_234854/epistemic_std.png
Ep  2550/40000 | ret -3.4020 | avg(50) -7.6073 | ε 0.912 | loss 0.00007 | σ_norm 1.004 | buf 30,600 | 323s
Ep  2600/40000 | ret -6.1249 | avg(50) -8.0423 | ε 0.909 | loss 0.00007 | σ_norm 1.000 | buf 31,200 | 331s
Ep  2650/40000 | ret -8.3183 | avg(50) -7.4516 | ε 0.906 | loss 0.00022 | σ_norm 0.993 | buf 31,800 | 339s
Ep  2700/40000 | ret -4.1330 | avg(50) -7.9138 | ε 0.903 | loss 0.00007 | σ_norm 1.002 | buf 32,400 | 347s
Ep  2750/40000 | ret -2.5425 | avg(50) -7.1121 | ε 0.900 | loss 0.00015 | σ_norm 1.000 | buf 33,000 | 355s
Ep  2800/40000 | ret -2.2774 | avg(50) -7.7527 | ε 0.897 | loss 0.00013 | σ_norm 1.001 | buf 33,600 | 364s
Ep  2850/40000 | ret -10.1640 | avg(50) -7.4743 | ε 0.895 | loss 0.00005 | σ_norm 1.006 | buf 34,200 | 372s
Ep  2900/40000 | ret -4.6740 | avg(50) -6.8771 | ε 0.892 | loss 0.00007 | σ_norm 0.994 | buf 34,800 | 380s
Ep  2950/40000 | ret -7.8819 | avg(50) -7.0015 | ε 0.889 | loss 0.00013 | σ_norm 1.007 | buf 35,400 | 388s
Ep  3000/40000 | ret -7.8771 | avg(50) -7.3803 | ε 0.886 | loss 0.00007 | σ_norm 0.993 | buf 36,000 | 397s
[agent] Checkpoint saved → online_RL/runs/20260601_234854/dqn_ep03000.pt
[train] Returns plot → online_RL/runs/20260601_234854/returns.png
[train] Q-loss plot  → online_RL/runs/20260601_234854/q_loss.png
[train] Epsilon plot → online_RL/runs/20260601_234854/epsilon.png
[train] Epistemic-std plot → online_RL/runs/20260601_234854/epistemic_std.png
Ep  3050/40000 | ret -6.2612 | avg(50) -6.8421 | ε 0.883 | loss 0.00003 | σ_norm 1.002 | buf 36,600 | 406s
Ep  3100/40000 | ret -4.8601 | avg(50) -7.0233 | ε 0.880 | loss 0.00007 | σ_norm 1.001 | buf 37,200 | 414s
Ep  3150/40000 | ret -9.0709 | avg(50) -6.7844 | ε 0.877 | loss 0.00011 | σ_norm 0.999 | buf 37,800 | 422s
Ep  3200/40000 | ret -1.8799 | avg(50) -7.1275 | ε 0.875 | loss 0.00012 | σ_norm 1.001 | buf 38,400 | 431s
Ep  3250/40000 | ret -5.7128 | avg(50) -7.2278 | ε 0.872 | loss 0.00004 | σ_norm 0.993 | buf 39,000 | 439s
Ep  3300/40000 | ret -7.1306 | avg(50) -7.1936 | ε 0.869 | loss 0.00004 | σ_norm 1.007 | buf 39,600 | 447s
Ep  3350/40000 | ret -6.1838 | avg(50) -6.5930 | ε 0.866 | loss 0.00003 | σ_norm 1.005 | buf 40,200 | 455s
Ep  3400/40000 | ret -5.6601 | avg(50) -6.9149 | ε 0.863 | loss 0.00008 | σ_norm 0.999 | buf 40,800 | 464s
[agent] Checkpoint saved → online_RL/runs/20260601_234854/dqn_best.pt
Ep  3450/40000 | ret -6.2090 | avg(50) -6.8025 | ε 0.860 | loss 0.00014 | σ_norm 0.994 | buf 41,400 | 472s
Ep  3500/40000 | ret -6.0420 | avg(50) -6.8730 | ε 0.858 | loss 0.00002 | σ_norm 1.007 | buf 42,000 | 480s
[agent] Checkpoint saved → online_RL/runs/20260601_234854/dqn_ep03500.pt
[train] Returns plot → online_RL/runs/20260601_234854/returns.png
[train] Q-loss plot  → online_RL/runs/20260601_234854/q_loss.png
[train] Epsilon plot → online_RL/runs/20260601_234854/epsilon.png
[train] Epistemic-std plot → online_RL/runs/20260601_234854/epistemic_std.png
Ep  3550/40000 | ret -9.5320 | avg(50) -6.8621 | ε 0.855 | loss 0.00012 | σ_norm 0.985 | buf 42,600 | 490s
Ep  3600/40000 | ret -5.9287 | avg(50) -6.4023 | ε 0.852 | loss 0.00002 | σ_norm 1.004 | buf 43,200 | 498s
Ep  3650/40000 | ret -3.6883 | avg(50) -6.6811 | ε 0.849 | loss 0.00007 | σ_norm 1.008 | buf 43,800 | 506s
Ep  3700/40000 | ret -4.7676 | avg(50) -6.8013 | ε 0.846 | loss 0.00003 | σ_norm 1.001 | buf 44,400 | 515s
Ep  3750/40000 | ret -11.1792 | avg(50) -7.0172 | ε 0.843 | loss 0.00003 | σ_norm 1.000 | buf 45,000 | 523s
Ep  3800/40000 | ret -5.7004 | avg(50) -7.1423 | ε 0.840 | loss 0.00008 | σ_norm 0.997 | buf 45,600 | 531s
Ep  3850/40000 | ret -6.7417 | avg(50) -7.1889 | ε 0.838 | loss 0.00003 | σ_norm 1.002 | buf 46,200 | 540s
Ep  3900/40000 | ret -5.3457 | avg(50) -6.8629 | ε 0.835 | loss 0.00005 | σ_norm 0.998 | buf 46,800 | 548s
Ep  3950/40000 | ret -2.8135 | avg(50) -6.9061 | ε 0.832 | loss 0.00003 | σ_norm 1.009 | buf 47,400 | 556s
Ep  4000/40000 | ret -12.4960 | avg(50) -7.4661 | ε 0.829 | loss 0.00003 | σ_norm 0.993 | buf 48,000 | 564s
[agent] Checkpoint saved → online_RL/runs/20260601_234854/dqn_ep04000.pt
[train] Returns plot → online_RL/runs/20260601_234854/returns.png
[train] Q-loss plot  → online_RL/runs/20260601_234854/q_loss.png
[train] Epsilon plot → online_RL/runs/20260601_234854/epsilon.png
[train] Epistemic-std plot → online_RL/runs/20260601_234854/epistemic_std.png
Ep  4050/40000 | ret -7.2374 | avg(50) -6.4669 | ε 0.826 | loss 0.00004 | σ_norm 1.004 | buf 48,600 | 574s
Ep  4100/40000 | ret -4.9483 | avg(50) -6.8583 | ε 0.823 | loss 0.00004 | σ_norm 0.993 | buf 49,200 | 582s
Ep  4150/40000 | ret -6.6624 | avg(50) -7.0730 | ε 0.820 | loss 0.00012 | σ_norm 1.005 | buf 49,800 | 591s
Ep  4200/40000 | ret -12.6179 | avg(50) -7.1331 | ε 0.818 | loss 0.00005 | σ_norm 0.995 | buf 50,400 | 599s
Ep  4250/40000 | ret -7.0025 | avg(50) -7.4830 | ε 0.815 | loss 0.00009 | σ_norm 1.005 | buf 51,000 | 607s
Ep  4300/40000 | ret -6.3194 | avg(50) -6.2916 | ε 0.812 | loss 0.00006 | σ_norm 0.997 | buf 51,600 | 615s
Ep  4350/40000 | ret -5.1836 | avg(50) -6.9683 | ε 0.809 | loss 0.00003 | σ_norm 0.997 | buf 52,200 | 624s
Ep  4400/40000 | ret -9.8525 | avg(50) -6.4413 | ε 0.806 | loss 0.00005 | σ_norm 1.002 | buf 52,800 | 632s
Ep  4450/40000 | ret -8.0060 | avg(50) -7.2274 | ε 0.803 | loss 0.00006 | σ_norm 1.003 | buf 53,400 | 640s
Ep  4500/40000 | ret -6.6003 | avg(50) -6.7243 | ε 0.801 | loss 0.00001 | σ_norm 1.000 | buf 54,000 | 649s
[agent] Checkpoint saved → online_RL/runs/20260601_234854/dqn_ep04500.pt
[train] Returns plot → online_RL/runs/20260601_234854/returns.png
[train] Q-loss plot  → online_RL/runs/20260601_234854/q_loss.png
[train] Epsilon plot → online_RL/runs/20260601_234854/epsilon.png
[train] Epistemic-std plot → online_RL/runs/20260601_234854/epistemic_std.png
Ep  4550/40000 | ret -5.4332 | avg(50) -6.3474 | ε 0.798 | loss 0.00003 | σ_norm 0.999 | buf 54,600 | 658s
Ep  4600/40000 | ret -12.9591 | avg(50) -7.4354 | ε 0.795 | loss 0.00002 | σ_norm 0.998 | buf 55,200 | 667s
Ep  4650/40000 | ret -6.8217 | avg(50) -7.1996 | ε 0.792 | loss 0.00010 | σ_norm 1.005 | buf 55,800 | 675s
Ep  4700/40000 | ret -3.1120 | avg(50) -6.4226 | ε 0.789 | loss 0.00002 | σ_norm 1.000 | buf 56,400 | 683s
Ep  4750/40000 | ret -2.2132 | avg(50) -6.2931 | ε 0.786 | loss 0.00005 | σ_norm 0.993 | buf 57,000 | 691s
Ep  4800/40000 | ret -5.2372 | avg(50) -6.1550 | ε 0.783 | loss 0.00002 | σ_norm 0.997 | buf 57,600 | 700s
Ep  4850/40000 | ret -3.2071 | avg(50) -6.1411 | ε 0.781 | loss 0.00004 | σ_norm 1.003 | buf 58,200 | 708s
Ep  4900/40000 | ret -7.4205 | avg(50) -5.7575 | ε 0.778 | loss 0.00005 | σ_norm 1.001 | buf 58,800 | 717s
Ep  4950/40000 | ret -5.2866 | avg(50) -6.2564 | ε 0.775 | loss 0.00002 | σ_norm 1.004 | buf 59,400 | 725s
Ep  5000/40000 | ret -3.6831 | avg(50) -5.9829 | ε 0.772 | loss 0.00002 | σ_norm 1.001 | buf 60,000 | 733s
[agent] Checkpoint saved → online_RL/runs/20260601_234854/dqn_ep05000.pt
[train] Returns plot → online_RL/runs/20260601_234854/returns.png
[train] Q-loss plot  → online_RL/runs/20260601_234854/q_loss.png
[train] Epsilon plot → online_RL/runs/20260601_234854/epsilon.png
[train] Epistemic-std plot → online_RL/runs/20260601_234854/epistemic_std.png
[agent] Checkpoint saved → online_RL/runs/20260601_234854/dqn_best.pt
Ep  5050/40000 | ret -6.4037 | avg(50) -6.0269 | ε 0.769 | loss 0.00007 | σ_norm 0.997 | buf 60,600 | 743s
Ep  5100/40000 | ret -11.0578 | avg(50) -6.3734 | ε 0.766 | loss 0.00002 | σ_norm 0.997 | buf 61,200 | 751s
Ep  5150/40000 | ret -9.0548 | avg(50) -6.3821 | ε 0.763 | loss 0.00002 | σ_norm 0.999 | buf 61,800 | 760s
Ep  5200/40000 | ret -5.2449 | avg(50) -6.6128 | ε 0.761 | loss 0.00003 | σ_norm 1.009 | buf 62,400 | 768s
Ep  5250/40000 | ret -2.2508 | avg(50) -6.0680 | ε 0.758 | loss 0.00002 | σ_norm 0.997 | buf 63,000 | 776s
Ep  5300/40000 | ret -6.3500 | avg(50) -6.2782 | ε 0.755 | loss 0.00004 | σ_norm 0.997 | buf 63,600 | 785s
Ep  5350/40000 | ret -12.3587 | avg(50) -5.7791 | ε 0.752 | loss 0.00005 | σ_norm 0.998 | buf 64,200 | 793s
Ep  5400/40000 | ret -6.1087 | avg(50) -5.5998 | ε 0.749 | loss 0.00004 | σ_norm 0.998 | buf 64,800 | 802s
Ep  5450/40000 | ret -5.0381 | avg(50) -5.8079 | ε 0.746 | loss 0.00003 | σ_norm 1.001 | buf 65,400 | 810s
Ep  5500/40000 | ret -5.4024 | avg(50) -5.5900 | ε 0.744 | loss 0.00004 | σ_norm 1.001 | buf 66,000 | 818s
[agent] Checkpoint saved → online_RL/runs/20260601_234854/dqn_ep05500.pt
[train] Returns plot → online_RL/runs/20260601_234854/returns.png
[train] Q-loss plot  → online_RL/runs/20260601_234854/q_loss.png
[train] Epsilon plot → online_RL/runs/20260601_234854/epsilon.png
[train] Epistemic-std plot → online_RL/runs/20260601_234854/epistemic_std.png
[agent] Checkpoint saved → online_RL/runs/20260601_234854/dqn_best.pt
Ep  5550/40000 | ret -4.2347 | avg(50) -5.8134 | ε 0.741 | loss 0.00002 | σ_norm 0.999 | buf 66,600 | 828s
Ep  5600/40000 | ret -4.2944 | avg(50) -6.0491 | ε 0.738 | loss 0.00003 | σ_norm 1.003 | buf 67,200 | 837s
[agent] Checkpoint saved → online_RL/runs/20260601_234854/dqn_best.pt
Ep  5650/40000 | ret -5.6590 | avg(50) -6.0302 | ε 0.735 | loss 0.00004 | σ_norm 0.996 | buf 67,800 | 845s
Ep  5700/40000 | ret -6.2990 | avg(50) -6.0098 | ε 0.732 | loss 0.00003 | σ_norm 1.009 | buf 68,400 | 853s
Ep  5750/40000 | ret -2.9220 | avg(50) -5.5817 | ε 0.729 | loss 0.00002 | σ_norm 0.988 | buf 69,000 | 862s
Ep  5800/40000 | ret -8.5795 | avg(50) -6.2766 | ε 0.726 | loss 0.00003 | σ_norm 1.003 | buf 69,600 | 870s
Ep  5850/40000 | ret -3.7757 | avg(50) -6.1477 | ε 0.724 | loss 0.00005 | σ_norm 1.002 | buf 70,200 | 879s
Ep  5900/40000 | ret -1.6798 | avg(50) -5.2359 | ε 0.721 | loss 0.00002 | σ_norm 0.998 | buf 70,800 | 887s
Ep  5950/40000 | ret -1.4884 | avg(50) -5.9103 | ε 0.718 | loss 0.00002 | σ_norm 1.001 | buf 71,400 | 896s
Ep  6000/40000 | ret -6.6522 | avg(50) -5.9977 | ε 0.715 | loss 0.00002 | σ_norm 0.998 | buf 72,000 | 904s
[agent] Checkpoint saved → online_RL/runs/20260601_234854/dqn_ep06000.pt
[train] Returns plot → online_RL/runs/20260601_234854/returns.png
[train] Q-loss plot  → online_RL/runs/20260601_234854/q_loss.png
[train] Epsilon plot → online_RL/runs/20260601_234854/epsilon.png
[train] Epistemic-std plot → online_RL/runs/20260601_234854/epistemic_std.png
Ep  6050/40000 | ret -5.3051 | avg(50) -5.8967 | ε 0.712 | loss 0.00011 | σ_norm 1.003 | buf 72,600 | 914s
Ep  6100/40000 | ret -7.1117 | avg(50) -5.7434 | ε 0.709 | loss 0.00001 | σ_norm 1.005 | buf 73,200 | 922s
Ep  6150/40000 | ret -5.9848 | avg(50) -5.6650 | ε 0.706 | loss 0.00003 | σ_norm 0.985 | buf 73,800 | 931s
Ep  6200/40000 | ret -5.3766 | avg(50) -6.0288 | ε 0.704 | loss 0.00003 | σ_norm 1.009 | buf 74,400 | 939s
Ep  6250/40000 | ret -2.6317 | avg(50) -5.7151 | ε 0.701 | loss 0.00003 | σ_norm 1.002 | buf 75,000 | 948s
Ep  6300/40000 | ret -5.5626 | avg(50) -5.7600 | ε 0.698 | loss 0.00002 | σ_norm 1.000 | buf 75,600 | 956s
Ep  6350/40000 | ret -4.9129 | avg(50) -6.0299 | ε 0.695 | loss 0.00004 | σ_norm 0.999 | buf 76,200 | 965s
[agent] Checkpoint saved → online_RL/runs/20260601_234854/dqn_best.pt
Ep  6400/40000 | ret -7.7014 | avg(50) -5.4334 | ε 0.692 | loss 0.00002 | σ_norm 1.000 | buf 76,800 | 973s
Ep  6450/40000 | ret -3.3436 | avg(50) -5.7922 | ε 0.689 | loss 0.00003 | σ_norm 0.992 | buf 77,400 | 982s
Ep  6500/40000 | ret -6.3606 | avg(50) -6.3451 | ε 0.687 | loss 0.00001 | σ_norm 1.004 | buf 78,000 | 990s
[agent] Checkpoint saved → online_RL/runs/20260601_234854/dqn_ep06500.pt
[train] Returns plot → online_RL/runs/20260601_234854/returns.png
[train] Q-loss plot  → online_RL/runs/20260601_234854/q_loss.png
[train] Epsilon plot → online_RL/runs/20260601_234854/epsilon.png
[train] Epistemic-std plot → online_RL/runs/20260601_234854/epistemic_std.png
Ep  6550/40000 | ret -4.4697 | avg(50) -5.5861 | ε 0.684 | loss 0.00003 | σ_norm 1.004 | buf 78,600 | 1000s
Ep  6600/40000 | ret -6.6996 | avg(50) -5.5046 | ε 0.681 | loss 0.00002 | σ_norm 0.996 | buf 79,200 | 1009s
Ep  6650/40000 | ret -5.5255 | avg(50) -5.4790 | ε 0.678 | loss 0.00001 | σ_norm 0.996 | buf 79,800 | 1017s
Ep  6700/40000 | ret -1.6625 | avg(50) -5.1660 | ε 0.675 | loss 0.00003 | σ_norm 0.996 | buf 80,400 | 1025s
Ep  6750/40000 | ret -5.0638 | avg(50) -5.8373 | ε 0.672 | loss 0.00007 | σ_norm 1.007 | buf 81,000 | 1034s
Ep  6800/40000 | ret -4.6240 | avg(50) -5.0335 | ε 0.669 | loss 0.00003 | σ_norm 1.007 | buf 81,600 | 1042s
Ep  6850/40000 | ret -3.1797 | avg(50) -5.2626 | ε 0.667 | loss 0.00003 | σ_norm 0.990 | buf 82,200 | 1051s
Ep  6900/40000 | ret -6.2200 | avg(50) -5.0972 | ε 0.664 | loss 0.00001 | σ_norm 0.998 | buf 82,800 | 1059s
Ep  6950/40000 | ret -6.9187 | avg(50) -5.1651 | ε 0.661 | loss 0.00002 | σ_norm 1.008 | buf 83,400 | 1068s
Ep  7000/40000 | ret -6.1575 | avg(50) -6.0808 | ε 0.658 | loss 0.00003 | σ_norm 0.994 | buf 84,000 | 1076s
[agent] Checkpoint saved → online_RL/runs/20260601_234854/dqn_ep07000.pt
[train] Returns plot → online_RL/runs/20260601_234854/returns.png
[train] Q-loss plot  → online_RL/runs/20260601_234854/q_loss.png
[train] Epsilon plot → online_RL/runs/20260601_234854/epsilon.png
[train] Epistemic-std plot → online_RL/runs/20260601_234854/epistemic_std.png
Ep  7050/40000 | ret -6.7566 | avg(50) -5.3751 | ε 0.655 | loss 0.00002 | σ_norm 1.000 | buf 84,600 | 1086s
Ep  7100/40000 | ret -4.2496 | avg(50) -5.2621 | ε 0.652 | loss 0.00003 | σ_norm 0.998 | buf 85,200 | 1095s
Ep  7150/40000 | ret -6.2780 | avg(50) -4.9302 | ε 0.649 | loss 0.00001 | σ_norm 1.003 | buf 85,800 | 1103s
Ep  7200/40000 | ret -5.3602 | avg(50) -5.1434 | ε 0.647 | loss 0.00002 | σ_norm 1.007 | buf 86,400 | 1112s
Ep  7250/40000 | ret -7.1755 | avg(50) -4.8032 | ε 0.644 | loss 0.00003 | σ_norm 0.993 | buf 87,000 | 1120s
Ep  7300/40000 | ret -6.1182 | avg(50) -5.0404 | ε 0.641 | loss 0.00001 | σ_norm 0.999 | buf 87,600 | 1129s
Ep  7350/40000 | ret -6.2340 | avg(50) -5.2695 | ε 0.638 | loss 0.00002 | σ_norm 1.004 | buf 88,200 | 1138s
Ep  7400/40000 | ret -2.4937 | avg(50) -5.1431 | ε 0.635 | loss 0.00003 | σ_norm 0.996 | buf 88,800 | 1146s
Ep  7450/40000 | ret -10.8741 | avg(50) -5.1415 | ε 0.632 | loss 0.00002 | σ_norm 1.005 | buf 89,400 | 1155s
Ep  7500/40000 | ret -5.8926 | avg(50) -5.2068 | ε 0.630 | loss 0.00002 | σ_norm 0.994 | buf 90,000 | 1163s
[agent] Checkpoint saved → online_RL/runs/20260601_234854/dqn_ep07500.pt
[train] Returns plot → online_RL/runs/20260601_234854/returns.png
[train] Q-loss plot  → online_RL/runs/20260601_234854/q_loss.png
[train] Epsilon plot → online_RL/runs/20260601_234854/epsilon.png
[train] Epistemic-std plot → online_RL/runs/20260601_234854/epistemic_std.png
Ep  7550/40000 | ret -4.9077 | avg(50) -4.5713 | ε 0.627 | loss 0.00002 | σ_norm 1.000 | buf 90,600 | 1173s
Ep  7600/40000 | ret -5.5424 | avg(50) -4.7436 | ε 0.624 | loss 0.00004 | σ_norm 1.007 | buf 91,200 | 1181s
Ep  7650/40000 | ret -5.7528 | avg(50) -4.8723 | ε 0.621 | loss 0.00001 | σ_norm 0.983 | buf 91,800 | 1190s
Ep  7700/40000 | ret -3.5239 | avg(50) -5.5068 | ε 0.618 | loss 0.00003 | σ_norm 1.012 | buf 92,400 | 1198s
Ep  7750/40000 | ret -2.5542 | avg(50) -4.9429 | ε 0.615 | loss 0.00001 | σ_norm 0.999 | buf 93,000 | 1207s
Ep  7800/40000 | ret -5.0261 | avg(50) -4.9171 | ε 0.612 | loss 0.00005 | σ_norm 0.998 | buf 93,600 | 1216s
Ep  7850/40000 | ret -4.4137 | avg(50) -5.0336 | ε 0.610 | loss 0.00002 | σ_norm 0.997 | buf 94,200 | 1224s
Ep  7900/40000 | ret -6.5982 | avg(50) -4.6133 | ε 0.607 | loss 0.00002 | σ_norm 1.008 | buf 94,800 | 1233s
Ep  7950/40000 | ret -4.7651 | avg(50) -4.7965 | ε 0.604 | loss 0.00001 | σ_norm 1.002 | buf 95,400 | 1241s
Ep  8000/40000 | ret -5.4738 | avg(50) -5.2348 | ε 0.601 | loss 0.00001 | σ_norm 0.994 | buf 96,000 | 1250s
[agent] Checkpoint saved → online_RL/runs/20260601_234854/dqn_ep08000.pt
[train] Returns plot → online_RL/runs/20260601_234854/returns.png
[train] Q-loss plot  → online_RL/runs/20260601_234854/q_loss.png
[train] Epsilon plot → online_RL/runs/20260601_234854/epsilon.png
[train] Epistemic-std plot → online_RL/runs/20260601_234854/epistemic_std.png
Ep  8050/40000 | ret -7.7110 | avg(50) -4.3546 | ε 0.598 | loss 0.00001 | σ_norm 0.996 | buf 96,600 | 1260s
Ep  8100/40000 | ret -5.5887 | avg(50) -5.3864 | ε 0.595 | loss 0.00001 | σ_norm 1.005 | buf 97,200 | 1268s
Ep  8150/40000 | ret -4.2471 | avg(50) -4.4003 | ε 0.592 | loss 0.00002 | σ_norm 0.993 | buf 97,800 | 1277s
Ep  8200/40000 | ret -9.2047 | avg(50) -5.4084 | ε 0.590 | loss 0.00002 | σ_norm 1.010 | buf 98,400 | 1285s
Ep  8250/40000 | ret -2.7127 | avg(50) -4.6182 | ε 0.587 | loss 0.00001 | σ_norm 0.990 | buf 99,000 | 1294s
Ep  8300/40000 | ret -6.2971 | avg(50) -4.3503 | ε 0.584 | loss 0.00002 | σ_norm 1.008 | buf 99,600 | 1302s
Ep  8350/40000 | ret -3.0091 | avg(50) -5.6576 | ε 0.581 | loss 0.00002 | σ_norm 0.991 | buf 100,000 | 1311s
Ep  8400/40000 | ret -6.2085 | avg(50) -4.3814 | ε 0.578 | loss 0.00001 | σ_norm 1.004 | buf 100,000 | 1320s
Ep  8450/40000 | ret -4.4383 | avg(50) -4.6609 | ε 0.575 | loss 0.00002 | σ_norm 1.008 | buf 100,000 | 1328s
Ep  8500/40000 | ret -4.3299 | avg(50) -5.0222 | ε 0.573 | loss 0.00001 | σ_norm 0.993 | buf 100,000 | 1337s
[agent] Checkpoint saved → online_RL/runs/20260601_234854/dqn_ep08500.pt
[train] Returns plot → online_RL/runs/20260601_234854/returns.png
[train] Q-loss plot  → online_RL/runs/20260601_234854/q_loss.png
[train] Epsilon plot → online_RL/runs/20260601_234854/epsilon.png
[train] Epistemic-std plot → online_RL/runs/20260601_234854/epistemic_std.png
Ep  8550/40000 | ret -5.4762 | avg(50) -4.5633 | ε 0.570 | loss 0.00001 | σ_norm 0.995 | buf 100,000 | 1347s
Ep  8600/40000 | ret -4.0106 | avg(50) -4.3267 | ε 0.567 | loss 0.00001 | σ_norm 1.001 | buf 100,000 | 1355s
Ep  8650/40000 | ret -4.4967 | avg(50) -4.3657 | ε 0.564 | loss 0.00001 | σ_norm 1.001 | buf 100,000 | 1364s
Ep  8700/40000 | ret -1.4603 | avg(50) -4.7760 | ε 0.561 | loss 0.00007 | σ_norm 0.996 | buf 100,000 | 1372s
Ep  8750/40000 | ret -3.7599 | avg(50) -4.3096 | ε 0.558 | loss 0.00002 | σ_norm 1.006 | buf 100,000 | 1381s
Ep  8800/40000 | ret -4.3619 | avg(50) -4.4915 | ε 0.555 | loss 0.00003 | σ_norm 0.997 | buf 100,000 | 1390s
Ep  8850/40000 | ret -2.6651 | avg(50) -4.7231 | ε 0.553 | loss 0.00001 | σ_norm 1.002 | buf 100,000 | 1398s
Ep  8900/40000 | ret -9.4727 | avg(50) -4.8687 | ε 0.550 | loss 0.00001 | σ_norm 0.996 | buf 100,000 | 1407s
Ep  8950/40000 | ret -8.2371 | avg(50) -4.4665 | ε 0.547 | loss 0.00002 | σ_norm 1.008 | buf 100,000 | 1415s
Ep  9000/40000 | ret -3.3817 | avg(50) -4.2675 | ε 0.544 | loss 0.00003 | σ_norm 0.988 | buf 100,000 | 1424s
[agent] Checkpoint saved → online_RL/runs/20260601_234854/dqn_ep09000.pt
[train] Returns plot → online_RL/runs/20260601_234854/returns.png
[train] Q-loss plot  → online_RL/runs/20260601_234854/q_loss.png
[train] Epsilon plot → online_RL/runs/20260601_234854/epsilon.png
[train] Epistemic-std plot → online_RL/runs/20260601_234854/epistemic_std.png
Ep  9050/40000 | ret -5.1660 | avg(50) -4.3725 | ε 0.541 | loss 0.00001 | σ_norm 1.003 | buf 100,000 | 1434s
Ep  9100/40000 | ret -5.0512 | avg(50) -4.2769 | ε 0.538 | loss 0.00001 | σ_norm 1.010 | buf 100,000 | 1442s
Ep  9150/40000 | ret -5.9258 | avg(50) -4.2568 | ε 0.535 | loss 0.00002 | σ_norm 1.000 | buf 100,000 | 1451s
Ep  9200/40000 | ret -4.6561 | avg(50) -4.4188 | ε 0.533 | loss 0.00002 | σ_norm 0.994 | buf 100,000 | 1460s
Ep  9250/40000 | ret -3.2363 | avg(50) -4.6271 | ε 0.530 | loss 0.00003 | σ_norm 0.998 | buf 100,000 | 1468s
Ep  9300/40000 | ret -3.0614 | avg(50) -4.1493 | ε 0.527 | loss 0.00002 | σ_norm 1.003 | buf 100,000 | 1477s
Ep  9350/40000 | ret -4.8405 | avg(50) -4.2910 | ε 0.524 | loss 0.00007 | σ_norm 1.001 | buf 100,000 | 1485s
Ep  9400/40000 | ret -4.0361 | avg(50) -4.6286 | ε 0.521 | loss 0.00001 | σ_norm 1.005 | buf 100,000 | 1494s
Ep  9450/40000 | ret -1.2500 | avg(50) -4.4983 | ε 0.518 | loss 0.00002 | σ_norm 0.997 | buf 100,000 | 1503s
Ep  9500/40000 | ret -1.2659 | avg(50) -4.4064 | ε 0.516 | loss 0.00002 | σ_norm 0.994 | buf 100,000 | 1511s
[agent] Checkpoint saved → online_RL/runs/20260601_234854/dqn_ep09500.pt
[train] Returns plot → online_RL/runs/20260601_234854/returns.png
[train] Q-loss plot  → online_RL/runs/20260601_234854/q_loss.png
[train] Epsilon plot → online_RL/runs/20260601_234854/epsilon.png
[train] Epistemic-std plot → online_RL/runs/20260601_234854/epistemic_std.png
Ep  9550/40000 | ret -1.9952 | avg(50) -4.3844 | ε 0.513 | loss 0.00001 | σ_norm 1.001 | buf 100,000 | 1522s
Ep  9600/40000 | ret -8.5909 | avg(50) -4.2208 | ε 0.510 | loss 0.00001 | σ_norm 1.007 | buf 100,000 | 1530s
Ep  9650/40000 | ret -1.3811 | avg(50) -4.1244 | ε 0.507 | loss 0.00001 | σ_norm 0.989 | buf 100,000 | 1539s
Ep  9700/40000 | ret -4.2221 | avg(50) -4.1741 | ε 0.504 | loss 0.00002 | σ_norm 1.005 | buf 100,000 | 1547s
Ep  9750/40000 | ret -5.1186 | avg(50) -4.2813 | ε 0.501 | loss 0.00001 | σ_norm 0.994 | buf 100,000 | 1556s
Ep  9800/40000 | ret -5.6041 | avg(50) -3.7384 | ε 0.498 | loss 0.00001 | σ_norm 1.004 | buf 100,000 | 1565s
Ep  9850/40000 | ret -3.9093 | avg(50) -4.5251 | ε 0.496 | loss 0.00002 | σ_norm 0.993 | buf 100,000 | 1573s
Ep  9900/40000 | ret -5.1088 | avg(50) -4.3327 | ε 0.493 | loss 0.00001 | σ_norm 1.000 | buf 100,000 | 1582s
Ep  9950/40000 | ret -8.5307 | avg(50) -4.5010 | ε 0.490 | loss 0.00001 | σ_norm 1.008 | buf 100,000 | 1591s
Ep 10000/40000 | ret -2.1450 | avg(50) -4.0869 | ε 0.487 | loss 0.00001 | σ_norm 0.991 | buf 100,000 | 1599s
[agent] Checkpoint saved → online_RL/runs/20260601_234854/dqn_ep10000.pt
[train] Returns plot → online_RL/runs/20260601_234854/returns.png
[train] Q-loss plot  → online_RL/runs/20260601_234854/q_loss.png
[train] Epsilon plot → online_RL/runs/20260601_234854/epsilon.png
[train] Epistemic-std plot → online_RL/runs/20260601_234854/epistemic_std.png
Ep 10050/40000 | ret -1.6540 | avg(50) -3.7160 | ε 0.484 | loss 0.00001 | σ_norm 1.008 | buf 100,000 | 1609s
Ep 10100/40000 | ret -1.3828 | avg(50) -3.7031 | ε 0.481 | loss 0.00001 | σ_norm 0.991 | buf 100,000 | 1618s
Ep 10150/40000 | ret -3.9521 | avg(50) -4.2867 | ε 0.478 | loss 0.00001 | σ_norm 1.004 | buf 100,000 | 1627s
Ep 10200/40000 | ret -1.6518 | avg(50) -3.9461 | ε 0.476 | loss 0.00001 | σ_norm 1.001 | buf 100,000 | 1636s
Ep 10250/40000 | ret -2.5726 | avg(50) -3.4914 | ε 0.473 | loss 0.00001 | σ_norm 0.997 | buf 100,000 | 1644s
Ep 10300/40000 | ret -10.3038 | avg(50) -4.4775 | ε 0.470 | loss 0.00001 | σ_norm 1.003 | buf 100,000 | 1653s
Ep 10350/40000 | ret -2.7150 | avg(50) -3.4502 | ε 0.467 | loss 0.00001 | σ_norm 0.997 | buf 100,000 | 1662s
Ep 10400/40000 | ret -4.2455 | avg(50) -3.9564 | ε 0.464 | loss 0.00001 | σ_norm 1.001 | buf 100,000 | 1670s
Ep 10450/40000 | ret -4.1661 | avg(50) -3.8826 | ε 0.461 | loss 0.00001 | σ_norm 1.003 | buf 100,000 | 1679s
Ep 10500/40000 | ret -5.6066 | avg(50) -3.8952 | ε 0.459 | loss 0.00003 | σ_norm 0.995 | buf 100,000 | 1688s
[agent] Checkpoint saved → online_RL/runs/20260601_234854/dqn_ep10500.pt
[train] Returns plot → online_RL/runs/20260601_234854/returns.png
[train] Q-loss plot  → online_RL/runs/20260601_234854/q_loss.png
[train] Epsilon plot → online_RL/runs/20260601_234854/epsilon.png
[train] Epistemic-std plot → online_RL/runs/20260601_234854/epistemic_std.png
Ep 10550/40000 | ret -2.7227 | avg(50) -3.5440 | ε 0.456 | loss 0.00001 | σ_norm 0.999 | buf 100,000 | 1698s
Ep 10600/40000 | ret -4.9548 | avg(50) -3.9372 | ε 0.453 | loss 0.00002 | σ_norm 1.004 | buf 100,000 | 1707s
Ep 10650/40000 | ret -1.3932 | avg(50) -3.6782 | ε 0.450 | loss 0.00001 | σ_norm 1.002 | buf 100,000 | 1715s
Ep 10700/40000 | ret -1.9323 | avg(50) -3.8036 | ε 0.447 | loss 0.00001 | σ_norm 0.998 | buf 100,000 | 1724s
Ep 10750/40000 | ret -4.8117 | avg(50) -3.6487 | ε 0.444 | loss 0.00001 | σ_norm 1.002 | buf 100,000 | 1733s
Ep 10800/40000 | ret -4.6128 | avg(50) -3.9216 | ε 0.441 | loss 0.00001 | σ_norm 0.998 | buf 100,000 | 1741s
Ep 10850/40000 | ret -2.4065 | avg(50) -3.4946 | ε 0.439 | loss 0.00002 | σ_norm 1.001 | buf 100,000 | 1750s
Ep 10900/40000 | ret -4.2352 | avg(50) -3.4987 | ε 0.436 | loss 0.00001 | σ_norm 0.993 | buf 100,000 | 1759s
Ep 10950/40000 | ret -4.1812 | avg(50) -3.7617 | ε 0.433 | loss 0.00001 | σ_norm 0.999 | buf 100,000 | 1768s
Ep 11000/40000 | ret -6.5258 | avg(50) -3.2675 | ε 0.430 | loss 0.00001 | σ_norm 1.002 | buf 100,000 | 1776s
[agent] Checkpoint saved → online_RL/runs/20260601_234854/dqn_ep11000.pt
[train] Returns plot → online_RL/runs/20260601_234854/returns.png
[train] Q-loss plot  → online_RL/runs/20260601_234854/q_loss.png
[train] Epsilon plot → online_RL/runs/20260601_234854/epsilon.png
[train] Epistemic-std plot → online_RL/runs/20260601_234854/epistemic_std.png
Ep 11050/40000 | ret -3.2055 | avg(50) -3.4705 | ε 0.427 | loss 0.00001 | σ_norm 1.004 | buf 100,000 | 1786s
Ep 11100/40000 | ret -4.8166 | avg(50) -3.8991 | ε 0.424 | loss 0.00001 | σ_norm 0.997 | buf 100,000 | 1795s
Ep 11150/40000 | ret -8.6322 | avg(50) -4.0310 | ε 0.421 | loss 0.00002 | σ_norm 1.000 | buf 100,000 | 1804s
Ep 11200/40000 | ret -3.6319 | avg(50) -3.6759 | ε 0.419 | loss 0.00002 | σ_norm 0.998 | buf 100,000 | 1813s
Ep 11250/40000 | ret -3.1047 | avg(50) -3.9364 | ε 0.416 | loss 0.00001 | σ_norm 1.008 | buf 100,000 | 1821s
Ep 11300/40000 | ret -2.4882 | avg(50) -3.3063 | ε 0.413 | loss 0.00001 | σ_norm 0.994 | buf 100,000 | 1830s
Ep 11350/40000 | ret -2.3721 | avg(50) -3.3575 | ε 0.410 | loss 0.00001 | σ_norm 0.992 | buf 100,000 | 1839s
Ep 11400/40000 | ret -2.8130 | avg(50) -3.7875 | ε 0.407 | loss 0.00001 | σ_norm 1.006 | buf 100,000 | 1848s
Ep 11450/40000 | ret -5.8844 | avg(50) -3.5327 | ε 0.404 | loss 0.00001 | σ_norm 1.010 | buf 100,000 | 1856s
Ep 11500/40000 | ret -3.7959 | avg(50) -3.5480 | ε 0.402 | loss 0.00001 | σ_norm 0.993 | buf 100,000 | 1865s
[agent] Checkpoint saved → online_RL/runs/20260601_234854/dqn_ep11500.pt
[train] Returns plot → online_RL/runs/20260601_234854/returns.png
[train] Q-loss plot  → online_RL/runs/20260601_234854/q_loss.png
[train] Epsilon plot → online_RL/runs/20260601_234854/epsilon.png
[train] Epistemic-std plot → online_RL/runs/20260601_234854/epistemic_std.png
Ep 11550/40000 | ret -2.4287 | avg(50) -3.2620 | ε 0.399 | loss 0.00002 | σ_norm 1.001 | buf 100,000 | 1875s
Ep 11600/40000 | ret -1.3124 | avg(50) -3.1432 | ε 0.396 | loss 0.00001 | σ_norm 1.004 | buf 100,000 | 1884s
Ep 11650/40000 | ret -7.4829 | avg(50) -3.9275 | ε 0.393 | loss 0.00001 | σ_norm 0.998 | buf 100,000 | 1893s
[agent] Checkpoint saved → online_RL/runs/20260601_234854/dqn_best.pt
Ep 11700/40000 | ret -1.6786 | avg(50) -3.2957 | ε 0.390 | loss 0.00001 | σ_norm 0.991 | buf 100,000 | 1902s
Ep 11750/40000 | ret -4.5029 | avg(50) -2.9633 | ε 0.387 | loss 0.00001 | σ_norm 1.002 | buf 100,000 | 1911s
Ep 11800/40000 | ret -2.7008 | avg(50) -3.4314 | ε 0.384 | loss 0.00001 | σ_norm 1.005 | buf 100,000 | 1919s
Ep 11850/40000 | ret -2.6598 | avg(50) -3.4648 | ε 0.382 | loss 0.00001 | σ_norm 0.997 | buf 100,000 | 1928s
Ep 11900/40000 | ret -5.9083 | avg(50) -3.3294 | ε 0.379 | loss 0.00001 | σ_norm 0.998 | buf 100,000 | 1937s
Ep 11950/40000 | ret -5.1414 | avg(50) -3.3943 | ε 0.376 | loss 0.00002 | σ_norm 1.006 | buf 100,000 | 1946s
Ep 12000/40000 | ret -1.2719 | avg(50) -3.4618 | ε 0.373 | loss 0.00001 | σ_norm 0.998 | buf 100,000 | 1955s
[agent] Checkpoint saved → online_RL/runs/20260601_234854/dqn_ep12000.pt
[train] Returns plot → online_RL/runs/20260601_234854/returns.png
[train] Q-loss plot  → online_RL/runs/20260601_234854/q_loss.png
[train] Epsilon plot → online_RL/runs/20260601_234854/epsilon.png
[train] Epistemic-std plot → online_RL/runs/20260601_234854/epistemic_std.png
Ep 12050/40000 | ret -1.2191 | avg(50) -3.5493 | ε 0.370 | loss 0.00001 | σ_norm 0.998 | buf 100,000 | 1965s
Ep 12100/40000 | ret -5.3426 | avg(50) -3.4452 | ε 0.367 | loss 0.00001 | σ_norm 1.003 | buf 100,000 | 1973s
Ep 12150/40000 | ret -3.2465 | avg(50) -3.2581 | ε 0.364 | loss 0.00001 | σ_norm 0.995 | buf 100,000 | 1982s
Ep 12200/40000 | ret -3.6852 | avg(50) -3.2409 | ε 0.362 | loss 0.00001 | σ_norm 1.006 | buf 100,000 | 1991s
Ep 12250/40000 | ret -2.2179 | avg(50) -3.2279 | ε 0.359 | loss 0.00001 | σ_norm 0.994 | buf 100,000 | 2000s
Ep 12300/40000 | ret -3.2810 | avg(50) -3.4538 | ε 0.356 | loss 0.00001 | σ_norm 1.000 | buf 100,000 | 2009s
Ep 12350/40000 | ret -2.5102 | avg(50) -3.4171 | ε 0.353 | loss 0.00001 | σ_norm 0.998 | buf 100,000 | 2017s
Ep 12400/40000 | ret -3.3443 | avg(50) -3.1705 | ε 0.350 | loss 0.00001 | σ_norm 0.996 | buf 100,000 | 2026s
Ep 12450/40000 | ret -1.7055 | avg(50) -3.1392 | ε 0.347 | loss 0.00002 | σ_norm 1.005 | buf 100,000 | 2035s
Ep 12500/40000 | ret -2.0301 | avg(50) -3.1798 | ε 0.345 | loss 0.00001 | σ_norm 0.996 | buf 100,000 | 2044s
[agent] Checkpoint saved → online_RL/runs/20260601_234854/dqn_ep12500.pt
[train] Returns plot → online_RL/runs/20260601_234854/returns.png
[train] Q-loss plot  → online_RL/runs/20260601_234854/q_loss.png
[train] Epsilon plot → online_RL/runs/20260601_234854/epsilon.png
[train] Epistemic-std plot → online_RL/runs/20260601_234854/epistemic_std.png
Ep 12550/40000 | ret -2.5614 | avg(50) -3.1690 | ε 0.342 | loss 0.00001 | σ_norm 1.006 | buf 100,000 | 2054s
Ep 12600/40000 | ret -3.9900 | avg(50) -3.1185 | ε 0.339 | loss 0.00001 | σ_norm 0.994 | buf 100,000 | 2063s
Ep 12650/40000 | ret -2.5161 | avg(50) -3.2255 | ε 0.336 | loss 0.00001 | σ_norm 1.004 | buf 100,000 | 2071s
Ep 12700/40000 | ret -4.4597 | avg(50) -3.0720 | ε 0.333 | loss 0.00001 | σ_norm 0.999 | buf 100,000 | 2080s
Ep 12750/40000 | ret -4.4810 | avg(50) -3.3363 | ε 0.330 | loss 0.00002 | σ_norm 1.007 | buf 100,000 | 2089s
Ep 12800/40000 | ret -1.4287 | avg(50) -2.8432 | ε 0.327 | loss 0.00001 | σ_norm 0.990 | buf 100,000 | 2098s
Ep 12850/40000 | ret -4.1583 | avg(50) -2.8585 | ε 0.325 | loss 0.00001 | σ_norm 1.003 | buf 100,000 | 2107s
Ep 12900/40000 | ret -1.5219 | avg(50) -3.0477 | ε 0.322 | loss 0.00001 | σ_norm 0.998 | buf 100,000 | 2115s
Ep 12950/40000 | ret -2.7729 | avg(50) -3.1886 | ε 0.319 | loss 0.00001 | σ_norm 0.999 | buf 100,000 | 2124s
Ep 13000/40000 | ret -2.3670 | avg(50) -2.7405 | ε 0.316 | loss 0.00003 | σ_norm 1.005 | buf 100,000 | 2133s
[agent] Checkpoint saved → online_RL/runs/20260601_234854/dqn_ep13000.pt
[train] Returns plot → online_RL/runs/20260601_234854/returns.png
[train] Q-loss plot  → online_RL/runs/20260601_234854/q_loss.png
[train] Epsilon plot → online_RL/runs/20260601_234854/epsilon.png
[train] Epistemic-std plot → online_RL/runs/20260601_234854/epistemic_std.png
Ep 13050/40000 | ret -2.3832 | avg(50) -2.7494 | ε 0.313 | loss 0.00000 | σ_norm 1.001 | buf 100,000 | 2144s
Ep 13100/40000 | ret -3.1488 | avg(50) -2.6360 | ε 0.310 | loss 0.00001 | σ_norm 1.000 | buf 100,000 | 2153s
Ep 13150/40000 | ret -1.2398 | avg(50) -2.9119 | ε 0.307 | loss 0.00001 | σ_norm 0.997 | buf 100,000 | 2161s
Ep 13200/40000 | ret -4.6108 | avg(50) -3.1304 | ε 0.305 | loss 0.00002 | σ_norm 0.998 | buf 100,000 | 2170s
Ep 13250/40000 | ret -1.7409 | avg(50) -2.5916 | ε 0.302 | loss 0.00001 | σ_norm 0.999 | buf 100,000 | 2179s
Ep 13300/40000 | ret -1.4041 | avg(50) -2.8793 | ε 0.299 | loss 0.00003 | σ_norm 1.002 | buf 100,000 | 2188s
Ep 13350/40000 | ret -3.1727 | avg(50) -2.7374 | ε 0.296 | loss 0.00001 | σ_norm 1.004 | buf 100,000 | 2197s
Ep 13400/40000 | ret -4.1132 | avg(50) -2.9964 | ε 0.293 | loss 0.00001 | σ_norm 0.999 | buf 100,000 | 2206s
Ep 13450/40000 | ret -5.3027 | avg(50) -2.7424 | ε 0.290 | loss 0.00001 | σ_norm 0.998 | buf 100,000 | 2215s
Ep 13500/40000 | ret -2.9675 | avg(50) -2.6808 | ε 0.288 | loss 0.00001 | σ_norm 1.000 | buf 100,000 | 2223s
[agent] Checkpoint saved → online_RL/runs/20260601_234854/dqn_ep13500.pt
[train] Returns plot → online_RL/runs/20260601_234854/returns.png
[train] Q-loss plot  → online_RL/runs/20260601_234854/q_loss.png
[train] Epsilon plot → online_RL/runs/20260601_234854/epsilon.png
[train] Epistemic-std plot → online_RL/runs/20260601_234854/epistemic_std.png
Ep 13550/40000 | ret -2.5587 | avg(50) -2.6672 | ε 0.285 | loss 0.00001 | σ_norm 0.998 | buf 100,000 | 2234s
Ep 13600/40000 | ret -1.6778 | avg(50) -2.6449 | ε 0.282 | loss 0.00002 | σ_norm 0.997 | buf 100,000 | 2242s
Ep 13650/40000 | ret -2.5012 | avg(50) -2.7225 | ε 0.279 | loss 0.00001 | σ_norm 1.002 | buf 100,000 | 2251s
Ep 13700/40000 | ret -7.1198 | avg(50) -3.0581 | ε 0.276 | loss 0.00001 | σ_norm 1.003 | buf 100,000 | 2260s
Ep 13750/40000 | ret -2.3611 | avg(50) -2.7566 | ε 0.273 | loss 0.00001 | σ_norm 0.998 | buf 100,000 | 2269s
Ep 13800/40000 | ret -1.3662 | avg(50) -2.3380 | ε 0.270 | loss 0.00002 | σ_norm 1.002 | buf 100,000 | 2278s
Ep 13850/40000 | ret -1.8708 | avg(50) -2.6127 | ε 0.268 | loss 0.00000 | σ_norm 1.002 | buf 100,000 | 2287s
Ep 13900/40000 | ret -2.5676 | avg(50) -2.4359 | ε 0.265 | loss 0.00000 | σ_norm 1.001 | buf 100,000 | 2296s
[agent] Checkpoint saved → online_RL/runs/20260601_234854/dqn_best.pt
Ep 13950/40000 | ret -2.4092 | avg(50) -2.6493 | ε 0.262 | loss 0.00001 | σ_norm 0.996 | buf 100,000 | 2305s
Ep 14000/40000 | ret -2.7468 | avg(50) -2.6431 | ε 0.259 | loss 0.00001 | σ_norm 1.001 | buf 100,000 | 2314s
[agent] Checkpoint saved → online_RL/runs/20260601_234854/dqn_ep14000.pt
[train] Returns plot → online_RL/runs/20260601_234854/returns.png
[train] Q-loss plot  → online_RL/runs/20260601_234854/q_loss.png
[train] Epsilon plot → online_RL/runs/20260601_234854/epsilon.png
[train] Epistemic-std plot → online_RL/runs/20260601_234854/epistemic_std.png
Ep 14050/40000 | ret -1.7132 | avg(50) -2.5580 | ε 0.256 | loss 0.00002 | σ_norm 0.996 | buf 100,000 | 2324s
Ep 14100/40000 | ret -1.2305 | avg(50) -2.5792 | ε 0.253 | loss 0.00001 | σ_norm 1.005 | buf 100,000 | 2333s
Ep 14150/40000 | ret -2.5174 | avg(50) -2.5943 | ε 0.250 | loss 0.00001 | σ_norm 0.990 | buf 100,000 | 2342s
Ep 14200/40000 | ret -3.1068 | avg(50) -2.7346 | ε 0.248 | loss 0.00001 | σ_norm 1.005 | buf 100,000 | 2351s
Ep 14250/40000 | ret -1.5928 | avg(50) -2.5259 | ε 0.245 | loss 0.00001 | σ_norm 1.005 | buf 100,000 | 2359s
Ep 14300/40000 | ret -3.5239 | avg(50) -2.5159 | ε 0.242 | loss 0.00001 | σ_norm 1.001 | buf 100,000 | 2368s
Ep 14350/40000 | ret -6.9177 | avg(50) -2.8541 | ε 0.239 | loss 0.00000 | σ_norm 1.002 | buf 100,000 | 2377s
[agent] Checkpoint saved → online_RL/runs/20260601_234854/dqn_best.pt
Ep 14400/40000 | ret -4.7052 | avg(50) -2.4646 | ε 0.236 | loss 0.00001 | σ_norm 0.998 | buf 100,000 | 2386s
[agent] Checkpoint saved → online_RL/runs/20260601_234854/dqn_best.pt
Ep 14450/40000 | ret -1.8536 | avg(50) -2.4431 | ε 0.233 | loss 0.00001 | σ_norm 1.001 | buf 100,000 | 2395s
Ep 14500/40000 | ret -2.1092 | avg(50) -2.4418 | ε 0.231 | loss 0.00002 | σ_norm 0.998 | buf 100,000 | 2404s
[agent] Checkpoint saved → online_RL/runs/20260601_234854/dqn_ep14500.pt
[train] Returns plot → online_RL/runs/20260601_234854/returns.png
[train] Q-loss plot  → online_RL/runs/20260601_234854/q_loss.png
[train] Epsilon plot → online_RL/runs/20260601_234854/epsilon.png
[train] Epistemic-std plot → online_RL/runs/20260601_234854/epistemic_std.png
Ep 14550/40000 | ret -4.4269 | avg(50) -2.5695 | ε 0.228 | loss 0.00001 | σ_norm 0.998 | buf 100,000 | 2415s
Ep 14600/40000 | ret -2.7334 | avg(50) -2.4057 | ε 0.225 | loss 0.00001 | σ_norm 0.994 | buf 100,000 | 2423s
Ep 14650/40000 | ret -1.3952 | avg(50) -2.1467 | ε 0.222 | loss 0.00001 | σ_norm 1.007 | buf 100,000 | 2432s
Ep 14700/40000 | ret -1.7929 | avg(50) -2.3251 | ε 0.219 | loss 0.00001 | σ_norm 0.998 | buf 100,000 | 2441s
Ep 14750/40000 | ret -1.4721 | avg(50) -2.3633 | ε 0.216 | loss 0.00001 | σ_norm 0.997 | buf 100,000 | 2450s
Ep 14800/40000 | ret -5.6907 | avg(50) -2.3301 | ε 0.213 | loss 0.00001 | σ_norm 1.006 | buf 100,000 | 2459s
Ep 14850/40000 | ret -1.8309 | avg(50) -2.2439 | ε 0.211 | loss 0.00002 | σ_norm 0.993 | buf 100,000 | 2468s
Ep 14900/40000 | ret -1.2242 | avg(50) -2.4075 | ε 0.208 | loss 0.00001 | σ_norm 1.005 | buf 100,000 | 2477s
Ep 14950/40000 | ret -2.4924 | avg(50) -2.3047 | ε 0.205 | loss 0.00000 | σ_norm 1.000 | buf 100,000 | 2486s
Ep 15000/40000 | ret -1.6089 | avg(50) -2.3844 | ε 0.202 | loss 0.00003 | σ_norm 1.002 | buf 100,000 | 2495s
[agent] Checkpoint saved → online_RL/runs/20260601_234854/dqn_ep15000.pt
[train] Returns plot → online_RL/runs/20260601_234854/returns.png
[train] Q-loss plot  → online_RL/runs/20260601_234854/q_loss.png
[train] Epsilon plot → online_RL/runs/20260601_234854/epsilon.png
[train] Epistemic-std plot → online_RL/runs/20260601_234854/epistemic_std.png
Ep 15050/40000 | ret -1.2292 | avg(50) -2.0022 | ε 0.199 | loss 0.00000 | σ_norm 0.995 | buf 100,000 | 2505s
Ep 15100/40000 | ret -1.2333 | avg(50) -2.3101 | ε 0.196 | loss 0.00000 | σ_norm 1.002 | buf 100,000 | 2514s
Ep 15150/40000 | ret -2.0825 | avg(50) -2.3143 | ε 0.193 | loss 0.00001 | σ_norm 0.999 | buf 100,000 | 2523s
Ep 15200/40000 | ret -1.7904 | avg(50) -2.0263 | ε 0.191 | loss 0.00001 | σ_norm 1.002 | buf 100,000 | 2532s
Ep 15250/40000 | ret -3.9116 | avg(50) -2.2106 | ε 0.188 | loss 0.00001 | σ_norm 0.997 | buf 100,000 | 2541s
Ep 15300/40000 | ret -3.2748 | avg(50) -2.2942 | ε 0.185 | loss 0.00000 | σ_norm 1.000 | buf 100,000 | 2550s
Ep 15350/40000 | ret -1.2093 | avg(50) -1.9542 | ε 0.182 | loss 0.00002 | σ_norm 1.004 | buf 100,000 | 2559s
Ep 15400/40000 | ret -1.2852 | avg(50) -2.0425 | ε 0.179 | loss 0.00001 | σ_norm 0.999 | buf 100,000 | 2568s
Ep 15450/40000 | ret -1.4410 | avg(50) -2.0811 | ε 0.176 | loss 0.00000 | σ_norm 0.992 | buf 100,000 | 2577s
Ep 15500/40000 | ret -1.3921 | avg(50) -1.8790 | ε 0.174 | loss 0.00001 | σ_norm 1.000 | buf 100,000 | 2586s
[agent] Checkpoint saved → online_RL/runs/20260601_234854/dqn_ep15500.pt
[train] Returns plot → online_RL/runs/20260601_234854/returns.png
[train] Q-loss plot  → online_RL/runs/20260601_234854/q_loss.png
[train] Epsilon plot → online_RL/runs/20260601_234854/epsilon.png
[train] Epistemic-std plot → online_RL/runs/20260601_234854/epistemic_std.png
Ep 15550/40000 | ret -1.2248 | avg(50) -2.0720 | ε 0.171 | loss 0.00001 | σ_norm 1.003 | buf 100,000 | 2596s
Ep 15600/40000 | ret -1.5049 | avg(50) -2.1382 | ε 0.168 | loss 0.00001 | σ_norm 1.000 | buf 100,000 | 2605s
Ep 15650/40000 | ret -1.2681 | avg(50) -2.0219 | ε 0.165 | loss 0.00000 | σ_norm 0.999 | buf 100,000 | 2614s
Ep 15700/40000 | ret -3.7190 | avg(50) -2.0267 | ε 0.162 | loss 0.00001 | σ_norm 1.002 | buf 100,000 | 2623s
Ep 15750/40000 | ret -1.9370 | avg(50) -1.8430 | ε 0.159 | loss 0.00001 | σ_norm 0.993 | buf 100,000 | 2632s
Ep 15800/40000 | ret -1.9948 | avg(50) -2.2126 | ε 0.156 | loss 0.00000 | σ_norm 1.001 | buf 100,000 | 2641s
Ep 15850/40000 | ret -2.2373 | avg(50) -1.9968 | ε 0.154 | loss 0.00001 | σ_norm 1.005 | buf 100,000 | 2650s
Ep 15900/40000 | ret -3.4901 | avg(50) -1.9871 | ε 0.151 | loss 0.00000 | σ_norm 0.998 | buf 100,000 | 2659s
Ep 15950/40000 | ret -1.2852 | avg(50) -1.7283 | ε 0.148 | loss 0.00001 | σ_norm 1.004 | buf 100,000 | 2668s
Ep 16000/40000 | ret -2.1595 | avg(50) -2.0189 | ε 0.145 | loss 0.00001 | σ_norm 0.999 | buf 100,000 | 2677s
[agent] Checkpoint saved → online_RL/runs/20260601_234854/dqn_ep16000.pt
[train] Returns plot → online_RL/runs/20260601_234854/returns.png
[train] Q-loss plot  → online_RL/runs/20260601_234854/q_loss.png
[train] Epsilon plot → online_RL/runs/20260601_234854/epsilon.png
[train] Epistemic-std plot → online_RL/runs/20260601_234854/epistemic_std.png
Ep 16050/40000 | ret -1.6115 | avg(50) -1.9354 | ε 0.142 | loss 0.00000 | σ_norm 1.000 | buf 100,000 | 2688s
Ep 16100/40000 | ret -2.3504 | avg(50) -1.8339 | ε 0.139 | loss 0.00003 | σ_norm 0.997 | buf 100,000 | 2697s
Ep 16150/40000 | ret -1.2307 | avg(50) -1.6657 | ε 0.136 | loss 0.00001 | σ_norm 1.003 | buf 100,000 | 2706s
Ep 16200/40000 | ret -1.9587 | avg(50) -1.9512 | ε 0.134 | loss 0.00000 | σ_norm 0.999 | buf 100,000 | 2715s
Ep 16250/40000 | ret -3.4403 | avg(50) -1.6666 | ε 0.131 | loss 0.00000 | σ_norm 0.998 | buf 100,000 | 2724s
Ep 16300/40000 | ret -3.4859 | avg(50) -2.0556 | ε 0.128 | loss 0.00002 | σ_norm 1.000 | buf 100,000 | 2733s
Ep 16350/40000 | ret -1.2284 | avg(50) -1.8079 | ε 0.125 | loss 0.00001 | σ_norm 1.001 | buf 100,000 | 2742s
Ep 16400/40000 | ret -1.2229 | avg(50) -1.9177 | ε 0.122 | loss 0.00000 | σ_norm 1.001 | buf 100,000 | 2751s
Ep 16450/40000 | ret -1.4931 | avg(50) -1.7212 | ε 0.119 | loss 0.00001 | σ_norm 1.000 | buf 100,000 | 2760s
Ep 16500/40000 | ret -2.9497 | avg(50) -1.8927 | ε 0.117 | loss 0.00001 | σ_norm 1.001 | buf 100,000 | 2769s
[agent] Checkpoint saved → online_RL/runs/20260601_234854/dqn_ep16500.pt
[train] Returns plot → online_RL/runs/20260601_234854/returns.png
[train] Q-loss plot  → online_RL/runs/20260601_234854/q_loss.png
[train] Epsilon plot → online_RL/runs/20260601_234854/epsilon.png
[train] Epistemic-std plot → online_RL/runs/20260601_234854/epistemic_std.png
Ep 16550/40000 | ret -4.2878 | avg(50) -1.7588 | ε 0.114 | loss 0.00001 | σ_norm 1.000 | buf 100,000 | 2780s
Ep 16600/40000 | ret -1.2730 | avg(50) -1.6623 | ε 0.111 | loss 0.00001 | σ_norm 1.000 | buf 100,000 | 2789s
Ep 16650/40000 | ret -2.5606 | avg(50) -1.7907 | ε 0.108 | loss 0.00000 | σ_norm 0.998 | buf 100,000 | 2798s
Ep 16700/40000 | ret -1.2205 | avg(50) -1.6792 | ε 0.105 | loss 0.00001 | σ_norm 1.000 | buf 100,000 | 2807s
Ep 16750/40000 | ret -1.6166 | avg(50) -1.6080 | ε 0.102 | loss 0.00001 | σ_norm 0.999 | buf 100,000 | 2816s
Ep 16800/40000 | ret -1.4456 | avg(50) -1.6859 | ε 0.099 | loss 0.00001 | σ_norm 0.999 | buf 100,000 | 2825s
Ep 16850/40000 | ret -2.6332 | avg(50) -1.8119 | ε 0.097 | loss 0.00002 | σ_norm 1.000 | buf 100,000 | 2834s
Ep 16900/40000 | ret -1.2533 | avg(50) -1.9445 | ε 0.094 | loss 0.00000 | σ_norm 1.000 | buf 100,000 | 2843s
Ep 16950/40000 | ret -1.2310 | avg(50) -1.5966 | ε 0.091 | loss 0.00001 | σ_norm 1.000 | buf 100,000 | 2852s
Ep 17000/40000 | ret -1.2254 | avg(50) -1.7717 | ε 0.088 | loss 0.00001 | σ_norm 1.000 | buf 100,000 | 2861s
[agent] Checkpoint saved → online_RL/runs/20260601_234854/dqn_ep17000.pt
[train] Returns plot → online_RL/runs/20260601_234854/returns.png
[train] Q-loss plot  → online_RL/runs/20260601_234854/q_loss.png
[train] Epsilon plot → online_RL/runs/20260601_234854/epsilon.png
[train] Epistemic-std plot → online_RL/runs/20260601_234854/epistemic_std.png
Ep 17050/40000 | ret -1.2221 | avg(50) -1.5341 | ε 0.085 | loss 0.00000 | σ_norm 1.000 | buf 100,000 | 2871s
Ep 17100/40000 | ret -1.2265 | avg(50) -1.7410 | ε 0.082 | loss 0.00000 | σ_norm 0.998 | buf 100,000 | 2881s
Ep 17150/40000 | ret -1.2947 | avg(50) -1.6025 | ε 0.079 | loss 0.00001 | σ_norm 1.001 | buf 100,000 | 2890s
Ep 17200/40000 | ret -1.2260 | avg(50) -1.4306 | ε 0.077 | loss 0.00001 | σ_norm 0.998 | buf 100,000 | 2899s
Ep 17250/40000 | ret -1.2215 | avg(50) -1.5601 | ε 0.074 | loss 0.00000 | σ_norm 1.001 | buf 100,000 | 2908s
Ep 17300/40000 | ret -1.2609 | avg(50) -1.5195 | ε 0.071 | loss 0.00001 | σ_norm 0.997 | buf 100,000 | 2917s
Ep 17350/40000 | ret -1.6507 | avg(50) -1.5345 | ε 0.068 | loss 0.00001 | σ_norm 1.001 | buf 100,000 | 2926s
Ep 17400/40000 | ret -1.2330 | avg(50) -1.4710 | ε 0.065 | loss 0.00001 | σ_norm 0.999 | buf 100,000 | 2935s
Ep 17450/40000 | ret -1.4466 | avg(50) -1.5162 | ε 0.062 | loss 0.00000 | σ_norm 1.001 | buf 100,000 | 2944s
Ep 17500/40000 | ret -1.2196 | avg(50) -1.6460 | ε 0.060 | loss 0.00000 | σ_norm 1.002 | buf 100,000 | 2953s
[agent] Checkpoint saved → online_RL/runs/20260601_234854/dqn_ep17500.pt
[train] Returns plot → online_RL/runs/20260601_234854/returns.png
[train] Q-loss plot  → online_RL/runs/20260601_234854/q_loss.png
[train] Epsilon plot → online_RL/runs/20260601_234854/epsilon.png
[train] Epistemic-std plot → online_RL/runs/20260601_234854/epistemic_std.png
Ep 17550/40000 | ret -1.2392 | avg(50) -1.4727 | ε 0.057 | loss 0.00002 | σ_norm 0.999 | buf 100,000 | 2964s
Ep 17600/40000 | ret -1.2165 | avg(50) -1.4600 | ε 0.054 | loss 0.00001 | σ_norm 1.001 | buf 100,000 | 2973s
Ep 17650/40000 | ret -1.2188 | avg(50) -1.7302 | ε 0.051 | loss 0.00000 | σ_norm 0.999 | buf 100,000 | 2982s
Ep 17700/40000 | ret -1.7872 | avg(50) -1.6825 | ε 0.050 | loss 0.00001 | σ_norm 0.999 | buf 100,000 | 2991s
Ep 17750/40000 | ret -1.9147 | avg(50) -1.4224 | ε 0.050 | loss 0.00001 | σ_norm 0.999 | buf 100,000 | 3000s
Ep 17800/40000 | ret -1.2287 | avg(50) -1.3649 | ε 0.050 | loss 0.00000 | σ_norm 1.000 | buf 100,000 | 3009s
Ep 17850/40000 | ret -1.2275 | avg(50) -1.4764 | ε 0.050 | loss 0.00001 | σ_norm 1.000 | buf 100,000 | 3018s
Ep 17900/40000 | ret -2.2351 | avg(50) -1.6700 | ε 0.050 | loss 0.00000 | σ_norm 0.999 | buf 100,000 | 3027s
Ep 17950/40000 | ret -1.2333 | avg(50) -1.4326 | ε 0.050 | loss 0.00001 | σ_norm 0.999 | buf 100,000 | 3036s
Ep 18000/40000 | ret -1.2401 | avg(50) -1.3935 | ε 0.050 | loss 0.00000 | σ_norm 0.999 | buf 100,000 | 3045s
[agent] Checkpoint saved → online_RL/runs/20260601_234854/dqn_ep18000.pt
[train] Returns plot → online_RL/runs/20260601_234854/returns.png
[train] Q-loss plot  → online_RL/runs/20260601_234854/q_loss.png
[train] Epsilon plot → online_RL/runs/20260601_234854/epsilon.png
[train] Epistemic-std plot → online_RL/runs/20260601_234854/epistemic_std.png
Ep 18050/40000 | ret -1.2269 | avg(50) -1.3932 | ε 0.050 | loss 0.00000 | σ_norm 1.001 | buf 100,000 | 3056s
Ep 18100/40000 | ret -1.2220 | avg(50) -1.5110 | ε 0.050 | loss 0.00000 | σ_norm 1.002 | buf 100,000 | 3065s
Ep 18150/40000 | ret -1.2424 | avg(50) -1.3886 | ε 0.050 | loss 0.00001 | σ_norm 0.999 | buf 100,000 | 3074s
Ep 18200/40000 | ret -1.9827 | avg(50) -1.5522 | ε 0.050 | loss 0.00000 | σ_norm 0.998 | buf 100,000 | 3083s
Ep 18250/40000 | ret -1.2248 | avg(50) -1.4762 | ε 0.050 | loss 0.00001 | σ_norm 1.002 | buf 100,000 | 3092s
Ep 18300/40000 | ret -1.2374 | avg(50) -1.6124 | ε 0.050 | loss 0.00000 | σ_norm 0.997 | buf 100,000 | 3101s
Ep 18350/40000 | ret -1.2294 | avg(50) -1.3684 | ε 0.050 | loss 0.00001 | σ_norm 1.002 | buf 100,000 | 3110s
Ep 18400/40000 | ret -1.2274 | avg(50) -1.4668 | ε 0.050 | loss 0.00000 | σ_norm 0.999 | buf 100,000 | 3119s
Ep 18450/40000 | ret -1.2333 | avg(50) -1.4728 | ε 0.050 | loss 0.00001 | σ_norm 1.002 | buf 100,000 | 3129s
Ep 18500/40000 | ret -1.2253 | avg(50) -1.4772 | ε 0.050 | loss 0.00003 | σ_norm 0.999 | buf 100,000 | 3138s
[agent] Checkpoint saved → online_RL/runs/20260601_234854/dqn_ep18500.pt
[train] Returns plot → online_RL/runs/20260601_234854/returns.png
[train] Q-loss plot  → online_RL/runs/20260601_234854/q_loss.png
[train] Epsilon plot → online_RL/runs/20260601_234854/epsilon.png
[train] Epistemic-std plot → online_RL/runs/20260601_234854/epistemic_std.png
Ep 18550/40000 | ret -1.2320 | avg(50) -1.4009 | ε 0.050 | loss 0.00000 | σ_norm 0.998 | buf 100,000 | 3148s
Ep 18600/40000 | ret -1.2337 | avg(50) -1.4212 | ε 0.050 | loss 0.00000 | σ_norm 0.998 | buf 100,000 | 3157s
Ep 18650/40000 | ret -1.2291 | avg(50) -1.3850 | ε 0.050 | loss 0.00001 | σ_norm 1.002 | buf 100,000 | 3166s
Ep 18700/40000 | ret -1.5513 | avg(50) -1.5371 | ε 0.050 | loss 0.00000 | σ_norm 0.999 | buf 100,000 | 3175s
Ep 18750/40000 | ret -1.2281 | avg(50) -1.5228 | ε 0.050 | loss 0.00001 | σ_norm 1.001 | buf 100,000 | 3185s
Ep 18800/40000 | ret -1.2300 | avg(50) -1.4394 | ε 0.050 | loss 0.00000 | σ_norm 0.999 | buf 100,000 | 3194s
Ep 18850/40000 | ret -1.2271 | avg(50) -1.4094 | ε 0.050 | loss 0.00000 | σ_norm 0.999 | buf 100,000 | 3203s
Ep 18900/40000 | ret -1.4295 | avg(50) -1.4386 | ε 0.050 | loss 0.00000 | σ_norm 1.002 | buf 100,000 | 3212s
Ep 18950/40000 | ret -4.6383 | avg(50) -1.5388 | ε 0.050 | loss 0.00001 | σ_norm 0.998 | buf 100,000 | 3221s
Ep 19000/40000 | ret -1.2330 | avg(50) -1.6250 | ε 0.050 | loss 0.00000 | σ_norm 0.998 | buf 100,000 | 3230s
[agent] Checkpoint saved → online_RL/runs/20260601_234854/dqn_ep19000.pt
[train] Returns plot → online_RL/runs/20260601_234854/returns.png
[train] Q-loss plot  → online_RL/runs/20260601_234854/q_loss.png
[train] Epsilon plot → online_RL/runs/20260601_234854/epsilon.png
[train] Epistemic-std plot → online_RL/runs/20260601_234854/epistemic_std.png
Ep 19050/40000 | ret -2.8009 | avg(50) -1.3899 | ε 0.050 | loss 0.00000 | σ_norm 1.004 | buf 100,000 | 3241s
Ep 19100/40000 | ret -1.2256 | avg(50) -1.4978 | ε 0.050 | loss 0.00001 | σ_norm 1.000 | buf 100,000 | 3250s
Ep 19150/40000 | ret -1.2341 | avg(50) -1.2966 | ε 0.050 | loss 0.00000 | σ_norm 0.999 | buf 100,000 | 3259s
Ep 19200/40000 | ret -1.2260 | avg(50) -1.4486 | ε 0.050 | loss 0.00000 | σ_norm 0.998 | buf 100,000 | 3268s
Ep 19250/40000 | ret -1.5104 | avg(50) -1.5470 | ε 0.050 | loss 0.00000 | σ_norm 1.001 | buf 100,000 | 3277s
Ep 19300/40000 | ret -1.2240 | avg(50) -1.4596 | ε 0.050 | loss 0.00000 | σ_norm 0.999 | buf 100,000 | 3286s
Ep 19350/40000 | ret -1.7070 | avg(50) -1.4584 | ε 0.050 | loss 0.00001 | σ_norm 0.997 | buf 100,000 | 3295s
Ep 19400/40000 | ret -1.2258 | avg(50) -1.4783 | ε 0.050 | loss 0.00000 | σ_norm 1.004 | buf 100,000 | 3304s
Ep 19450/40000 | ret -1.2238 | avg(50) -1.5679 | ε 0.050 | loss 0.00000 | σ_norm 0.998 | buf 100,000 | 3313s
Ep 19500/40000 | ret -1.2220 | avg(50) -1.5357 | ε 0.050 | loss 0.00000 | σ_norm 1.001 | buf 100,000 | 3322s
[agent] Checkpoint saved → online_RL/runs/20260601_234854/dqn_ep19500.pt
[train] Returns plot → online_RL/runs/20260601_234854/returns.png
[train] Q-loss plot  → online_RL/runs/20260601_234854/q_loss.png
[train] Epsilon plot → online_RL/runs/20260601_234854/epsilon.png
[train] Epistemic-std plot → online_RL/runs/20260601_234854/epistemic_std.png
Ep 19550/40000 | ret -1.2298 | avg(50) -1.4479 | ε 0.050 | loss 0.00000 | σ_norm 0.999 | buf 100,000 | 3333s
Ep 19600/40000 | ret -1.2218 | avg(50) -1.5216 | ε 0.050 | loss 0.00001 | σ_norm 1.001 | buf 100,000 | 3342s
Ep 19650/40000 | ret -3.4404 | avg(50) -1.3836 | ε 0.050 | loss 0.00000 | σ_norm 0.999 | buf 100,000 | 3351s
Ep 19700/40000 | ret -2.3134 | avg(50) -1.5396 | ε 0.050 | loss 0.00000 | σ_norm 0.999 | buf 100,000 | 3360s
Ep 19750/40000 | ret -1.2260 | avg(50) -1.5763 | ε 0.050 | loss 0.00000 | σ_norm 1.002 | buf 100,000 | 3370s
Ep 19800/40000 | ret -1.2338 | avg(50) -1.4396 | ε 0.050 | loss 0.00000 | σ_norm 0.995 | buf 100,000 | 3379s
Ep 19850/40000 | ret -1.2162 | avg(50) -1.4871 | ε 0.050 | loss 0.00000 | σ_norm 1.004 | buf 100,000 | 3388s
Ep 19900/40000 | ret -2.1894 | avg(50) -1.4320 | ε 0.050 | loss 0.00000 | σ_norm 0.998 | buf 100,000 | 3397s
Ep 19950/40000 | ret -3.3818 | avg(50) -1.6290 | ε 0.050 | loss 0.00001 | σ_norm 0.997 | buf 100,000 | 3406s
Ep 20000/40000 | ret -1.2275 | avg(50) -1.4250 | ε 0.050 | loss 0.00001 | σ_norm 1.001 | buf 100,000 | 3415s
[agent] Checkpoint saved → online_RL/runs/20260601_234854/dqn_ep20000.pt
[train] Returns plot → online_RL/runs/20260601_234854/returns.png
[train] Q-loss plot  → online_RL/runs/20260601_234854/q_loss.png
[train] Epsilon plot → online_RL/runs/20260601_234854/epsilon.png
[train] Epistemic-std plot → online_RL/runs/20260601_234854/epistemic_std.png
Ep 20050/40000 | ret -1.5323 | avg(50) -1.5178 | ε 0.050 | loss 0.00001 | σ_norm 1.002 | buf 100,000 | 3426s
Ep 20100/40000 | ret -2.2518 | avg(50) -1.5323 | ε 0.050 | loss 0.00001 | σ_norm 0.997 | buf 100,000 | 3435s
Ep 20150/40000 | ret -2.9540 | avg(50) -1.4669 | ε 0.050 | loss 0.00000 | σ_norm 1.002 | buf 100,000 | 3444s
Ep 20200/40000 | ret -1.2200 | avg(50) -1.3824 | ε 0.050 | loss 0.00001 | σ_norm 1.001 | buf 100,000 | 3453s
Ep 20250/40000 | ret -1.5317 | avg(50) -1.4483 | ε 0.050 | loss 0.00000 | σ_norm 0.998 | buf 100,000 | 3462s
Ep 20300/40000 | ret -2.4700 | avg(50) -1.5470 | ε 0.050 | loss 0.00000 | σ_norm 1.000 | buf 100,000 | 3471s
Ep 20350/40000 | ret -1.2230 | avg(50) -1.5078 | ε 0.050 | loss 0.00000 | σ_norm 1.000 | buf 100,000 | 3480s
Ep 20400/40000 | ret -1.2236 | avg(50) -1.4902 | ε 0.050 | loss 0.00001 | σ_norm 1.000 | buf 100,000 | 3489s
Ep 20450/40000 | ret -2.2029 | avg(50) -1.3902 | ε 0.050 | loss 0.00000 | σ_norm 0.997 | buf 100,000 | 3498s
Ep 20500/40000 | ret -1.2246 | avg(50) -1.4798 | ε 0.050 | loss 0.00000 | σ_norm 1.002 | buf 100,000 | 3508s
[agent] Checkpoint saved → online_RL/runs/20260601_234854/dqn_ep20500.pt
[train] Returns plot → online_RL/runs/20260601_234854/returns.png
[train] Q-loss plot  → online_RL/runs/20260601_234854/q_loss.png
[train] Epsilon plot → online_RL/runs/20260601_234854/epsilon.png
[train] Epistemic-std plot → online_RL/runs/20260601_234854/epistemic_std.png
Ep 20550/40000 | ret -1.2332 | avg(50) -1.5225 | ε 0.050 | loss 0.00000 | σ_norm 0.997 | buf 100,000 | 3518s
Ep 20600/40000 | ret -1.2604 | avg(50) -1.5340 | ε 0.050 | loss 0.00000 | σ_norm 1.003 | buf 100,000 | 3527s
Ep 20650/40000 | ret -2.3180 | avg(50) -1.4525 | ε 0.050 | loss 0.00000 | σ_norm 1.000 | buf 100,000 | 3536s
Ep 20700/40000 | ret -1.2290 | avg(50) -1.4654 | ε 0.050 | loss 0.00000 | σ_norm 0.997 | buf 100,000 | 3545s
Ep 20750/40000 | ret -1.2263 | avg(50) -1.4241 | ε 0.050 | loss 0.00000 | σ_norm 1.001 | buf 100,000 | 3555s
Ep 20800/40000 | ret -1.2220 | avg(50) -1.4882 | ε 0.050 | loss 0.00001 | σ_norm 1.001 | buf 100,000 | 3564s
Ep 20850/40000 | ret -2.2994 | avg(50) -1.3295 | ε 0.050 | loss 0.00001 | σ_norm 0.999 | buf 100,000 | 3573s
Ep 20900/40000 | ret -1.2261 | avg(50) -1.3971 | ε 0.050 | loss 0.00000 | σ_norm 1.000 | buf 100,000 | 3582s
Ep 20950/40000 | ret -1.2695 | avg(50) -1.4570 | ε 0.050 | loss 0.00001 | σ_norm 0.997 | buf 100,000 | 3591s
Ep 21000/40000 | ret -1.2212 | avg(50) -1.4454 | ε 0.050 | loss 0.00000 | σ_norm 1.004 | buf 100,000 | 3600s
[agent] Checkpoint saved → online_RL/runs/20260601_234854/dqn_ep21000.pt
[train] Returns plot → online_RL/runs/20260601_234854/returns.png
[train] Q-loss plot  → online_RL/runs/20260601_234854/q_loss.png
[train] Epsilon plot → online_RL/runs/20260601_234854/epsilon.png
[train] Epistemic-std plot → online_RL/runs/20260601_234854/epistemic_std.png
Ep 21050/40000 | ret -1.2263 | avg(50) -1.4289 | ε 0.050 | loss 0.00000 | σ_norm 0.998 | buf 100,000 | 3611s
Ep 21100/40000 | ret -1.2311 | avg(50) -1.5216 | ε 0.050 | loss 0.00001 | σ_norm 1.001 | buf 100,000 | 3620s
Ep 21150/40000 | ret -1.2301 | avg(50) -1.5407 | ε 0.050 | loss 0.00001 | σ_norm 1.000 | buf 100,000 | 3629s
Ep 21200/40000 | ret -2.1737 | avg(50) -1.5040 | ε 0.050 | loss 0.00001 | σ_norm 1.001 | buf 100,000 | 3638s
Ep 21250/40000 | ret -2.3776 | avg(50) -1.4701 | ε 0.050 | loss 0.00000 | σ_norm 0.998 | buf 100,000 | 3647s
Ep 21300/40000 | ret -1.2238 | avg(50) -1.4869 | ε 0.050 | loss 0.00000 | σ_norm 1.000 | buf 100,000 | 3656s
Ep 21350/40000 | ret -1.5163 | avg(50) -1.5418 | ε 0.050 | loss 0.00000 | σ_norm 1.001 | buf 100,000 | 3665s
Ep 21400/40000 | ret -1.6966 | avg(50) -1.3100 | ε 0.050 | loss 0.00001 | σ_norm 0.998 | buf 100,000 | 3674s
Ep 21450/40000 | ret -1.2256 | avg(50) -1.4386 | ε 0.050 | loss 0.00000 | σ_norm 1.000 | buf 100,000 | 3683s
Ep 21500/40000 | ret -3.3296 | avg(50) -1.4846 | ε 0.050 | loss 0.00000 | σ_norm 1.002 | buf 100,000 | 3693s
[agent] Checkpoint saved → online_RL/runs/20260601_234854/dqn_ep21500.pt
[train] Returns plot → online_RL/runs/20260601_234854/returns.png
[train] Q-loss plot  → online_RL/runs/20260601_234854/q_loss.png
[train] Epsilon plot → online_RL/runs/20260601_234854/epsilon.png
[train] Epistemic-std plot → online_RL/runs/20260601_234854/epistemic_std.png
Ep 21550/40000 | ret -1.2211 | avg(50) -1.3738 | ε 0.050 | loss 0.00001 | σ_norm 0.999 | buf 100,000 | 3703s
Ep 21600/40000 | ret -1.2174 | avg(50) -1.4697 | ε 0.050 | loss 0.00000 | σ_norm 1.001 | buf 100,000 | 3712s
Ep 21650/40000 | ret -1.2252 | avg(50) -1.5738 | ε 0.050 | loss 0.00000 | σ_norm 0.998 | buf 100,000 | 3721s
Ep 21700/40000 | ret -1.2318 | avg(50) -1.4533 | ε 0.050 | loss 0.00000 | σ_norm 0.999 | buf 100,000 | 3730s
Ep 21750/40000 | ret -1.2415 | avg(50) -1.6131 | ε 0.050 | loss 0.00000 | σ_norm 0.999 | buf 100,000 | 3739s
Ep 21800/40000 | ret -1.2236 | avg(50) -1.5342 | ε 0.050 | loss 0.00001 | σ_norm 1.003 | buf 100,000 | 3748s
Ep 21850/40000 | ret -1.2225 | avg(50) -1.4091 | ε 0.050 | loss 0.00000 | σ_norm 0.999 | buf 100,000 | 3758s
Ep 21900/40000 | ret -1.2285 | avg(50) -1.4919 | ε 0.050 | loss 0.00000 | σ_norm 0.999 | buf 100,000 | 3767s
Ep 21950/40000 | ret -1.2236 | avg(50) -1.5992 | ε 0.050 | loss 0.00000 | σ_norm 1.000 | buf 100,000 | 3776s
Ep 22000/40000 | ret -1.2286 | avg(50) -1.4734 | ε 0.050 | loss 0.00000 | σ_norm 0.999 | buf 100,000 | 3785s
[agent] Checkpoint saved → online_RL/runs/20260601_234854/dqn_ep22000.pt
[train] Returns plot → online_RL/runs/20260601_234854/returns.png
[train] Q-loss plot  → online_RL/runs/20260601_234854/q_loss.png
[train] Epsilon plot → online_RL/runs/20260601_234854/epsilon.png
[train] Epistemic-std plot → online_RL/runs/20260601_234854/epistemic_std.png
Ep 22050/40000 | ret -1.2224 | avg(50) -1.4671 | ε 0.050 | loss 0.00001 | σ_norm 1.001 | buf 100,000 | 3795s
Ep 22100/40000 | ret -1.2233 | avg(50) -1.4199 | ε 0.050 | loss 0.00000 | σ_norm 0.999 | buf 100,000 | 3804s
Ep 22150/40000 | ret -1.9279 | avg(50) -1.6073 | ε 0.050 | loss 0.00000 | σ_norm 0.997 | buf 100,000 | 3813s
Ep 22200/40000 | ret -2.1370 | avg(50) -1.6642 | ε 0.050 | loss 0.00000 | σ_norm 1.004 | buf 100,000 | 3823s
Ep 22250/40000 | ret -1.5781 | avg(50) -1.5441 | ε 0.050 | loss 0.00000 | σ_norm 0.999 | buf 100,000 | 3832s
Ep 22300/40000 | ret -2.8582 | avg(50) -1.4011 | ε 0.050 | loss 0.00001 | σ_norm 1.001 | buf 100,000 | 3841s
Ep 22350/40000 | ret -1.2282 | avg(50) -1.4789 | ε 0.050 | loss 0.00000 | σ_norm 0.997 | buf 100,000 | 3850s
Ep 22400/40000 | ret -1.2298 | avg(50) -1.3391 | ε 0.050 | loss 0.00000 | σ_norm 1.000 | buf 100,000 | 3859s
Ep 22450/40000 | ret -1.3124 | avg(50) -1.4767 | ε 0.050 | loss 0.00001 | σ_norm 1.003 | buf 100,000 | 3868s
Ep 22500/40000 | ret -1.2660 | avg(50) -1.5813 | ε 0.050 | loss 0.00000 | σ_norm 0.997 | buf 100,000 | 3877s
[agent] Checkpoint saved → online_RL/runs/20260601_234854/dqn_ep22500.pt
[train] Returns plot → online_RL/runs/20260601_234854/returns.png
[train] Q-loss plot  → online_RL/runs/20260601_234854/q_loss.png
[train] Epsilon plot → online_RL/runs/20260601_234854/epsilon.png
[train] Epistemic-std plot → online_RL/runs/20260601_234854/epistemic_std.png
Ep 22550/40000 | ret -1.2278 | avg(50) -1.4964 | ε 0.050 | loss 0.00000 | σ_norm 1.002 | buf 100,000 | 3888s
Ep 22600/40000 | ret -1.6024 | avg(50) -1.4890 | ε 0.050 | loss 0.00000 | σ_norm 0.997 | buf 100,000 | 3897s
Ep 22650/40000 | ret -1.2536 | avg(50) -1.4639 | ε 0.050 | loss 0.00000 | σ_norm 1.001 | buf 100,000 | 3906s
Ep 22700/40000 | ret -1.2270 | avg(50) -1.5056 | ε 0.050 | loss 0.00000 | σ_norm 1.002 | buf 100,000 | 3915s
Ep 22750/40000 | ret -3.0694 | avg(50) -1.4494 | ε 0.050 | loss 0.00001 | σ_norm 0.999 | buf 100,000 | 3924s
Ep 22800/40000 | ret -1.2197 | avg(50) -1.4813 | ε 0.050 | loss 0.00000 | σ_norm 1.000 | buf 100,000 | 3933s
Ep 22850/40000 | ret -1.2210 | avg(50) -1.4068 | ε 0.050 | loss 0.00000 | σ_norm 0.999 | buf 100,000 | 3942s
Ep 22900/40000 | ret -1.2301 | avg(50) -1.4098 | ε 0.050 | loss 0.00003 | σ_norm 1.002 | buf 100,000 | 3952s
Ep 22950/40000 | ret -1.7073 | avg(50) -1.4149 | ε 0.050 | loss 0.00000 | σ_norm 0.993 | buf 100,000 | 3961s
Ep 23000/40000 | ret -1.2362 | avg(50) -1.5260 | ε 0.050 | loss 0.00000 | σ_norm 1.004 | buf 100,000 | 3970s
[agent] Checkpoint saved → online_RL/runs/20260601_234854/dqn_ep23000.pt
[train] Returns plot → online_RL/runs/20260601_234854/returns.png
[train] Q-loss plot  → online_RL/runs/20260601_234854/q_loss.png
[train] Epsilon plot → online_RL/runs/20260601_234854/epsilon.png
[train] Epistemic-std plot → online_RL/runs/20260601_234854/epistemic_std.png
Ep 23050/40000 | ret -1.2439 | avg(50) -1.4252 | ε 0.050 | loss 0.00002 | σ_norm 0.999 | buf 100,000 | 3981s
Ep 23100/40000 | ret -1.2253 | avg(50) -1.4593 | ε 0.050 | loss 0.00000 | σ_norm 1.000 | buf 100,000 | 3990s
Ep 23150/40000 | ret -2.0404 | avg(50) -1.5879 | ε 0.050 | loss 0.00000 | σ_norm 1.000 | buf 100,000 | 3999s
Ep 23200/40000 | ret -3.2462 | avg(50) -1.5083 | ε 0.050 | loss 0.00000 | σ_norm 1.000 | buf 100,000 | 4008s
Ep 23250/40000 | ret -1.7600 | avg(50) -1.4711 | ε 0.050 | loss 0.00001 | σ_norm 1.000 | buf 100,000 | 4017s
Ep 23300/40000 | ret -1.2177 | avg(50) -1.5266 | ε 0.050 | loss 0.00000 | σ_norm 1.001 | buf 100,000 | 4026s
Ep 23350/40000 | ret -1.2998 | avg(50) -1.3905 | ε 0.050 | loss 0.00000 | σ_norm 0.998 | buf 100,000 | 4035s
Ep 23400/40000 | ret -1.2201 | avg(50) -1.4888 | ε 0.050 | loss 0.00000 | σ_norm 1.001 | buf 100,000 | 4044s
Ep 23450/40000 | ret -1.2314 | avg(50) -1.4955 | ε 0.050 | loss 0.00001 | σ_norm 0.999 | buf 100,000 | 4053s
Ep 23500/40000 | ret -1.2194 | avg(50) -1.4981 | ε 0.050 | loss 0.00000 | σ_norm 1.002 | buf 100,000 | 4062s
[agent] Checkpoint saved → online_RL/runs/20260601_234854/dqn_ep23500.pt
[train] Returns plot → online_RL/runs/20260601_234854/returns.png
[train] Q-loss plot  → online_RL/runs/20260601_234854/q_loss.png
[train] Epsilon plot → online_RL/runs/20260601_234854/epsilon.png
[train] Epistemic-std plot → online_RL/runs/20260601_234854/epistemic_std.png
Ep 23550/40000 | ret -1.2188 | avg(50) -1.4811 | ε 0.050 | loss 0.00000 | σ_norm 0.999 | buf 100,000 | 4073s
Ep 23600/40000 | ret -1.2185 | avg(50) -1.4571 | ε 0.050 | loss 0.00000 | σ_norm 1.000 | buf 100,000 | 4082s
Ep 23650/40000 | ret -1.2202 | avg(50) -1.4645 | ε 0.050 | loss 0.00001 | σ_norm 0.999 | buf 100,000 | 4091s
Ep 23700/40000 | ret -2.3000 | avg(50) -1.4946 | ε 0.050 | loss 0.00000 | σ_norm 1.000 | buf 100,000 | 4100s
Ep 23750/40000 | ret -1.2179 | avg(50) -1.4294 | ε 0.050 | loss 0.00000 | σ_norm 1.001 | buf 100,000 | 4109s
Ep 23800/40000 | ret -1.7796 | avg(50) -1.4190 | ε 0.050 | loss 0.00001 | σ_norm 0.997 | buf 100,000 | 4118s
Ep 23850/40000 | ret -1.9399 | avg(50) -1.3575 | ε 0.050 | loss 0.00000 | σ_norm 0.999 | buf 100,000 | 4127s
Ep 23900/40000 | ret -1.2454 | avg(50) -1.6829 | ε 0.050 | loss 0.00000 | σ_norm 1.003 | buf 100,000 | 4136s
Ep 23950/40000 | ret -1.2394 | avg(50) -1.4908 | ε 0.050 | loss 0.00004 | σ_norm 1.001 | buf 100,000 | 4145s
Ep 24000/40000 | ret -1.2237 | avg(50) -1.5049 | ε 0.050 | loss 0.00000 | σ_norm 0.996 | buf 100,000 | 4154s
[agent] Checkpoint saved → online_RL/runs/20260601_234854/dqn_ep24000.pt
[train] Returns plot → online_RL/runs/20260601_234854/returns.png
[train] Q-loss plot  → online_RL/runs/20260601_234854/q_loss.png
[train] Epsilon plot → online_RL/runs/20260601_234854/epsilon.png
[train] Epistemic-std plot → online_RL/runs/20260601_234854/epistemic_std.png
Ep 24050/40000 | ret -1.2310 | avg(50) -1.5043 | ε 0.050 | loss 0.00000 | σ_norm 1.001 | buf 100,000 | 4165s
Ep 24100/40000 | ret -1.2365 | avg(50) -1.4670 | ε 0.050 | loss 0.00001 | σ_norm 0.998 | buf 100,000 | 4174s
Ep 24150/40000 | ret -1.2180 | avg(50) -1.6607 | ε 0.050 | loss 0.00000 | σ_norm 1.001 | buf 100,000 | 4183s
Ep 24200/40000 | ret -2.8154 | avg(50) -1.3857 | ε 0.050 | loss 0.00001 | σ_norm 0.999 | buf 100,000 | 4192s
Ep 24250/40000 | ret -1.2241 | avg(50) -1.3566 | ε 0.050 | loss 0.00001 | σ_norm 1.000 | buf 100,000 | 4202s
Ep 24300/40000 | ret -1.3053 | avg(50) -1.4587 | ε 0.050 | loss 0.00000 | σ_norm 0.999 | buf 100,000 | 4211s
Ep 24350/40000 | ret -1.2205 | avg(50) -1.4628 | ε 0.050 | loss 0.00000 | σ_norm 1.001 | buf 100,000 | 4220s
Ep 24400/40000 | ret -1.2307 | avg(50) -1.4392 | ε 0.050 | loss 0.00000 | σ_norm 0.997 | buf 100,000 | 4229s
Ep 24450/40000 | ret -1.2527 | avg(50) -1.5260 | ε 0.050 | loss 0.00000 | σ_norm 1.003 | buf 100,000 | 4238s
Ep 24500/40000 | ret -1.2337 | avg(50) -1.4722 | ε 0.050 | loss 0.00001 | σ_norm 0.998 | buf 100,000 | 4247s
[agent] Checkpoint saved → online_RL/runs/20260601_234854/dqn_ep24500.pt
[train] Returns plot → online_RL/runs/20260601_234854/returns.png
[train] Q-loss plot  → online_RL/runs/20260601_234854/q_loss.png
[train] Epsilon plot → online_RL/runs/20260601_234854/epsilon.png
[train] Epistemic-std plot → online_RL/runs/20260601_234854/epistemic_std.png
Ep 24550/40000 | ret -1.2388 | avg(50) -1.4420 | ε 0.050 | loss 0.00000 | σ_norm 1.001 | buf 100,000 | 4258s
Ep 24600/40000 | ret -1.3547 | avg(50) -1.3756 | ε 0.050 | loss 0.00000 | σ_norm 1.000 | buf 100,000 | 4267s
Ep 24650/40000 | ret -1.2201 | avg(50) -1.5050 | ε 0.050 | loss 0.00000 | σ_norm 1.000 | buf 100,000 | 4276s
Ep 24700/40000 | ret -1.2245 | avg(50) -1.4799 | ε 0.050 | loss 0.00001 | σ_norm 0.998 | buf 100,000 | 4285s
Ep 24750/40000 | ret -1.2350 | avg(50) -1.4397 | ε 0.050 | loss 0.00000 | σ_norm 0.999 | buf 100,000 | 4294s
Ep 24800/40000 | ret -1.3447 | avg(50) -1.5155 | ε 0.050 | loss 0.00000 | σ_norm 1.001 | buf 100,000 | 4303s
Ep 24850/40000 | ret -1.2205 | avg(50) -1.6356 | ε 0.050 | loss 0.00000 | σ_norm 1.001 | buf 100,000 | 4312s
Ep 24900/40000 | ret -2.1397 | avg(50) -1.4495 | ε 0.050 | loss 0.00000 | σ_norm 1.000 | buf 100,000 | 4321s
Ep 24950/40000 | ret -1.2294 | avg(50) -1.5115 | ε 0.050 | loss 0.00001 | σ_norm 1.000 | buf 100,000 | 4330s
Ep 25000/40000 | ret -1.2198 | avg(50) -1.5995 | ε 0.050 | loss 0.00000 | σ_norm 0.999 | buf 100,000 | 4339s
[agent] Checkpoint saved → online_RL/runs/20260601_234854/dqn_ep25000.pt
[train] Returns plot → online_RL/runs/20260601_234854/returns.png
[train] Q-loss plot  → online_RL/runs/20260601_234854/q_loss.png
[train] Epsilon plot → online_RL/runs/20260601_234854/epsilon.png
[train] Epistemic-std plot → online_RL/runs/20260601_234854/epistemic_std.png
Ep 25050/40000 | ret -1.2180 | avg(50) -1.5720 | ε 0.050 | loss 0.00000 | σ_norm 1.000 | buf 100,000 | 4350s
Ep 25100/40000 | ret -1.3108 | avg(50) -1.4427 | ε 0.050 | loss 0.00001 | σ_norm 0.998 | buf 100,000 | 4359s
Ep 25150/40000 | ret -1.2192 | avg(50) -1.4291 | ε 0.050 | loss 0.00000 | σ_norm 1.002 | buf 100,000 | 4368s
Ep 25200/40000 | ret -1.2138 | avg(50) -1.4478 | ε 0.050 | loss 0.00000 | σ_norm 1.000 | buf 100,000 | 4377s
Ep 25250/40000 | ret -1.2340 | avg(50) -1.4951 | ε 0.050 | loss 0.00000 | σ_norm 0.995 | buf 100,000 | 4387s
Ep 25300/40000 | ret -1.4346 | avg(50) -1.4717 | ε 0.050 | loss 0.00003 | σ_norm 1.004 | buf 100,000 | 4396s
Ep 25350/40000 | ret -1.2234 | avg(50) -1.4470 | ε 0.050 | loss 0.00000 | σ_norm 0.997 | buf 100,000 | 4405s
Ep 25400/40000 | ret -1.2298 | avg(50) -1.5025 | ε 0.050 | loss 0.00000 | σ_norm 0.998 | buf 100,000 | 4414s
Ep 25450/40000 | ret -1.6896 | avg(50) -1.4262 | ε 0.050 | loss 0.00000 | σ_norm 1.002 | buf 100,000 | 4423s
Ep 25500/40000 | ret -1.2318 | avg(50) -1.4959 | ε 0.050 | loss 0.00000 | σ_norm 1.001 | buf 100,000 | 4432s
[agent] Checkpoint saved → online_RL/runs/20260601_234854/dqn_ep25500.pt
[train] Returns plot → online_RL/runs/20260601_234854/returns.png
[train] Q-loss plot  → online_RL/runs/20260601_234854/q_loss.png
[train] Epsilon plot → online_RL/runs/20260601_234854/epsilon.png
[train] Epistemic-std plot → online_RL/runs/20260601_234854/epistemic_std.png
Ep 25550/40000 | ret -1.3269 | avg(50) -1.4517 | ε 0.050 | loss 0.00001 | σ_norm 0.998 | buf 100,000 | 4443s
Ep 25600/40000 | ret -1.2343 | avg(50) -1.4508 | ε 0.050 | loss 0.00000 | σ_norm 1.001 | buf 100,000 | 4452s
Ep 25650/40000 | ret -1.8538 | avg(50) -1.4523 | ε 0.050 | loss 0.00000 | σ_norm 0.996 | buf 100,000 | 4461s
Ep 25700/40000 | ret -1.6888 | avg(50) -1.4657 | ε 0.050 | loss 0.00000 | σ_norm 1.002 | buf 100,000 | 4470s
Ep 25750/40000 | ret -1.9269 | avg(50) -1.3572 | ε 0.050 | loss 0.00000 | σ_norm 1.002 | buf 100,000 | 4479s
Ep 25800/40000 | ret -1.2247 | avg(50) -1.3926 | ε 0.050 | loss 0.00000 | σ_norm 0.999 | buf 100,000 | 4488s
Ep 25850/40000 | ret -1.2318 | avg(50) -1.5203 | ε 0.050 | loss 0.00000 | σ_norm 1.000 | buf 100,000 | 4497s
Ep 25900/40000 | ret -1.3868 | avg(50) -1.4029 | ε 0.050 | loss 0.00000 | σ_norm 0.999 | buf 100,000 | 4506s
Ep 25950/40000 | ret -1.2310 | avg(50) -1.4074 | ε 0.050 | loss 0.00001 | σ_norm 1.000 | buf 100,000 | 4516s
Ep 26000/40000 | ret -1.2171 | avg(50) -1.5125 | ε 0.050 | loss 0.00000 | σ_norm 1.002 | buf 100,000 | 4525s
[agent] Checkpoint saved → online_RL/runs/20260601_234854/dqn_ep26000.pt
[train] Returns plot → online_RL/runs/20260601_234854/returns.png
[train] Q-loss plot  → online_RL/runs/20260601_234854/q_loss.png
[train] Epsilon plot → online_RL/runs/20260601_234854/epsilon.png
[train] Epistemic-std plot → online_RL/runs/20260601_234854/epistemic_std.png
Ep 26050/40000 | ret -2.5204 | avg(50) -1.4575 | ε 0.050 | loss 0.00001 | σ_norm 0.998 | buf 100,000 | 4535s
Ep 26100/40000 | ret -1.6807 | avg(50) -1.4292 | ε 0.050 | loss 0.00000 | σ_norm 0.999 | buf 100,000 | 4544s
Ep 26150/40000 | ret -2.3522 | avg(50) -1.5656 | ε 0.050 | loss 0.00001 | σ_norm 1.002 | buf 100,000 | 4553s
Ep 26200/40000 | ret -2.8133 | avg(50) -1.4888 | ε 0.050 | loss 0.00000 | σ_norm 1.000 | buf 100,000 | 4563s
Ep 26250/40000 | ret -1.2230 | avg(50) -1.5298 | ε 0.050 | loss 0.00000 | σ_norm 0.997 | buf 100,000 | 4572s
Ep 26300/40000 | ret -1.2245 | avg(50) -1.4237 | ε 0.050 | loss 0.00000 | σ_norm 1.001 | buf 100,000 | 4581s
Ep 26350/40000 | ret -2.1035 | avg(50) -1.5713 | ε 0.050 | loss 0.00000 | σ_norm 1.000 | buf 100,000 | 4590s
Ep 26400/40000 | ret -1.2255 | avg(50) -1.3874 | ε 0.050 | loss 0.00000 | σ_norm 0.998 | buf 100,000 | 4599s
Ep 26450/40000 | ret -1.2357 | avg(50) -1.5396 | ε 0.050 | loss 0.00000 | σ_norm 1.001 | buf 100,000 | 4608s
Ep 26500/40000 | ret -1.7594 | avg(50) -1.4015 | ε 0.050 | loss 0.00000 | σ_norm 0.997 | buf 100,000 | 4617s
[agent] Checkpoint saved → online_RL/runs/20260601_234854/dqn_ep26500.pt
[train] Returns plot → online_RL/runs/20260601_234854/returns.png
[train] Q-loss plot  → online_RL/runs/20260601_234854/q_loss.png
[train] Epsilon plot → online_RL/runs/20260601_234854/epsilon.png
[train] Epistemic-std plot → online_RL/runs/20260601_234854/epistemic_std.png
Ep 26550/40000 | ret -1.2240 | avg(50) -1.5943 | ε 0.050 | loss 0.00000 | σ_norm 1.003 | buf 100,000 | 4628s
Ep 26600/40000 | ret -1.2234 | avg(50) -1.4176 | ε 0.050 | loss 0.00000 | σ_norm 0.999 | buf 100,000 | 4637s
Ep 26650/40000 | ret -1.2288 | avg(50) -1.4065 | ε 0.050 | loss 0.00000 | σ_norm 0.998 | buf 100,000 | 4646s
Ep 26700/40000 | ret -3.0378 | avg(50) -1.6087 | ε 0.050 | loss 0.00000 | σ_norm 1.002 | buf 100,000 | 4655s
Ep 26750/40000 | ret -1.2283 | avg(50) -1.4801 | ε 0.050 | loss 0.00000 | σ_norm 0.999 | buf 100,000 | 4665s
Ep 26800/40000 | ret -1.2366 | avg(50) -1.3815 | ε 0.050 | loss 0.00000 | σ_norm 0.998 | buf 100,000 | 4674s
Ep 26850/40000 | ret -2.6727 | avg(50) -1.3755 | ε 0.050 | loss 0.00000 | σ_norm 1.003 | buf 100,000 | 4683s
Ep 26900/40000 | ret -1.6278 | avg(50) -1.4503 | ε 0.050 | loss 0.00000 | σ_norm 0.999 | buf 100,000 | 4692s
Ep 26950/40000 | ret -1.2267 | avg(50) -1.4235 | ε 0.050 | loss 0.00001 | σ_norm 1.001 | buf 100,000 | 4701s
Ep 27000/40000 | ret -1.2247 | avg(50) -1.6205 | ε 0.050 | loss 0.00000 | σ_norm 0.998 | buf 100,000 | 4710s
[agent] Checkpoint saved → online_RL/runs/20260601_234854/dqn_ep27000.pt
[train] Returns plot → online_RL/runs/20260601_234854/returns.png
[train] Q-loss plot  → online_RL/runs/20260601_234854/q_loss.png
[train] Epsilon plot → online_RL/runs/20260601_234854/epsilon.png
[train] Epistemic-std plot → online_RL/runs/20260601_234854/epistemic_std.png
Ep 27050/40000 | ret -1.9285 | avg(50) -1.5741 | ε 0.050 | loss 0.00000 | σ_norm 0.996 | buf 100,000 | 4721s
Ep 27100/40000 | ret -1.7852 | avg(50) -1.4213 | ε 0.050 | loss 0.00000 | σ_norm 1.004 | buf 100,000 | 4730s
Ep 27150/40000 | ret -1.2268 | avg(50) -1.5454 | ε 0.050 | loss 0.00000 | σ_norm 0.998 | buf 100,000 | 4739s
Ep 27200/40000 | ret -1.5161 | avg(50) -1.4820 | ε 0.050 | loss 0.00000 | σ_norm 1.000 | buf 100,000 | 4748s
Ep 27250/40000 | ret -1.2262 | avg(50) -1.4346 | ε 0.050 | loss 0.00000 | σ_norm 0.999 | buf 100,000 | 4757s
Ep 27300/40000 | ret -1.3528 | avg(50) -1.4455 | ε 0.050 | loss 0.00000 | σ_norm 1.002 | buf 100,000 | 4766s
Ep 27350/40000 | ret -1.2256 | avg(50) -1.3753 | ε 0.050 | loss 0.00000 | σ_norm 0.999 | buf 100,000 | 4775s
Ep 27400/40000 | ret -1.2275 | avg(50) -1.3785 | ε 0.050 | loss 0.00000 | σ_norm 1.000 | buf 100,000 | 4784s
Ep 27450/40000 | ret -1.2289 | avg(50) -1.4591 | ε 0.050 | loss 0.00000 | σ_norm 0.998 | buf 100,000 | 4793s
Ep 27500/40000 | ret -1.2378 | avg(50) -1.5212 | ε 0.050 | loss 0.00000 | σ_norm 0.998 | buf 100,000 | 4803s
[agent] Checkpoint saved → online_RL/runs/20260601_234854/dqn_ep27500.pt
[train] Returns plot → online_RL/runs/20260601_234854/returns.png
[train] Q-loss plot  → online_RL/runs/20260601_234854/q_loss.png
[train] Epsilon plot → online_RL/runs/20260601_234854/epsilon.png
[train] Epistemic-std plot → online_RL/runs/20260601_234854/epistemic_std.png
Ep 27550/40000 | ret -1.2325 | avg(50) -1.3955 | ε 0.050 | loss 0.00000 | σ_norm 1.002 | buf 100,000 | 4813s
Ep 27600/40000 | ret -3.3191 | avg(50) -1.4244 | ε 0.050 | loss 0.00000 | σ_norm 1.003 | buf 100,000 | 4822s
Ep 27650/40000 | ret -1.2319 | avg(50) -1.4392 | ε 0.050 | loss 0.00000 | σ_norm 0.996 | buf 100,000 | 4832s
Ep 27700/40000 | ret -1.2302 | avg(50) -1.4680 | ε 0.050 | loss 0.00001 | σ_norm 1.003 | buf 100,000 | 4841s
Ep 27750/40000 | ret -1.2423 | avg(50) -1.5072 | ε 0.050 | loss 0.00000 | σ_norm 1.001 | buf 100,000 | 4850s
Ep 27800/40000 | ret -1.2268 | avg(50) -1.3446 | ε 0.050 | loss 0.00000 | σ_norm 0.997 | buf 100,000 | 4859s
Ep 27850/40000 | ret -1.2327 | avg(50) -1.3740 | ε 0.050 | loss 0.00000 | σ_norm 1.001 | buf 100,000 | 4868s
Ep 27900/40000 | ret -1.2406 | avg(50) -1.5721 | ε 0.050 | loss 0.00000 | σ_norm 0.996 | buf 100,000 | 4877s
Ep 27950/40000 | ret -1.2592 | avg(50) -1.3814 | ε 0.050 | loss 0.00000 | σ_norm 1.004 | buf 100,000 | 4886s
Ep 28000/40000 | ret -1.2209 | avg(50) -1.4684 | ε 0.050 | loss 0.00000 | σ_norm 1.001 | buf 100,000 | 4895s
[agent] Checkpoint saved → online_RL/runs/20260601_234854/dqn_ep28000.pt
[train] Returns plot → online_RL/runs/20260601_234854/returns.png
[train] Q-loss plot  → online_RL/runs/20260601_234854/q_loss.png
[train] Epsilon plot → online_RL/runs/20260601_234854/epsilon.png
[train] Epistemic-std plot → online_RL/runs/20260601_234854/epistemic_std.png
Ep 28050/40000 | ret -1.2327 | avg(50) -1.4660 | ε 0.050 | loss 0.00000 | σ_norm 0.999 | buf 100,000 | 4906s
Ep 28100/40000 | ret -2.9082 | avg(50) -1.6005 | ε 0.050 | loss 0.00000 | σ_norm 1.001 | buf 100,000 | 4915s
Ep 28150/40000 | ret -2.1173 | avg(50) -1.5552 | ε 0.050 | loss 0.00000 | σ_norm 0.999 | buf 100,000 | 4924s
Ep 28200/40000 | ret -1.2219 | avg(50) -1.4039 | ε 0.050 | loss 0.00000 | σ_norm 1.001 | buf 100,000 | 4933s
Ep 28250/40000 | ret -1.3414 | avg(50) -1.4486 | ε 0.050 | loss 0.00000 | σ_norm 0.999 | buf 100,000 | 4942s
Ep 28300/40000 | ret -1.2200 | avg(50) -1.3890 | ε 0.050 | loss 0.00000 | σ_norm 1.001 | buf 100,000 | 4951s
Ep 28350/40000 | ret -1.3514 | avg(50) -1.5812 | ε 0.050 | loss 0.00000 | σ_norm 0.999 | buf 100,000 | 4960s
Ep 28400/40000 | ret -1.2227 | avg(50) -1.4541 | ε 0.050 | loss 0.00001 | σ_norm 1.000 | buf 100,000 | 4970s
Ep 28450/40000 | ret -1.6105 | avg(50) -1.6054 | ε 0.050 | loss 0.00000 | σ_norm 1.001 | buf 100,000 | 4979s
Ep 28500/40000 | ret -1.2179 | avg(50) -1.4126 | ε 0.050 | loss 0.00000 | σ_norm 1.000 | buf 100,000 | 4988s
[agent] Checkpoint saved → online_RL/runs/20260601_234854/dqn_ep28500.pt
[train] Returns plot → online_RL/runs/20260601_234854/returns.png
[train] Q-loss plot  → online_RL/runs/20260601_234854/q_loss.png
[train] Epsilon plot → online_RL/runs/20260601_234854/epsilon.png
[train] Epistemic-std plot → online_RL/runs/20260601_234854/epistemic_std.png
Ep 28550/40000 | ret -1.4721 | avg(50) -1.3596 | ε 0.050 | loss 0.00000 | σ_norm 0.998 | buf 100,000 | 4998s
Ep 28600/40000 | ret -1.2243 | avg(50) -1.3761 | ε 0.050 | loss 0.00000 | σ_norm 1.000 | buf 100,000 | 5008s
Ep 28650/40000 | ret -1.2282 | avg(50) -1.4811 | ε 0.050 | loss 0.00000 | σ_norm 0.999 | buf 100,000 | 5017s
Ep 28700/40000 | ret -1.2303 | avg(50) -1.4736 | ε 0.050 | loss 0.00000 | σ_norm 1.000 | buf 100,000 | 5026s
Ep 28750/40000 | ret -1.2194 | avg(50) -1.4826 | ε 0.050 | loss 0.00000 | σ_norm 1.002 | buf 100,000 | 5035s
Ep 28800/40000 | ret -2.8712 | avg(50) -1.5327 | ε 0.050 | loss 0.00000 | σ_norm 1.000 | buf 100,000 | 5044s
Ep 28850/40000 | ret -2.2405 | avg(50) -1.4409 | ε 0.050 | loss 0.00001 | σ_norm 0.998 | buf 100,000 | 5053s
Ep 28900/40000 | ret -1.2296 | avg(50) -1.5103 | ε 0.050 | loss 0.00000 | σ_norm 0.998 | buf 100,000 | 5062s
Ep 28950/40000 | ret -1.2269 | avg(50) -1.5393 | ε 0.050 | loss 0.00001 | σ_norm 1.000 | buf 100,000 | 5071s
Ep 29000/40000 | ret -1.2280 | avg(50) -1.6628 | ε 0.050 | loss 0.00000 | σ_norm 1.000 | buf 100,000 | 5080s
[agent] Checkpoint saved → online_RL/runs/20260601_234854/dqn_ep29000.pt
[train] Returns plot → online_RL/runs/20260601_234854/returns.png
[train] Q-loss plot  → online_RL/runs/20260601_234854/q_loss.png
[train] Epsilon plot → online_RL/runs/20260601_234854/epsilon.png
[train] Epistemic-std plot → online_RL/runs/20260601_234854/epistemic_std.png
Ep 29050/40000 | ret -1.2294 | avg(50) -1.6352 | ε 0.050 | loss 0.00000 | σ_norm 1.001 | buf 100,000 | 5091s
Ep 29100/40000 | ret -1.2269 | avg(50) -1.3580 | ε 0.050 | loss 0.00000 | σ_norm 1.000 | buf 100,000 | 5100s
Ep 29150/40000 | ret -2.5676 | avg(50) -1.3908 | ε 0.050 | loss 0.00000 | σ_norm 0.999 | buf 100,000 | 5109s
Ep 29200/40000 | ret -1.2212 | avg(50) -1.4518 | ε 0.050 | loss 0.00000 | σ_norm 1.002 | buf 100,000 | 5118s
Ep 29250/40000 | ret -1.2239 | avg(50) -1.4913 | ε 0.050 | loss 0.00000 | σ_norm 1.000 | buf 100,000 | 5127s
Ep 29300/40000 | ret -1.2202 | avg(50) -1.4058 | ε 0.050 | loss 0.00000 | σ_norm 1.000 | buf 100,000 | 5137s
Ep 29350/40000 | ret -1.6082 | avg(50) -1.4085 | ε 0.050 | loss 0.00001 | σ_norm 1.001 | buf 100,000 | 5146s
Ep 29400/40000 | ret -1.6486 | avg(50) -1.4716 | ε 0.050 | loss 0.00000 | σ_norm 0.999 | buf 100,000 | 5155s
Ep 29450/40000 | ret -1.6776 | avg(50) -1.4061 | ε 0.050 | loss 0.00000 | σ_norm 0.996 | buf 100,000 | 5164s
Ep 29500/40000 | ret -2.3276 | avg(50) -1.4658 | ε 0.050 | loss 0.00000 | σ_norm 1.002 | buf 100,000 | 5173s
[agent] Checkpoint saved → online_RL/runs/20260601_234854/dqn_ep29500.pt
[train] Returns plot → online_RL/runs/20260601_234854/returns.png
[train] Q-loss plot  → online_RL/runs/20260601_234854/q_loss.png
[train] Epsilon plot → online_RL/runs/20260601_234854/epsilon.png
[train] Epistemic-std plot → online_RL/runs/20260601_234854/epistemic_std.png
Ep 29550/40000 | ret -1.2236 | avg(50) -1.4182 | ε 0.050 | loss 0.00000 | σ_norm 1.000 | buf 100,000 | 5184s
Ep 29600/40000 | ret -1.2243 | avg(50) -1.4946 | ε 0.050 | loss 0.00000 | σ_norm 1.000 | buf 100,000 | 5193s
Ep 29650/40000 | ret -1.5857 | avg(50) -1.4740 | ε 0.050 | loss 0.00000 | σ_norm 1.002 | buf 100,000 | 5202s
Ep 29700/40000 | ret -1.2666 | avg(50) -1.5304 | ε 0.050 | loss 0.00001 | σ_norm 0.998 | buf 100,000 | 5211s
Ep 29750/40000 | ret -1.2216 | avg(50) -1.4060 | ε 0.050 | loss 0.00001 | σ_norm 1.001 | buf 100,000 | 5220s
Ep 29800/40000 | ret -1.2262 | avg(50) -1.5568 | ε 0.050 | loss 0.00000 | σ_norm 0.997 | buf 100,000 | 5229s
Ep 29850/40000 | ret -1.2214 | avg(50) -1.5204 | ε 0.050 | loss 0.00000 | σ_norm 1.001 | buf 100,000 | 5238s
Ep 29900/40000 | ret -1.2609 | avg(50) -1.4737 | ε 0.050 | loss 0.00000 | σ_norm 0.999 | buf 100,000 | 5248s
Ep 29950/40000 | ret -1.2259 | avg(50) -1.5567 | ε 0.050 | loss 0.00001 | σ_norm 1.001 | buf 100,000 | 5257s
Ep 30000/40000 | ret -1.2210 | avg(50) -1.4928 | ε 0.050 | loss 0.00000 | σ_norm 1.000 | buf 100,000 | 5266s
[agent] Checkpoint saved → online_RL/runs/20260601_234854/dqn_ep30000.pt
[train] Returns plot → online_RL/runs/20260601_234854/returns.png
[train] Q-loss plot  → online_RL/runs/20260601_234854/q_loss.png
[train] Epsilon plot → online_RL/runs/20260601_234854/epsilon.png
[train] Epistemic-std plot → online_RL/runs/20260601_234854/epistemic_std.png
Ep 30050/40000 | ret -1.3781 | avg(50) -1.4796 | ε 0.050 | loss 0.00000 | σ_norm 0.999 | buf 100,000 | 5277s
Ep 30100/40000 | ret -1.2422 | avg(50) -1.4902 | ε 0.050 | loss 0.00000 | σ_norm 1.000 | buf 100,000 | 5286s
Ep 30150/40000 | ret -1.2366 | avg(50) -1.6387 | ε 0.050 | loss 0.00000 | σ_norm 0.999 | buf 100,000 | 5295s
Ep 30200/40000 | ret -1.3556 | avg(50) -1.3748 | ε 0.050 | loss 0.00000 | σ_norm 0.999 | buf 100,000 | 5304s
Ep 30250/40000 | ret -1.2257 | avg(50) -1.4854 | ε 0.050 | loss 0.00000 | σ_norm 1.002 | buf 100,000 | 5313s
Ep 30300/40000 | ret -1.2231 | avg(50) -1.4873 | ε 0.050 | loss 0.00001 | σ_norm 1.000 | buf 100,000 | 5322s
Ep 30350/40000 | ret -1.2239 | avg(50) -1.3481 | ε 0.050 | loss 0.00000 | σ_norm 0.999 | buf 100,000 | 5331s
Ep 30400/40000 | ret -1.4887 | avg(50) -1.6225 | ε 0.050 | loss 0.00000 | σ_norm 1.000 | buf 100,000 | 5341s
Ep 30450/40000 | ret -1.2236 | avg(50) -1.3930 | ε 0.050 | loss 0.00000 | σ_norm 1.000 | buf 100,000 | 5350s
Ep 30500/40000 | ret -1.2196 | avg(50) -1.4135 | ε 0.050 | loss 0.00000 | σ_norm 1.001 | buf 100,000 | 5359s
[agent] Checkpoint saved → online_RL/runs/20260601_234854/dqn_ep30500.pt
[train] Returns plot → online_RL/runs/20260601_234854/returns.png
[train] Q-loss plot  → online_RL/runs/20260601_234854/q_loss.png
[train] Epsilon plot → online_RL/runs/20260601_234854/epsilon.png
[train] Epistemic-std plot → online_RL/runs/20260601_234854/epistemic_std.png
Ep 30550/40000 | ret -1.2311 | avg(50) -1.4089 | ε 0.050 | loss 0.00001 | σ_norm 0.999 | buf 100,000 | 5369s
Ep 30600/40000 | ret -1.2371 | avg(50) -1.4859 | ε 0.050 | loss 0.00000 | σ_norm 0.996 | buf 100,000 | 5379s
Ep 30650/40000 | ret -2.3304 | avg(50) -1.4779 | ε 0.050 | loss 0.00000 | σ_norm 1.000 | buf 100,000 | 5388s
Ep 30700/40000 | ret -1.3063 | avg(50) -1.3936 | ε 0.050 | loss 0.00000 | σ_norm 1.001 | buf 100,000 | 5397s
Ep 30750/40000 | ret -1.2256 | avg(50) -1.5232 | ε 0.050 | loss 0.00000 | σ_norm 1.001 | buf 100,000 | 5406s
Ep 30800/40000 | ret -1.9331 | avg(50) -1.3591 | ε 0.050 | loss 0.00000 | σ_norm 0.999 | buf 100,000 | 5415s
Ep 30850/40000 | ret -1.2278 | avg(50) -1.5406 | ε 0.050 | loss 0.00000 | σ_norm 1.000 | buf 100,000 | 5424s
Ep 30900/40000 | ret -1.4957 | avg(50) -1.4171 | ε 0.050 | loss 0.00000 | σ_norm 1.001 | buf 100,000 | 5433s
Ep 30950/40000 | ret -1.2337 | avg(50) -1.3633 | ε 0.050 | loss 0.00000 | σ_norm 0.997 | buf 100,000 | 5442s
Ep 31000/40000 | ret -1.2199 | avg(50) -1.5076 | ε 0.050 | loss 0.00000 | σ_norm 1.003 | buf 100,000 | 5452s
[agent] Checkpoint saved → online_RL/runs/20260601_234854/dqn_ep31000.pt
[train] Returns plot → online_RL/runs/20260601_234854/returns.png
[train] Q-loss plot  → online_RL/runs/20260601_234854/q_loss.png
[train] Epsilon plot → online_RL/runs/20260601_234854/epsilon.png
[train] Epistemic-std plot → online_RL/runs/20260601_234854/epistemic_std.png
Ep 31050/40000 | ret -1.2198 | avg(50) -1.6330 | ε 0.050 | loss 0.00000 | σ_norm 1.000 | buf 100,000 | 5462s
Ep 31100/40000 | ret -2.3494 | avg(50) -1.5416 | ε 0.050 | loss 0.00000 | σ_norm 0.999 | buf 100,000 | 5472s
Ep 31150/40000 | ret -1.2300 | avg(50) -1.5001 | ε 0.050 | loss 0.00000 | σ_norm 1.000 | buf 100,000 | 5481s
Ep 31200/40000 | ret -1.7357 | avg(50) -1.4712 | ε 0.050 | loss 0.00000 | σ_norm 1.000 | buf 100,000 | 5490s
Ep 31250/40000 | ret -1.2235 | avg(50) -1.5408 | ε 0.050 | loss 0.00000 | σ_norm 1.000 | buf 100,000 | 5499s
Ep 31300/40000 | ret -1.2339 | avg(50) -1.5109 | ε 0.050 | loss 0.00000 | σ_norm 1.000 | buf 100,000 | 5508s
Ep 31350/40000 | ret -2.9277 | avg(50) -1.5508 | ε 0.050 | loss 0.00000 | σ_norm 0.999 | buf 100,000 | 5517s
Ep 31400/40000 | ret -2.8883 | avg(50) -1.4618 | ε 0.050 | loss 0.00000 | σ_norm 1.002 | buf 100,000 | 5526s
Ep 31450/40000 | ret -1.2277 | avg(50) -1.4387 | ε 0.050 | loss 0.00000 | σ_norm 0.997 | buf 100,000 | 5535s
Ep 31500/40000 | ret -1.2208 | avg(50) -1.4514 | ε 0.050 | loss 0.00000 | σ_norm 1.001 | buf 100,000 | 5544s
[agent] Checkpoint saved → online_RL/runs/20260601_234854/dqn_ep31500.pt
[train] Returns plot → online_RL/runs/20260601_234854/returns.png
[train] Q-loss plot  → online_RL/runs/20260601_234854/q_loss.png
[train] Epsilon plot → online_RL/runs/20260601_234854/epsilon.png
[train] Epistemic-std plot → online_RL/runs/20260601_234854/epistemic_std.png
Ep 31550/40000 | ret -2.3750 | avg(50) -1.5348 | ε 0.050 | loss 0.00000 | σ_norm 0.997 | buf 100,000 | 5555s
Ep 31600/40000 | ret -1.4712 | avg(50) -1.5020 | ε 0.050 | loss 0.00000 | σ_norm 1.003 | buf 100,000 | 5564s
Ep 31650/40000 | ret -1.2273 | avg(50) -1.4263 | ε 0.050 | loss 0.00000 | σ_norm 0.998 | buf 100,000 | 5573s
Ep 31700/40000 | ret -1.5829 | avg(50) -1.5268 | ε 0.050 | loss 0.00000 | σ_norm 1.003 | buf 100,000 | 5583s
Ep 31750/40000 | ret -1.2291 | avg(50) -1.5266 | ε 0.050 | loss 0.00000 | σ_norm 0.998 | buf 100,000 | 5592s
Ep 31800/40000 | ret -1.2180 | avg(50) -1.4287 | ε 0.050 | loss 0.00000 | σ_norm 1.002 | buf 100,000 | 5601s
Ep 31850/40000 | ret -1.2517 | avg(50) -1.4361 | ε 0.050 | loss 0.00000 | σ_norm 0.999 | buf 100,000 | 5610s
Ep 31900/40000 | ret -1.2216 | avg(50) -1.4892 | ε 0.050 | loss 0.00000 | σ_norm 0.999 | buf 100,000 | 5619s
Ep 31950/40000 | ret -1.8686 | avg(50) -1.5287 | ε 0.050 | loss 0.00000 | σ_norm 0.997 | buf 100,000 | 5628s
Ep 32000/40000 | ret -1.2263 | avg(50) -1.3865 | ε 0.050 | loss 0.00000 | σ_norm 1.001 | buf 100,000 | 5637s
[agent] Checkpoint saved → online_RL/runs/20260601_234854/dqn_ep32000.pt
[train] Returns plot → online_RL/runs/20260601_234854/returns.png
[train] Q-loss plot  → online_RL/runs/20260601_234854/q_loss.png
[train] Epsilon plot → online_RL/runs/20260601_234854/epsilon.png
[train] Epistemic-std plot → online_RL/runs/20260601_234854/epistemic_std.png
Ep 32050/40000 | ret -1.3132 | avg(50) -1.5220 | ε 0.050 | loss 0.00000 | σ_norm 1.001 | buf 100,000 | 5648s
Ep 32100/40000 | ret -1.2273 | avg(50) -1.5200 | ε 0.050 | loss 0.00000 | σ_norm 1.001 | buf 100,000 | 5657s
Ep 32150/40000 | ret -1.9862 | avg(50) -1.5418 | ε 0.050 | loss 0.00000 | σ_norm 0.999 | buf 100,000 | 5666s
Ep 32200/40000 | ret -1.2212 | avg(50) -1.4292 | ε 0.050 | loss 0.00000 | σ_norm 1.000 | buf 100,000 | 5675s
Ep 32250/40000 | ret -2.3294 | avg(50) -1.4508 | ε 0.050 | loss 0.00000 | σ_norm 0.995 | buf 100,000 | 5684s
Ep 32300/40000 | ret -1.2247 | avg(50) -1.4042 | ε 0.050 | loss 0.00000 | σ_norm 1.004 | buf 100,000 | 5694s
Ep 32350/40000 | ret -1.2236 | avg(50) -1.4099 | ε 0.050 | loss 0.00000 | σ_norm 1.000 | buf 100,000 | 5703s
Ep 32400/40000 | ret -1.3466 | avg(50) -1.4054 | ε 0.050 | loss 0.00000 | σ_norm 1.000 | buf 100,000 | 5712s
Ep 32450/40000 | ret -1.2127 | avg(50) -1.6153 | ε 0.050 | loss 0.00000 | σ_norm 1.002 | buf 100,000 | 5721s
Ep 32500/40000 | ret -1.3015 | avg(50) -1.5162 | ε 0.050 | loss 0.00000 | σ_norm 0.997 | buf 100,000 | 5730s
[agent] Checkpoint saved → online_RL/runs/20260601_234854/dqn_ep32500.pt
[train] Returns plot → online_RL/runs/20260601_234854/returns.png
[train] Q-loss plot  → online_RL/runs/20260601_234854/q_loss.png
[train] Epsilon plot → online_RL/runs/20260601_234854/epsilon.png
[train] Epistemic-std plot → online_RL/runs/20260601_234854/epistemic_std.png
Ep 32550/40000 | ret -1.2207 | avg(50) -1.4183 | ε 0.050 | loss 0.00000 | σ_norm 1.001 | buf 100,000 | 5741s
Ep 32600/40000 | ret -3.3037 | avg(50) -1.6281 | ε 0.050 | loss 0.00000 | σ_norm 1.000 | buf 100,000 | 5750s
Ep 32650/40000 | ret -1.2171 | avg(50) -1.6373 | ε 0.050 | loss 0.00000 | σ_norm 1.001 | buf 100,000 | 5759s
Ep 32700/40000 | ret -1.2193 | avg(50) -1.4692 | ε 0.050 | loss 0.00000 | σ_norm 0.999 | buf 100,000 | 5768s
Ep 32750/40000 | ret -1.2275 | avg(50) -1.5045 | ε 0.050 | loss 0.00000 | σ_norm 0.998 | buf 100,000 | 5777s
Ep 32800/40000 | ret -1.2242 | avg(50) -1.4669 | ε 0.050 | loss 0.00000 | σ_norm 1.001 | buf 100,000 | 5786s
Ep 32850/40000 | ret -1.2343 | avg(50) -1.4812 | ε 0.050 | loss 0.00000 | σ_norm 0.997 | buf 100,000 | 5795s
Ep 32900/40000 | ret -1.2197 | avg(50) -1.5809 | ε 0.050 | loss 0.00000 | σ_norm 1.003 | buf 100,000 | 5805s
Ep 32950/40000 | ret -1.2248 | avg(50) -1.4543 | ε 0.050 | loss 0.00000 | σ_norm 0.999 | buf 100,000 | 5814s
Ep 33000/40000 | ret -1.2353 | avg(50) -1.4808 | ε 0.050 | loss 0.00000 | σ_norm 0.998 | buf 100,000 | 5823s
[agent] Checkpoint saved → online_RL/runs/20260601_234854/dqn_ep33000.pt
[train] Returns plot → online_RL/runs/20260601_234854/returns.png
[train] Q-loss plot  → online_RL/runs/20260601_234854/q_loss.png
[train] Epsilon plot → online_RL/runs/20260601_234854/epsilon.png
[train] Epistemic-std plot → online_RL/runs/20260601_234854/epistemic_std.png
Ep 33050/40000 | ret -1.2503 | avg(50) -1.4915 | ε 0.050 | loss 0.00000 | σ_norm 1.002 | buf 100,000 | 5834s
Ep 33100/40000 | ret -1.6718 | avg(50) -1.5241 | ε 0.050 | loss 0.00000 | σ_norm 1.000 | buf 100,000 | 5843s
Ep 33150/40000 | ret -2.5063 | avg(50) -1.4977 | ε 0.050 | loss 0.00000 | σ_norm 0.997 | buf 100,000 | 5852s
Ep 33200/40000 | ret -1.2330 | avg(50) -1.4912 | ε 0.050 | loss 0.00000 | σ_norm 0.999 | buf 100,000 | 5861s
Ep 33250/40000 | ret -1.2239 | avg(50) -1.4750 | ε 0.050 | loss 0.00000 | σ_norm 1.001 | buf 100,000 | 5870s
Ep 33300/40000 | ret -1.2237 | avg(50) -1.3860 | ε 0.050 | loss 0.00000 | σ_norm 1.000 | buf 100,000 | 5879s
Ep 33350/40000 | ret -1.2223 | avg(50) -1.5382 | ε 0.050 | loss 0.00000 | σ_norm 1.000 | buf 100,000 | 5888s
Ep 33400/40000 | ret -1.2218 | avg(50) -1.4375 | ε 0.050 | loss 0.00000 | σ_norm 1.000 | buf 100,000 | 5897s
Ep 33450/40000 | ret -2.1114 | avg(50) -1.4643 | ε 0.050 | loss 0.00000 | σ_norm 0.998 | buf 100,000 | 5907s
Ep 33500/40000 | ret -1.2277 | avg(50) -1.3484 | ε 0.050 | loss 0.00000 | σ_norm 1.001 | buf 100,000 | 5916s
[agent] Checkpoint saved → online_RL/runs/20260601_234854/dqn_ep33500.pt
[train] Returns plot → online_RL/runs/20260601_234854/returns.png
[train] Q-loss plot  → online_RL/runs/20260601_234854/q_loss.png
[train] Epsilon plot → online_RL/runs/20260601_234854/epsilon.png
[train] Epistemic-std plot → online_RL/runs/20260601_234854/epistemic_std.png
Ep 33550/40000 | ret -1.2195 | avg(50) -1.4852 | ε 0.050 | loss 0.00000 | σ_norm 1.004 | buf 100,000 | 5926s
Ep 33600/40000 | ret -1.2185 | avg(50) -1.4739 | ε 0.050 | loss 0.00000 | σ_norm 0.997 | buf 100,000 | 5936s
Ep 33650/40000 | ret -1.2302 | avg(50) -1.3988 | ε 0.050 | loss 0.00000 | σ_norm 0.997 | buf 100,000 | 5945s
Ep 33700/40000 | ret -1.3591 | avg(50) -1.5108 | ε 0.050 | loss 0.00000 | σ_norm 1.002 | buf 100,000 | 5954s
Ep 33750/40000 | ret -1.2227 | avg(50) -1.3893 | ε 0.050 | loss 0.00000 | σ_norm 1.000 | buf 100,000 | 5963s
Ep 33800/40000 | ret -1.2222 | avg(50) -1.4181 | ε 0.050 | loss 0.00000 | σ_norm 1.000 | buf 100,000 | 5972s
Ep 33850/40000 | ret -1.2254 | avg(50) -1.4686 | ε 0.050 | loss 0.00000 | σ_norm 1.001 | buf 100,000 | 5981s
Ep 33900/40000 | ret -1.2197 | avg(50) -1.5094 | ε 0.050 | loss 0.00000 | σ_norm 1.000 | buf 100,000 | 5990s
Ep 33950/40000 | ret -1.2324 | avg(50) -1.5489 | ε 0.050 | loss 0.00001 | σ_norm 0.997 | buf 100,000 | 6000s
Ep 34000/40000 | ret -1.2233 | avg(50) -1.4384 | ε 0.050 | loss 0.00000 | σ_norm 1.001 | buf 100,000 | 6009s
[agent] Checkpoint saved → online_RL/runs/20260601_234854/dqn_ep34000.pt
[train] Returns plot → online_RL/runs/20260601_234854/returns.png
[train] Q-loss plot  → online_RL/runs/20260601_234854/q_loss.png
[train] Epsilon plot → online_RL/runs/20260601_234854/epsilon.png
[train] Epistemic-std plot → online_RL/runs/20260601_234854/epistemic_std.png
Ep 34050/40000 | ret -1.2220 | avg(50) -1.5408 | ε 0.050 | loss 0.00000 | σ_norm 1.002 | buf 100,000 | 6020s
Ep 34100/40000 | ret -2.2983 | avg(50) -1.4550 | ε 0.050 | loss 0.00000 | σ_norm 0.997 | buf 100,000 | 6029s
Ep 34150/40000 | ret -1.2268 | avg(50) -1.5255 | ε 0.050 | loss 0.00000 | σ_norm 1.000 | buf 100,000 | 6038s
Ep 34200/40000 | ret -2.2257 | avg(50) -1.4007 | ε 0.050 | loss 0.00000 | σ_norm 0.998 | buf 100,000 | 6047s
Ep 34250/40000 | ret -1.2300 | avg(50) -1.5020 | ε 0.050 | loss 0.00000 | σ_norm 1.000 | buf 100,000 | 6056s
Ep 34300/40000 | ret -2.5415 | avg(50) -1.5471 | ε 0.050 | loss 0.00000 | σ_norm 1.002 | buf 100,000 | 6065s
Ep 34350/40000 | ret -1.2326 | avg(50) -1.4536 | ε 0.050 | loss 0.00000 | σ_norm 1.000 | buf 100,000 | 6075s
Ep 34400/40000 | ret -1.9691 | avg(50) -1.6390 | ε 0.050 | loss 0.00000 | σ_norm 1.001 | buf 100,000 | 6084s
Ep 34450/40000 | ret -1.2399 | avg(50) -1.5780 | ε 0.050 | loss 0.00000 | σ_norm 0.994 | buf 100,000 | 6093s
Ep 34500/40000 | ret -2.4339 | avg(50) -1.3940 | ε 0.050 | loss 0.00001 | σ_norm 1.005 | buf 100,000 | 6102s
[agent] Checkpoint saved → online_RL/runs/20260601_234854/dqn_ep34500.pt
[train] Returns plot → online_RL/runs/20260601_234854/returns.png
[train] Q-loss plot  → online_RL/runs/20260601_234854/q_loss.png
[train] Epsilon plot → online_RL/runs/20260601_234854/epsilon.png
[train] Epistemic-std plot → online_RL/runs/20260601_234854/epistemic_std.png
Ep 34550/40000 | ret -1.2362 | avg(50) -1.5229 | ε 0.050 | loss 0.00000 | σ_norm 1.000 | buf 100,000 | 6113s
Ep 34600/40000 | ret -1.8691 | avg(50) -1.4709 | ε 0.050 | loss 0.00000 | σ_norm 0.998 | buf 100,000 | 6122s
Ep 34650/40000 | ret -1.2867 | avg(50) -1.5945 | ε 0.050 | loss 0.00000 | σ_norm 1.002 | buf 100,000 | 6131s
Ep 34700/40000 | ret -1.4791 | avg(50) -1.4236 | ε 0.050 | loss 0.00000 | σ_norm 0.997 | buf 100,000 | 6140s
Ep 34750/40000 | ret -1.2287 | avg(50) -1.3895 | ε 0.050 | loss 0.00000 | σ_norm 1.001 | buf 100,000 | 6149s
Ep 34800/40000 | ret -1.2252 | avg(50) -1.4583 | ε 0.050 | loss 0.00000 | σ_norm 1.000 | buf 100,000 | 6158s
Ep 34850/40000 | ret -1.2203 | avg(50) -1.5040 | ε 0.050 | loss 0.00000 | σ_norm 1.001 | buf 100,000 | 6167s
Ep 34900/40000 | ret -1.2272 | avg(50) -1.4894 | ε 0.050 | loss 0.00000 | σ_norm 1.000 | buf 100,000 | 6176s
Ep 34950/40000 | ret -1.2203 | avg(50) -1.4827 | ε 0.050 | loss 0.00001 | σ_norm 1.000 | buf 100,000 | 6185s
Ep 35000/40000 | ret -2.7879 | avg(50) -1.5892 | ε 0.050 | loss 0.00000 | σ_norm 1.002 | buf 100,000 | 6195s
[agent] Checkpoint saved → online_RL/runs/20260601_234854/dqn_ep35000.pt
[train] Returns plot → online_RL/runs/20260601_234854/returns.png
[train] Q-loss plot  → online_RL/runs/20260601_234854/q_loss.png
[train] Epsilon plot → online_RL/runs/20260601_234854/epsilon.png
[train] Epistemic-std plot → online_RL/runs/20260601_234854/epistemic_std.png
Ep 35050/40000 | ret -1.2212 | avg(50) -1.5652 | ε 0.050 | loss 0.00000 | σ_norm 0.998 | buf 100,000 | 6206s
Ep 35100/40000 | ret -1.2353 | avg(50) -1.3677 | ε 0.050 | loss 0.00000 | σ_norm 0.997 | buf 100,000 | 6215s
Ep 35150/40000 | ret -1.6289 | avg(50) -1.4768 | ε 0.050 | loss 0.00000 | σ_norm 0.999 | buf 100,000 | 6224s
Ep 35200/40000 | ret -1.2326 | avg(50) -1.4392 | ε 0.050 | loss 0.00001 | σ_norm 1.002 | buf 100,000 | 6233s
Ep 35250/40000 | ret -1.2251 | avg(50) -1.4130 | ε 0.050 | loss 0.00000 | σ_norm 0.999 | buf 100,000 | 6242s
Ep 35300/40000 | ret -1.5507 | avg(50) -1.4310 | ε 0.050 | loss 0.00000 | σ_norm 1.001 | buf 100,000 | 6251s
Ep 35350/40000 | ret -1.3940 | avg(50) -1.4235 | ε 0.050 | loss 0.00000 | σ_norm 0.999 | buf 100,000 | 6260s
Ep 35400/40000 | ret -2.3258 | avg(50) -1.4671 | ε 0.050 | loss 0.00000 | σ_norm 1.000 | buf 100,000 | 6269s
Ep 35450/40000 | ret -1.2314 | avg(50) -1.4509 | ε 0.050 | loss 0.00001 | σ_norm 0.999 | buf 100,000 | 6278s
Ep 35500/40000 | ret -1.2207 | avg(50) -1.5845 | ε 0.050 | loss 0.00000 | σ_norm 1.001 | buf 100,000 | 6288s
[agent] Checkpoint saved → online_RL/runs/20260601_234854/dqn_ep35500.pt
[train] Returns plot → online_RL/runs/20260601_234854/returns.png
[train] Q-loss plot  → online_RL/runs/20260601_234854/q_loss.png
[train] Epsilon plot → online_RL/runs/20260601_234854/epsilon.png
[train] Epistemic-std plot → online_RL/runs/20260601_234854/epistemic_std.png
Ep 35550/40000 | ret -1.2193 | avg(50) -1.4623 | ε 0.050 | loss 0.00000 | σ_norm 1.000 | buf 100,000 | 6298s
Ep 35600/40000 | ret -1.2301 | avg(50) -1.4658 | ε 0.050 | loss 0.00000 | σ_norm 0.997 | buf 100,000 | 6308s
Ep 35650/40000 | ret -1.2564 | avg(50) -1.6493 | ε 0.050 | loss 0.00000 | σ_norm 1.002 | buf 100,000 | 6317s
Ep 35700/40000 | ret -1.3201 | avg(50) -1.4593 | ε 0.050 | loss 0.00001 | σ_norm 1.000 | buf 100,000 | 6326s
Ep 35750/40000 | ret -1.2176 | avg(50) -1.4907 | ε 0.050 | loss 0.00000 | σ_norm 1.001 | buf 100,000 | 6335s
Ep 35800/40000 | ret -1.7436 | avg(50) -1.4816 | ε 0.050 | loss 0.00000 | σ_norm 0.999 | buf 100,000 | 6344s
Ep 35850/40000 | ret -2.9785 | avg(50) -1.4366 | ε 0.050 | loss 0.00000 | σ_norm 0.995 | buf 100,000 | 6353s
Ep 35900/40000 | ret -1.2350 | avg(50) -1.4316 | ε 0.050 | loss 0.00000 | σ_norm 1.002 | buf 100,000 | 6362s
Ep 35950/40000 | ret -1.2328 | avg(50) -1.5026 | ε 0.050 | loss 0.00000 | σ_norm 0.999 | buf 100,000 | 6371s
Ep 36000/40000 | ret -1.2205 | avg(50) -1.4181 | ε 0.050 | loss 0.00000 | σ_norm 1.003 | buf 100,000 | 6380s
[agent] Checkpoint saved → online_RL/runs/20260601_234854/dqn_ep36000.pt
[train] Returns plot → online_RL/runs/20260601_234854/returns.png
[train] Q-loss plot  → online_RL/runs/20260601_234854/q_loss.png
[train] Epsilon plot → online_RL/runs/20260601_234854/epsilon.png
[train] Epistemic-std plot → online_RL/runs/20260601_234854/epistemic_std.png
Ep 36050/40000 | ret -1.2165 | avg(50) -1.3915 | ε 0.050 | loss 0.00000 | σ_norm 1.001 | buf 100,000 | 6392s
Ep 36100/40000 | ret -1.2319 | avg(50) -1.3997 | ε 0.050 | loss 0.00000 | σ_norm 0.997 | buf 100,000 | 6401s
Ep 36150/40000 | ret -1.2401 | avg(50) -1.3921 | ε 0.050 | loss 0.00000 | σ_norm 0.999 | buf 100,000 | 6410s
Ep 36200/40000 | ret -1.2328 | avg(50) -1.4532 | ε 0.050 | loss 0.00000 | σ_norm 1.000 | buf 100,000 | 6419s
Ep 36250/40000 | ret -1.2281 | avg(50) -1.4642 | ε 0.050 | loss 0.00000 | σ_norm 1.000 | buf 100,000 | 6428s
Ep 36300/40000 | ret -1.3384 | avg(50) -1.5926 | ε 0.050 | loss 0.00000 | σ_norm 1.002 | buf 100,000 | 6437s
Ep 36350/40000 | ret -1.2281 | avg(50) -1.4427 | ε 0.050 | loss 0.00000 | σ_norm 0.998 | buf 100,000 | 6446s
Ep 36400/40000 | ret -1.7694 | avg(50) -1.4054 | ε 0.050 | loss 0.00000 | σ_norm 1.001 | buf 100,000 | 6456s
Ep 36450/40000 | ret -1.2216 | avg(50) -1.3932 | ε 0.050 | loss 0.00001 | σ_norm 1.001 | buf 100,000 | 6465s
Ep 36500/40000 | ret -1.2539 | avg(50) -1.4988 | ε 0.050 | loss 0.00000 | σ_norm 1.000 | buf 100,000 | 6474s
[agent] Checkpoint saved → online_RL/runs/20260601_234854/dqn_ep36500.pt
[train] Returns plot → online_RL/runs/20260601_234854/returns.png
[train] Q-loss plot  → online_RL/runs/20260601_234854/q_loss.png
[train] Epsilon plot → online_RL/runs/20260601_234854/epsilon.png
[train] Epistemic-std plot → online_RL/runs/20260601_234854/epistemic_std.png
Ep 36550/40000 | ret -1.2628 | avg(50) -1.4167 | ε 0.050 | loss 0.00000 | σ_norm 0.997 | buf 100,000 | 6485s
Ep 36600/40000 | ret -1.5113 | avg(50) -1.3778 | ε 0.050 | loss 0.00000 | σ_norm 1.001 | buf 100,000 | 6494s
Ep 36650/40000 | ret -1.2238 | avg(50) -1.5180 | ε 0.050 | loss 0.00000 | σ_norm 1.000 | buf 100,000 | 6503s
Ep 36700/40000 | ret -1.2247 | avg(50) -1.4136 | ε 0.050 | loss 0.00000 | σ_norm 1.000 | buf 100,000 | 6512s
Ep 36750/40000 | ret -2.1097 | avg(50) -1.5292 | ε 0.050 | loss 0.00000 | σ_norm 0.998 | buf 100,000 | 6521s
Ep 36800/40000 | ret -2.4511 | avg(50) -1.5246 | ε 0.050 | loss 0.00000 | σ_norm 0.997 | buf 100,000 | 6530s
Ep 36850/40000 | ret -3.5887 | avg(50) -1.3924 | ε 0.050 | loss 0.00001 | σ_norm 1.005 | buf 100,000 | 6540s
Ep 36900/40000 | ret -1.2225 | avg(50) -1.4615 | ε 0.050 | loss 0.00000 | σ_norm 1.000 | buf 100,000 | 6549s
Ep 36950/40000 | ret -1.2278 | avg(50) -1.4097 | ε 0.050 | loss 0.00000 | σ_norm 0.998 | buf 100,000 | 6558s
Ep 37000/40000 | ret -1.2258 | avg(50) -1.5718 | ε 0.050 | loss 0.00000 | σ_norm 1.001 | buf 100,000 | 6567s
[agent] Checkpoint saved → online_RL/runs/20260601_234854/dqn_ep37000.pt
[train] Returns plot → online_RL/runs/20260601_234854/returns.png
[train] Q-loss plot  → online_RL/runs/20260601_234854/q_loss.png
[train] Epsilon plot → online_RL/runs/20260601_234854/epsilon.png
[train] Epistemic-std plot → online_RL/runs/20260601_234854/epistemic_std.png
Ep 37050/40000 | ret -1.6198 | avg(50) -1.6192 | ε 0.050 | loss 0.00000 | σ_norm 1.001 | buf 100,000 | 6578s
Ep 37100/40000 | ret -1.2238 | avg(50) -1.4994 | ε 0.050 | loss 0.00000 | σ_norm 0.999 | buf 100,000 | 6587s
Ep 37150/40000 | ret -1.2314 | avg(50) -1.5191 | ε 0.050 | loss 0.00000 | σ_norm 0.999 | buf 100,000 | 6596s
Ep 37200/40000 | ret -1.4907 | avg(50) -1.5266 | ε 0.050 | loss 0.00000 | σ_norm 1.000 | buf 100,000 | 6605s
Ep 37250/40000 | ret -1.2199 | avg(50) -1.4786 | ε 0.050 | loss 0.00000 | σ_norm 1.001 | buf 100,000 | 6614s
Ep 37300/40000 | ret -2.0940 | avg(50) -1.4153 | ε 0.050 | loss 0.00000 | σ_norm 0.998 | buf 100,000 | 6624s
Ep 37350/40000 | ret -1.2146 | avg(50) -1.6045 | ε 0.050 | loss 0.00000 | σ_norm 1.004 | buf 100,000 | 6633s
Ep 37400/40000 | ret -1.9767 | avg(50) -1.4612 | ε 0.050 | loss 0.00001 | σ_norm 0.997 | buf 100,000 | 6642s
Ep 37450/40000 | ret -1.2222 | avg(50) -1.4339 | ε 0.050 | loss 0.00000 | σ_norm 1.000 | buf 100,000 | 6651s
Ep 37500/40000 | ret -1.2231 | avg(50) -1.4259 | ε 0.050 | loss 0.00000 | σ_norm 1.000 | buf 100,000 | 6660s
[agent] Checkpoint saved → online_RL/runs/20260601_234854/dqn_ep37500.pt
[train] Returns plot → online_RL/runs/20260601_234854/returns.png
[train] Q-loss plot  → online_RL/runs/20260601_234854/q_loss.png
[train] Epsilon plot → online_RL/runs/20260601_234854/epsilon.png
[train] Epistemic-std plot → online_RL/runs/20260601_234854/epistemic_std.png
Ep 37550/40000 | ret -1.9084 | avg(50) -1.3540 | ε 0.050 | loss 0.00000 | σ_norm 0.999 | buf 100,000 | 6672s
Ep 37600/40000 | ret -1.3353 | avg(50) -1.4505 | ε 0.050 | loss 0.00001 | σ_norm 1.001 | buf 100,000 | 6681s
Ep 37650/40000 | ret -1.2216 | avg(50) -1.4249 | ε 0.050 | loss 0.00000 | σ_norm 0.999 | buf 100,000 | 6690s
Ep 37700/40000 | ret -1.2267 | avg(50) -1.3363 | ε 0.050 | loss 0.00000 | σ_norm 0.998 | buf 100,000 | 6699s
Ep 37750/40000 | ret -1.6475 | avg(50) -1.4498 | ε 0.050 | loss 0.00000 | σ_norm 0.999 | buf 100,000 | 6708s
Ep 37800/40000 | ret -1.2326 | avg(50) -1.3774 | ε 0.050 | loss 0.00000 | σ_norm 1.000 | buf 100,000 | 6717s
Ep 37850/40000 | ret -1.9200 | avg(50) -1.3699 | ε 0.050 | loss 0.00000 | σ_norm 1.000 | buf 100,000 | 6726s
Ep 37900/40000 | ret -1.2498 | avg(50) -1.4857 | ε 0.050 | loss 0.00000 | σ_norm 0.999 | buf 100,000 | 6735s
Ep 37950/40000 | ret -1.2245 | avg(50) -1.4448 | ε 0.050 | loss 0.00000 | σ_norm 1.004 | buf 100,000 | 6744s
Ep 38000/40000 | ret -1.6133 | avg(50) -1.4819 | ε 0.050 | loss 0.00000 | σ_norm 1.001 | buf 100,000 | 6754s
[agent] Checkpoint saved → online_RL/runs/20260601_234854/dqn_ep38000.pt
[train] Returns plot → online_RL/runs/20260601_234854/returns.png
[train] Q-loss plot  → online_RL/runs/20260601_234854/q_loss.png
[train] Epsilon plot → online_RL/runs/20260601_234854/epsilon.png
[train] Epistemic-std plot → online_RL/runs/20260601_234854/epistemic_std.png
Ep 38050/40000 | ret -1.2906 | avg(50) -1.4563 | ε 0.050 | loss 0.00000 | σ_norm 0.999 | buf 100,000 | 6765s
Ep 38100/40000 | ret -1.9627 | avg(50) -1.5307 | ε 0.050 | loss 0.00000 | σ_norm 1.001 | buf 100,000 | 6774s
Ep 38150/40000 | ret -2.2468 | avg(50) -1.4185 | ε 0.050 | loss 0.00000 | σ_norm 0.994 | buf 100,000 | 6783s
Ep 38200/40000 | ret -1.2248 | avg(50) -1.5316 | ε 0.050 | loss 0.00000 | σ_norm 1.003 | buf 100,000 | 6792s
Ep 38250/40000 | ret -1.2200 | avg(50) -1.5188 | ε 0.050 | loss 0.00000 | σ_norm 1.000 | buf 100,000 | 6801s
Ep 38300/40000 | ret -3.5421 | avg(50) -1.4700 | ε 0.050 | loss 0.00000 | σ_norm 1.000 | buf 100,000 | 6810s
Ep 38350/40000 | ret -1.2187 | avg(50) -1.6230 | ε 0.050 | loss 0.00000 | σ_norm 0.999 | buf 100,000 | 6819s
Ep 38400/40000 | ret -1.2252 | avg(50) -1.5479 | ε 0.050 | loss 0.00000 | σ_norm 0.999 | buf 100,000 | 6829s
Ep 38450/40000 | ret -1.2273 | avg(50) -1.5343 | ε 0.050 | loss 0.00000 | σ_norm 0.999 | buf 100,000 | 6838s
Ep 38500/40000 | ret -1.2229 | avg(50) -1.4579 | ε 0.050 | loss 0.00000 | σ_norm 1.002 | buf 100,000 | 6847s
[agent] Checkpoint saved → online_RL/runs/20260601_234854/dqn_ep38500.pt
[train] Returns plot → online_RL/runs/20260601_234854/returns.png
[train] Q-loss plot  → online_RL/runs/20260601_234854/q_loss.png
[train] Epsilon plot → online_RL/runs/20260601_234854/epsilon.png
[train] Epistemic-std plot → online_RL/runs/20260601_234854/epistemic_std.png
Ep 38550/40000 | ret -1.2296 | avg(50) -1.5564 | ε 0.050 | loss 0.00000 | σ_norm 0.996 | buf 100,000 | 6858s
Ep 38600/40000 | ret -1.2184 | avg(50) -1.5321 | ε 0.050 | loss 0.00000 | σ_norm 1.003 | buf 100,000 | 6867s
Ep 38650/40000 | ret -1.2238 | avg(50) -1.4216 | ε 0.050 | loss 0.00000 | σ_norm 0.998 | buf 100,000 | 6876s
Ep 38700/40000 | ret -1.2232 | avg(50) -1.3295 | ε 0.050 | loss 0.00000 | σ_norm 1.000 | buf 100,000 | 6885s
Ep 38750/40000 | ret -1.2346 | avg(50) -1.4639 | ε 0.050 | loss 0.00000 | σ_norm 0.997 | buf 100,000 | 6894s
Ep 38800/40000 | ret -1.7783 | avg(50) -1.3657 | ε 0.050 | loss 0.00000 | σ_norm 1.004 | buf 100,000 | 6903s
Ep 38850/40000 | ret -1.2219 | avg(50) -1.4520 | ε 0.050 | loss 0.00000 | σ_norm 1.000 | buf 100,000 | 6913s
Ep 38900/40000 | ret -1.2316 | avg(50) -1.4670 | ε 0.050 | loss 0.00000 | σ_norm 0.998 | buf 100,000 | 6922s
Ep 38950/40000 | ret -1.2337 | avg(50) -1.4678 | ε 0.050 | loss 0.00000 | σ_norm 0.999 | buf 100,000 | 6931s
Ep 39000/40000 | ret -1.2243 | avg(50) -1.4736 | ε 0.050 | loss 0.00000 | σ_norm 1.002 | buf 100,000 | 6940s
[agent] Checkpoint saved → online_RL/runs/20260601_234854/dqn_ep39000.pt
[train] Returns plot → online_RL/runs/20260601_234854/returns.png
[train] Q-loss plot  → online_RL/runs/20260601_234854/q_loss.png
[train] Epsilon plot → online_RL/runs/20260601_234854/epsilon.png
[train] Epistemic-std plot → online_RL/runs/20260601_234854/epistemic_std.png
Ep 39050/40000 | ret -1.2277 | avg(50) -1.3639 | ε 0.050 | loss 0.00000 | σ_norm 0.999 | buf 100,000 | 6951s
Ep 39100/40000 | ret -1.2201 | avg(50) -1.4566 | ε 0.050 | loss 0.00000 | σ_norm 1.002 | buf 100,000 | 6960s
Ep 39150/40000 | ret -1.2228 | avg(50) -1.4962 | ε 0.050 | loss 0.00000 | σ_norm 0.999 | buf 100,000 | 6969s
Ep 39200/40000 | ret -1.2469 | avg(50) -1.5390 | ε 0.050 | loss 0.00000 | σ_norm 1.002 | buf 100,000 | 6978s
Ep 39250/40000 | ret -1.2226 | avg(50) -1.5107 | ε 0.050 | loss 0.00000 | σ_norm 0.999 | buf 100,000 | 6987s
Ep 39300/40000 | ret -1.2237 | avg(50) -1.4656 | ε 0.050 | loss 0.00000 | σ_norm 1.000 | buf 100,000 | 6997s
Ep 39350/40000 | ret -1.2399 | avg(50) -1.4939 | ε 0.050 | loss 0.00001 | σ_norm 1.001 | buf 100,000 | 7006s
Ep 39400/40000 | ret -1.2179 | avg(50) -1.5153 | ε 0.050 | loss 0.00000 | σ_norm 1.001 | buf 100,000 | 7015s
Ep 39450/40000 | ret -1.2249 | avg(50) -1.4139 | ε 0.050 | loss 0.00000 | σ_norm 0.997 | buf 100,000 | 7024s
Ep 39500/40000 | ret -1.2235 | avg(50) -1.4592 | ε 0.050 | loss 0.00000 | σ_norm 1.000 | buf 100,000 | 7033s
[agent] Checkpoint saved → online_RL/runs/20260601_234854/dqn_ep39500.pt
[train] Returns plot → online_RL/runs/20260601_234854/returns.png
[train] Q-loss plot  → online_RL/runs/20260601_234854/q_loss.png
[train] Epsilon plot → online_RL/runs/20260601_234854/epsilon.png
[train] Epistemic-std plot → online_RL/runs/20260601_234854/epistemic_std.png
Ep 39550/40000 | ret -1.2238 | avg(50) -1.4522 | ε 0.050 | loss 0.00000 | σ_norm 1.000 | buf 100,000 | 7044s
Ep 39600/40000 | ret -1.7504 | avg(50) -1.4212 | ε 0.050 | loss 0.00000 | σ_norm 0.999 | buf 100,000 | 7053s
Ep 39650/40000 | ret -1.2263 | avg(50) -1.5269 | ε 0.050 | loss 0.00000 | σ_norm 1.000 | buf 100,000 | 7062s
Ep 39700/40000 | ret -1.2227 | avg(50) -1.4954 | ε 0.050 | loss 0.00000 | σ_norm 1.001 | buf 100,000 | 7072s
Ep 39750/40000 | ret -2.0512 | avg(50) -1.6221 | ε 0.050 | loss 0.00000 | σ_norm 1.000 | buf 100,000 | 7081s
Ep 39800/40000 | ret -1.2225 | avg(50) -1.3970 | ε 0.050 | loss 0.00000 | σ_norm 0.999 | buf 100,000 | 7090s
Ep 39850/40000 | ret -1.2252 | avg(50) -1.4137 | ε 0.050 | loss 0.00000 | σ_norm 0.999 | buf 100,000 | 7099s
Ep 39900/40000 | ret -1.2251 | avg(50) -1.3722 | ε 0.050 | loss 0.00000 | σ_norm 1.001 | buf 100,000 | 7108s
Ep 39950/40000 | ret -1.2297 | avg(50) -1.3995 | ε 0.050 | loss 0.00000 | σ_norm 0.998 | buf 100,000 | 7117s
Ep 40000/40000 | ret -1.2200 | avg(50) -1.4474 | ε 0.050 | loss 0.00000 | σ_norm 1.002 | buf 100,000 | 7126s
[agent] Checkpoint saved → online_RL/runs/20260601_234854/dqn_ep40000.pt
[train] Returns plot → online_RL/runs/20260601_234854/returns.png
[train] Q-loss plot  → online_RL/runs/20260601_234854/q_loss.png
[train] Epsilon plot → online_RL/runs/20260601_234854/epsilon.png
[train] Epistemic-std plot → online_RL/runs/20260601_234854/epistemic_std.png
[agent] Checkpoint saved → online_RL/runs/20260601_234854/dqn_final.pt
[train] Returns plot → online_RL/runs/20260601_234854/returns.png
[train] Q-loss plot  → online_RL/runs/20260601_234854/q_loss.png
[train] Epsilon plot → online_RL/runs/20260601_234854/epsilon.png
[train] Epistemic-std plot → online_RL/runs/20260601_234854/epistemic_std.png

=================================================================
[train] Training complete in 118.8 min
[train] Mode               : penalty
[train] Best episode return: -1.2015
[train] Best checkpoint    : online_RL/runs/20260601_234854/dqn_best.pt
[train] Final checkpoint   : online_RL/runs/20260601_234854/dqn_final.pt
=================================================================
============================================================
Training finished: Tue Jun  2 01:47:48 EDT 2026  (exit code: 0)
============================================================
