============================================================
Job ID   : 50883629
Node     : gl1002
Started  : Mon May 25 18:26:59 EDT 2026
============================================================
Python   : /home/xysong/.conda/envs/RL/bin/python
Torch    : 2.5.1+cu121
CUDA     : True
GPU      : Tesla V100-PCIE-16GB
============================================================
=================================================================
[train] Online DQN — LPBF Laser-Power Controller
[train] Output dir : online_RL/runs/20260525_182710
[train] Device     : cuda
=================================================================

[train] Loading surrogate: surrogate_model/runs/20260521_210923/surrogate_best.pt
[train] Surrogate   : state_dim=1053, action_mean=274.6 W, action_std=75.1 W
[LPBFEnv] Mesh loaded: 1053 nodes  X∈[0.00, 12.00]  Y∈[0.00, 3.00]
[train] Action space : 26 actions  (150–400 W, step 10 W)
[train] Temp window  : [2000, 2800] K
[train] Layers/ep    : 12
[train] obs_dim      : 1054  (1053 temp nodes + 1 layer token)
[train] QNet(state_dim=1054, num_actions=26, hidden=256, depth=4, params=807,706)
[train] ReplayBuffer(capacity=100,000, size=0, state_dim=1054)

[train] Starting 40000 episodes  (warmup=1000, Double-DQN=True, target_update_freq=10)
-----------------------------------------------------------------
Ep     1/40000 | ret -18.2613 | avg(1) -18.2613 | ε 1.000 | loss nan | buf 12 | 0s [warmup]
Ep    50/40000 | ret -31.1545 | avg(50) -24.4123 | ε 1.000 | loss nan | buf 600 | 1s [warmup]
Ep   100/40000 | ret -14.5299 | avg(50) -24.6084 | ε 1.000 | loss nan | buf 1,200 | 2s [warmup]
Ep   150/40000 | ret -28.7282 | avg(50) -24.1922 | ε 1.000 | loss nan | buf 1,800 | 4s [warmup]
Ep   200/40000 | ret -27.3150 | avg(50) -24.4757 | ε 1.000 | loss nan | buf 2,400 | 5s [warmup]
Ep   250/40000 | ret -16.1405 | avg(50) -24.2703 | ε 1.000 | loss nan | buf 3,000 | 6s [warmup]
Ep   300/40000 | ret -23.4432 | avg(50) -24.5524 | ε 1.000 | loss nan | buf 3,600 | 7s [warmup]
Ep   350/40000 | ret -18.2310 | avg(50) -24.5512 | ε 1.000 | loss nan | buf 4,200 | 8s [warmup]
Ep   400/40000 | ret -25.4481 | avg(50) -25.0853 | ε 1.000 | loss nan | buf 4,800 | 10s [warmup]
Ep   450/40000 | ret -20.5236 | avg(50) -24.2921 | ε 1.000 | loss nan | buf 5,400 | 11s [warmup]
Ep   500/40000 | ret -21.9842 | avg(50) -23.0745 | ε 1.000 | loss nan | buf 6,000 | 12s [warmup]
[agent] Checkpoint saved → online_RL/runs/20260525_182710/dqn_ep00500.pt
[train] Returns plot → online_RL/runs/20260525_182710/returns.png
[train] Epsilon plot → online_RL/runs/20260525_182710/epsilon.png
Ep   550/40000 | ret -20.3123 | avg(50) -23.3383 | ε 1.000 | loss nan | buf 6,600 | 14s [warmup]
Ep   600/40000 | ret -27.6707 | avg(50) -24.0329 | ε 1.000 | loss nan | buf 7,200 | 15s [warmup]
Ep   650/40000 | ret -24.0116 | avg(50) -24.1862 | ε 1.000 | loss nan | buf 7,800 | 16s [warmup]
Ep   700/40000 | ret -17.5437 | avg(50) -25.3404 | ε 1.000 | loss nan | buf 8,400 | 17s [warmup]
Ep   750/40000 | ret -32.8237 | avg(50) -24.9064 | ε 1.000 | loss nan | buf 9,000 | 18s [warmup]
Ep   800/40000 | ret -22.0110 | avg(50) -24.1974 | ε 1.000 | loss nan | buf 9,600 | 20s [warmup]
Ep   850/40000 | ret -26.8675 | avg(50) -24.0877 | ε 1.000 | loss nan | buf 10,200 | 21s [warmup]
Ep   900/40000 | ret -24.8998 | avg(50) -24.4810 | ε 1.000 | loss nan | buf 10,800 | 22s [warmup]
Ep   950/40000 | ret -21.5973 | avg(50) -24.0091 | ε 1.000 | loss nan | buf 11,400 | 23s [warmup]
Ep  1000/40000 | ret -19.6205 | avg(50) -23.7232 | ε 1.000 | loss nan | buf 12,000 | 24s [warmup]
[agent] Checkpoint saved → online_RL/runs/20260525_182710/dqn_ep01000.pt
[train] Returns plot → online_RL/runs/20260525_182710/returns.png
[train] Epsilon plot → online_RL/runs/20260525_182710/epsilon.png
[agent] Checkpoint saved → online_RL/runs/20260525_182710/dqn_best.pt
[agent] Checkpoint saved → online_RL/runs/20260525_182710/dqn_best.pt
[agent] Checkpoint saved → online_RL/runs/20260525_182710/dqn_best.pt
[agent] Checkpoint saved → online_RL/runs/20260525_182710/dqn_best.pt
Ep  1050/40000 | ret -31.9506 | avg(50) -23.9369 | ε 0.997 | loss 0.18330 | buf 12,600 | 32s
[agent] Checkpoint saved → online_RL/runs/20260525_182710/dqn_best.pt
Ep  1100/40000 | ret -27.7783 | avg(50) -24.0158 | ε 0.994 | loss 0.16772 | buf 13,200 | 39s
Ep  1150/40000 | ret -19.9807 | avg(50) -23.5299 | ε 0.991 | loss 0.14237 | buf 13,800 | 46s
Ep  1200/40000 | ret -35.2492 | avg(50) -23.4071 | ε 0.989 | loss 0.12607 | buf 14,400 | 53s
Ep  1250/40000 | ret -27.1892 | avg(50) -23.2562 | ε 0.986 | loss 0.08926 | buf 15,000 | 59s
Ep  1300/40000 | ret -23.6092 | avg(50) -23.4618 | ε 0.983 | loss 0.09908 | buf 15,600 | 66s
Ep  1350/40000 | ret -28.9546 | avg(50) -24.0789 | ε 0.980 | loss 0.07038 | buf 16,200 | 73s
Ep  1400/40000 | ret -17.9745 | avg(50) -22.9947 | ε 0.977 | loss 0.13505 | buf 16,800 | 80s
Ep  1450/40000 | ret -16.1498 | avg(50) -24.0222 | ε 0.974 | loss 0.06084 | buf 17,400 | 86s
Ep  1500/40000 | ret -24.1400 | avg(50) -22.8232 | ε 0.972 | loss 0.06029 | buf 18,000 | 93s
[agent] Checkpoint saved → online_RL/runs/20260525_182710/dqn_ep01500.pt
[train] Returns plot → online_RL/runs/20260525_182710/returns.png
[train] Q-loss plot  → online_RL/runs/20260525_182710/q_loss.png
[train] Epsilon plot → online_RL/runs/20260525_182710/epsilon.png
[agent] Checkpoint saved → online_RL/runs/20260525_182710/dqn_best.pt
Ep  1550/40000 | ret -26.5832 | avg(50) -21.9957 | ε 0.969 | loss 0.09000 | buf 18,600 | 101s
Ep  1600/40000 | ret -24.8944 | avg(50) -23.5019 | ε 0.966 | loss 0.10986 | buf 19,200 | 107s
Ep  1650/40000 | ret -30.3411 | avg(50) -23.6725 | ε 0.963 | loss 0.07213 | buf 19,800 | 114s
Ep  1700/40000 | ret -25.6335 | avg(50) -23.8736 | ε 0.960 | loss 0.07434 | buf 20,400 | 121s
Ep  1750/40000 | ret -22.7168 | avg(50) -24.5284 | ε 0.957 | loss 0.05534 | buf 21,000 | 128s
Ep  1800/40000 | ret -25.4582 | avg(50) -24.1789 | ε 0.954 | loss 0.07942 | buf 21,600 | 134s
Ep  1850/40000 | ret -30.0795 | avg(50) -23.4793 | ε 0.952 | loss 0.06117 | buf 22,200 | 141s
Ep  1900/40000 | ret -21.4359 | avg(50) -24.0202 | ε 0.949 | loss 0.05104 | buf 22,800 | 148s
Ep  1950/40000 | ret -26.6184 | avg(50) -22.5450 | ε 0.946 | loss 0.04564 | buf 23,400 | 155s
Ep  2000/40000 | ret -25.6639 | avg(50) -23.2611 | ε 0.943 | loss 0.04753 | buf 24,000 | 161s
[agent] Checkpoint saved → online_RL/runs/20260525_182710/dqn_ep02000.pt
[train] Returns plot → online_RL/runs/20260525_182710/returns.png
[train] Q-loss plot  → online_RL/runs/20260525_182710/q_loss.png
[train] Epsilon plot → online_RL/runs/20260525_182710/epsilon.png
Ep  2050/40000 | ret -32.1849 | avg(50) -21.9423 | ε 0.940 | loss 0.04420 | buf 24,600 | 169s
Ep  2100/40000 | ret -35.3943 | avg(50) -23.7755 | ε 0.937 | loss 0.04682 | buf 25,200 | 176s
Ep  2150/40000 | ret -21.5405 | avg(50) -22.6513 | ε 0.934 | loss 0.04693 | buf 25,800 | 183s
Ep  2200/40000 | ret -23.3170 | avg(50) -23.5202 | ε 0.932 | loss 0.04411 | buf 26,400 | 189s
Ep  2250/40000 | ret -24.7817 | avg(50) -22.6394 | ε 0.929 | loss 0.04628 | buf 27,000 | 196s
Ep  2300/40000 | ret -16.9643 | avg(50) -21.9056 | ε 0.926 | loss 0.04746 | buf 27,600 | 203s
Ep  2350/40000 | ret -19.6115 | avg(50) -21.7984 | ε 0.923 | loss 0.03407 | buf 28,200 | 210s
Ep  2400/40000 | ret -22.4176 | avg(50) -21.4423 | ε 0.920 | loss 0.04005 | buf 28,800 | 217s
Ep  2450/40000 | ret -21.9120 | avg(50) -21.6088 | ε 0.917 | loss 0.03858 | buf 29,400 | 224s
Ep  2500/40000 | ret -21.0451 | avg(50) -22.1506 | ε 0.915 | loss 0.09250 | buf 30,000 | 230s
[agent] Checkpoint saved → online_RL/runs/20260525_182710/dqn_ep02500.pt
[train] Returns plot → online_RL/runs/20260525_182710/returns.png
[train] Q-loss plot  → online_RL/runs/20260525_182710/q_loss.png
[train] Epsilon plot → online_RL/runs/20260525_182710/epsilon.png
Ep  2550/40000 | ret -24.7411 | avg(50) -22.5848 | ε 0.912 | loss 0.03686 | buf 30,600 | 238s
Ep  2600/40000 | ret -18.8517 | avg(50) -21.2881 | ε 0.909 | loss 0.04899 | buf 31,200 | 245s
Ep  2650/40000 | ret -19.9770 | avg(50) -22.0231 | ε 0.906 | loss 0.04239 | buf 31,800 | 252s
Ep  2700/40000 | ret -17.5150 | avg(50) -21.7551 | ε 0.903 | loss 0.04191 | buf 32,400 | 258s
Ep  2750/40000 | ret -27.5598 | avg(50) -22.0445 | ε 0.900 | loss 0.02608 | buf 33,000 | 265s
Ep  2800/40000 | ret -14.2023 | avg(50) -23.3089 | ε 0.897 | loss 0.04554 | buf 33,600 | 272s
[agent] Checkpoint saved → online_RL/runs/20260525_182710/dqn_best.pt
Ep  2850/40000 | ret -19.0071 | avg(50) -21.4457 | ε 0.895 | loss 0.04545 | buf 34,200 | 279s
Ep  2900/40000 | ret -24.2987 | avg(50) -21.4027 | ε 0.892 | loss 0.05252 | buf 34,800 | 286s
Ep  2950/40000 | ret -22.0853 | avg(50) -21.7405 | ε 0.889 | loss 0.02824 | buf 35,400 | 293s
Ep  3000/40000 | ret -16.2818 | avg(50) -21.1945 | ε 0.886 | loss 0.03478 | buf 36,000 | 300s
[agent] Checkpoint saved → online_RL/runs/20260525_182710/dqn_ep03000.pt
[train] Returns plot → online_RL/runs/20260525_182710/returns.png
[train] Q-loss plot  → online_RL/runs/20260525_182710/q_loss.png
[train] Epsilon plot → online_RL/runs/20260525_182710/epsilon.png
[agent] Checkpoint saved → online_RL/runs/20260525_182710/dqn_best.pt
Ep  3050/40000 | ret -18.7801 | avg(50) -22.1158 | ε 0.883 | loss 0.02498 | buf 36,600 | 308s
Ep  3100/40000 | ret -24.4957 | avg(50) -21.5855 | ε 0.880 | loss 0.02364 | buf 37,200 | 314s
Ep  3150/40000 | ret -24.2053 | avg(50) -21.0173 | ε 0.877 | loss 0.03169 | buf 37,800 | 321s
Ep  3200/40000 | ret -23.1445 | avg(50) -20.6071 | ε 0.875 | loss 0.04116 | buf 38,400 | 328s
Ep  3250/40000 | ret -18.9680 | avg(50) -20.8193 | ε 0.872 | loss 0.02623 | buf 39,000 | 335s
Ep  3300/40000 | ret -32.7429 | avg(50) -21.6036 | ε 0.869 | loss 0.03317 | buf 39,600 | 342s
Ep  3350/40000 | ret -17.6234 | avg(50) -20.3537 | ε 0.866 | loss 0.02297 | buf 40,200 | 349s
[agent] Checkpoint saved → online_RL/runs/20260525_182710/dqn_best.pt
Ep  3400/40000 | ret -24.8564 | avg(50) -20.1011 | ε 0.863 | loss 0.02085 | buf 40,800 | 356s
Ep  3450/40000 | ret -18.2621 | avg(50) -20.3681 | ε 0.860 | loss 0.02618 | buf 41,400 | 363s
Ep  3500/40000 | ret -18.1614 | avg(50) -18.7971 | ε 0.858 | loss 0.04165 | buf 42,000 | 370s
[agent] Checkpoint saved → online_RL/runs/20260525_182710/dqn_ep03500.pt
[train] Returns plot → online_RL/runs/20260525_182710/returns.png
[train] Q-loss plot  → online_RL/runs/20260525_182710/q_loss.png
[train] Epsilon plot → online_RL/runs/20260525_182710/epsilon.png
Ep  3550/40000 | ret -18.6514 | avg(50) -19.3576 | ε 0.855 | loss 0.02426 | buf 42,600 | 377s
Ep  3600/40000 | ret -21.2797 | avg(50) -20.7696 | ε 0.852 | loss 0.01479 | buf 43,200 | 384s
Ep  3650/40000 | ret -17.8997 | avg(50) -20.6659 | ε 0.849 | loss 0.03554 | buf 43,800 | 391s
Ep  3700/40000 | ret -20.7102 | avg(50) -21.1131 | ε 0.846 | loss 0.02420 | buf 44,400 | 398s
Ep  3750/40000 | ret -15.0754 | avg(50) -21.2016 | ε 0.843 | loss 0.04710 | buf 45,000 | 405s
[agent] Checkpoint saved → online_RL/runs/20260525_182710/dqn_best.pt
Ep  3800/40000 | ret -19.6782 | avg(50) -21.1600 | ε 0.840 | loss 0.02250 | buf 45,600 | 412s
Ep  3850/40000 | ret -22.5734 | avg(50) -20.4638 | ε 0.838 | loss 0.02448 | buf 46,200 | 419s
Ep  3900/40000 | ret -15.0176 | avg(50) -19.5881 | ε 0.835 | loss 0.03202 | buf 46,800 | 426s
Ep  3950/40000 | ret -10.6597 | avg(50) -20.4483 | ε 0.832 | loss 0.02415 | buf 47,400 | 433s
Ep  4000/40000 | ret -14.4352 | avg(50) -20.0168 | ε 0.829 | loss 0.01787 | buf 48,000 | 440s
[agent] Checkpoint saved → online_RL/runs/20260525_182710/dqn_ep04000.pt
[train] Returns plot → online_RL/runs/20260525_182710/returns.png
[train] Q-loss plot  → online_RL/runs/20260525_182710/q_loss.png
[train] Epsilon plot → online_RL/runs/20260525_182710/epsilon.png
Ep  4050/40000 | ret -25.4213 | avg(50) -20.7911 | ε 0.826 | loss 0.02214 | buf 48,600 | 448s
Ep  4100/40000 | ret -13.3364 | avg(50) -20.9833 | ε 0.823 | loss 0.03563 | buf 49,200 | 455s
Ep  4150/40000 | ret -15.3592 | avg(50) -20.0541 | ε 0.820 | loss 0.01699 | buf 49,800 | 461s
Ep  4200/40000 | ret -25.9392 | avg(50) -19.9019 | ε 0.818 | loss 0.02693 | buf 50,400 | 468s
[agent] Checkpoint saved → online_RL/runs/20260525_182710/dqn_best.pt
Ep  4250/40000 | ret -21.5154 | avg(50) -19.7717 | ε 0.815 | loss 0.02312 | buf 51,000 | 475s
Ep  4300/40000 | ret -17.8410 | avg(50) -19.9190 | ε 0.812 | loss 0.02285 | buf 51,600 | 482s
Ep  4350/40000 | ret -16.3965 | avg(50) -18.9507 | ε 0.809 | loss 0.01818 | buf 52,200 | 489s
Ep  4400/40000 | ret -22.3947 | avg(50) -19.7092 | ε 0.806 | loss 0.01416 | buf 52,800 | 496s
Ep  4450/40000 | ret -20.7214 | avg(50) -19.2613 | ε 0.803 | loss 0.01586 | buf 53,400 | 503s
Ep  4500/40000 | ret -9.2291 | avg(50) -18.9660 | ε 0.801 | loss 0.01620 | buf 54,000 | 510s
[agent] Checkpoint saved → online_RL/runs/20260525_182710/dqn_ep04500.pt
[train] Returns plot → online_RL/runs/20260525_182710/returns.png
[train] Q-loss plot  → online_RL/runs/20260525_182710/q_loss.png
[train] Epsilon plot → online_RL/runs/20260525_182710/epsilon.png
Ep  4550/40000 | ret -13.4447 | avg(50) -18.9550 | ε 0.798 | loss 0.01459 | buf 54,600 | 518s
Ep  4600/40000 | ret -24.3969 | avg(50) -19.3874 | ε 0.795 | loss 0.01743 | buf 55,200 | 525s
Ep  4650/40000 | ret -26.9408 | avg(50) -18.1456 | ε 0.792 | loss 0.01677 | buf 55,800 | 532s
[agent] Checkpoint saved → online_RL/runs/20260525_182710/dqn_best.pt
Ep  4700/40000 | ret -12.0302 | avg(50) -18.9881 | ε 0.789 | loss 0.01785 | buf 56,400 | 539s
Ep  4750/40000 | ret -15.1024 | avg(50) -19.1208 | ε 0.786 | loss 0.02067 | buf 57,000 | 546s
Ep  4800/40000 | ret -11.8206 | avg(50) -17.4963 | ε 0.783 | loss 0.02232 | buf 57,600 | 553s
Ep  4850/40000 | ret -17.1038 | avg(50) -19.2139 | ε 0.781 | loss 0.02227 | buf 58,200 | 560s
Ep  4900/40000 | ret -16.4744 | avg(50) -18.8767 | ε 0.778 | loss 0.02351 | buf 58,800 | 567s
Ep  4950/40000 | ret -20.5016 | avg(50) -17.8955 | ε 0.775 | loss 0.01874 | buf 59,400 | 574s
Ep  5000/40000 | ret -18.0337 | avg(50) -17.6267 | ε 0.772 | loss 0.01318 | buf 60,000 | 581s
[agent] Checkpoint saved → online_RL/runs/20260525_182710/dqn_ep05000.pt
[train] Returns plot → online_RL/runs/20260525_182710/returns.png
[train] Q-loss plot  → online_RL/runs/20260525_182710/q_loss.png
[train] Epsilon plot → online_RL/runs/20260525_182710/epsilon.png
Ep  5050/40000 | ret -11.3509 | avg(50) -17.5506 | ε 0.769 | loss 0.01531 | buf 60,600 | 589s
Ep  5100/40000 | ret -23.9991 | avg(50) -18.2845 | ε 0.766 | loss 0.01299 | buf 61,200 | 596s
Ep  5150/40000 | ret -16.0490 | avg(50) -18.1287 | ε 0.763 | loss 0.01801 | buf 61,800 | 603s
Ep  5200/40000 | ret -31.4462 | avg(50) -19.9350 | ε 0.761 | loss 0.02107 | buf 62,400 | 610s
Ep  5250/40000 | ret -22.9578 | avg(50) -17.7304 | ε 0.758 | loss 0.02757 | buf 63,000 | 617s
Ep  5300/40000 | ret -19.4066 | avg(50) -18.6317 | ε 0.755 | loss 0.01198 | buf 63,600 | 624s
Ep  5350/40000 | ret -15.4606 | avg(50) -17.0117 | ε 0.752 | loss 0.01370 | buf 64,200 | 631s
Ep  5400/40000 | ret -21.4075 | avg(50) -18.6955 | ε 0.749 | loss 0.01072 | buf 64,800 | 638s
Ep  5450/40000 | ret -14.5619 | avg(50) -18.3299 | ε 0.746 | loss 0.01128 | buf 65,400 | 645s
Ep  5500/40000 | ret -16.1980 | avg(50) -15.4856 | ε 0.744 | loss 0.02408 | buf 66,000 | 652s
[agent] Checkpoint saved → online_RL/runs/20260525_182710/dqn_ep05500.pt
[train] Returns plot → online_RL/runs/20260525_182710/returns.png
[train] Q-loss plot  → online_RL/runs/20260525_182710/q_loss.png
[train] Epsilon plot → online_RL/runs/20260525_182710/epsilon.png
Ep  5550/40000 | ret -10.5515 | avg(50) -16.9584 | ε 0.741 | loss 0.01052 | buf 66,600 | 660s
Ep  5600/40000 | ret -19.4616 | avg(50) -17.7225 | ε 0.738 | loss 0.01403 | buf 67,200 | 667s
Ep  5650/40000 | ret -11.8378 | avg(50) -17.3378 | ε 0.735 | loss 0.01842 | buf 67,800 | 674s
Ep  5700/40000 | ret -13.3343 | avg(50) -17.3834 | ε 0.732 | loss 0.01105 | buf 68,400 | 681s
Ep  5750/40000 | ret -23.0703 | avg(50) -17.9665 | ε 0.729 | loss 0.01508 | buf 69,000 | 688s
Ep  5800/40000 | ret -14.0983 | avg(50) -17.8359 | ε 0.726 | loss 0.00914 | buf 69,600 | 695s
Ep  5850/40000 | ret -22.9124 | avg(50) -18.8465 | ε 0.724 | loss 0.02707 | buf 70,200 | 702s
Ep  5900/40000 | ret -11.6149 | avg(50) -17.5553 | ε 0.721 | loss 0.01809 | buf 70,800 | 709s
Ep  5950/40000 | ret -14.3278 | avg(50) -17.5980 | ε 0.718 | loss 0.03392 | buf 71,400 | 716s
Ep  6000/40000 | ret -16.9506 | avg(50) -17.0957 | ε 0.715 | loss 0.01006 | buf 72,000 | 724s
[agent] Checkpoint saved → online_RL/runs/20260525_182710/dqn_ep06000.pt
[train] Returns plot → online_RL/runs/20260525_182710/returns.png
[train] Q-loss plot  → online_RL/runs/20260525_182710/q_loss.png
[train] Epsilon plot → online_RL/runs/20260525_182710/epsilon.png
Ep  6050/40000 | ret -19.6969 | avg(50) -18.5527 | ε 0.712 | loss 0.01365 | buf 72,600 | 732s
Ep  6100/40000 | ret -19.5164 | avg(50) -16.7861 | ε 0.709 | loss 0.02890 | buf 73,200 | 739s
Ep  6150/40000 | ret -15.2844 | avg(50) -15.1040 | ε 0.706 | loss 0.01783 | buf 73,800 | 746s
Ep  6200/40000 | ret -18.6182 | avg(50) -16.4081 | ε 0.704 | loss 0.01730 | buf 74,400 | 753s
Ep  6250/40000 | ret -15.7971 | avg(50) -17.2062 | ε 0.701 | loss 0.01548 | buf 75,000 | 760s
Ep  6300/40000 | ret -13.0240 | avg(50) -16.0378 | ε 0.698 | loss 0.01127 | buf 75,600 | 767s
Ep  6350/40000 | ret -7.3345 | avg(50) -18.1177 | ε 0.695 | loss 0.01139 | buf 76,200 | 774s
Ep  6400/40000 | ret -15.3562 | avg(50) -17.1167 | ε 0.692 | loss 0.03235 | buf 76,800 | 781s
Ep  6450/40000 | ret -32.1629 | avg(50) -17.6167 | ε 0.689 | loss 0.01124 | buf 77,400 | 788s
Ep  6500/40000 | ret -27.1519 | avg(50) -16.3309 | ε 0.687 | loss 0.01348 | buf 78,000 | 795s
[agent] Checkpoint saved → online_RL/runs/20260525_182710/dqn_ep06500.pt
[train] Returns plot → online_RL/runs/20260525_182710/returns.png
[train] Q-loss plot  → online_RL/runs/20260525_182710/q_loss.png
[train] Epsilon plot → online_RL/runs/20260525_182710/epsilon.png
Ep  6550/40000 | ret -13.8696 | avg(50) -17.1116 | ε 0.684 | loss 0.01859 | buf 78,600 | 803s
Ep  6600/40000 | ret -12.0101 | avg(50) -16.9860 | ε 0.681 | loss 0.03175 | buf 79,200 | 810s
Ep  6650/40000 | ret -17.1168 | avg(50) -16.8027 | ε 0.678 | loss 0.01656 | buf 79,800 | 817s
Ep  6700/40000 | ret -21.0086 | avg(50) -15.2319 | ε 0.675 | loss 0.00685 | buf 80,400 | 824s
Ep  6750/40000 | ret -12.6088 | avg(50) -18.1927 | ε 0.672 | loss 0.02021 | buf 81,000 | 832s
Ep  6800/40000 | ret -20.0668 | avg(50) -16.3780 | ε 0.669 | loss 0.01012 | buf 81,600 | 839s
Ep  6850/40000 | ret -15.4778 | avg(50) -16.8305 | ε 0.667 | loss 0.01581 | buf 82,200 | 846s
Ep  6900/40000 | ret -10.2161 | avg(50) -16.6892 | ε 0.664 | loss 0.02287 | buf 82,800 | 853s
[agent] Checkpoint saved → online_RL/runs/20260525_182710/dqn_best.pt
Ep  6950/40000 | ret -20.0095 | avg(50) -15.6931 | ε 0.661 | loss 0.00961 | buf 83,400 | 860s
Ep  7000/40000 | ret -12.9353 | avg(50) -15.7464 | ε 0.658 | loss 0.00970 | buf 84,000 | 867s
[agent] Checkpoint saved → online_RL/runs/20260525_182710/dqn_ep07000.pt
[train] Returns plot → online_RL/runs/20260525_182710/returns.png
[train] Q-loss plot  → online_RL/runs/20260525_182710/q_loss.png
[train] Epsilon plot → online_RL/runs/20260525_182710/epsilon.png
Ep  7050/40000 | ret -5.7521 | avg(50) -17.1641 | ε 0.655 | loss 0.01174 | buf 84,600 | 875s
Ep  7100/40000 | ret -19.3497 | avg(50) -15.9561 | ε 0.652 | loss 0.04387 | buf 85,200 | 882s
Ep  7150/40000 | ret -16.4272 | avg(50) -15.3752 | ε 0.649 | loss 0.00920 | buf 85,800 | 890s
Ep  7200/40000 | ret -12.1509 | avg(50) -14.8532 | ε 0.647 | loss 0.01490 | buf 86,400 | 897s
Ep  7250/40000 | ret -26.5125 | avg(50) -14.8473 | ε 0.644 | loss 0.00760 | buf 87,000 | 904s
[agent] Checkpoint saved → online_RL/runs/20260525_182710/dqn_best.pt
Ep  7300/40000 | ret -18.6783 | avg(50) -16.1129 | ε 0.641 | loss 0.03635 | buf 87,600 | 911s
Ep  7350/40000 | ret -21.3357 | avg(50) -15.5544 | ε 0.638 | loss 0.00839 | buf 88,200 | 918s
Ep  7400/40000 | ret -12.8313 | avg(50) -16.1112 | ε 0.635 | loss 0.00625 | buf 88,800 | 925s
Ep  7450/40000 | ret -19.2410 | avg(50) -15.2671 | ε 0.632 | loss 0.02574 | buf 89,400 | 933s
Ep  7500/40000 | ret -7.3590 | avg(50) -15.0340 | ε 0.630 | loss 0.01036 | buf 90,000 | 940s
[agent] Checkpoint saved → online_RL/runs/20260525_182710/dqn_ep07500.pt
[train] Returns plot → online_RL/runs/20260525_182710/returns.png
[train] Q-loss plot  → online_RL/runs/20260525_182710/q_loss.png
[train] Epsilon plot → online_RL/runs/20260525_182710/epsilon.png
[agent] Checkpoint saved → online_RL/runs/20260525_182710/dqn_best.pt
Ep  7550/40000 | ret -15.7485 | avg(50) -14.1961 | ε 0.627 | loss 0.01027 | buf 90,600 | 948s
Ep  7600/40000 | ret -18.7999 | avg(50) -15.6042 | ε 0.624 | loss 0.01875 | buf 91,200 | 955s
Ep  7650/40000 | ret -5.0885 | avg(50) -15.1850 | ε 0.621 | loss 0.01314 | buf 91,800 | 962s
Ep  7700/40000 | ret -13.8087 | avg(50) -16.1345 | ε 0.618 | loss 0.01713 | buf 92,400 | 970s
Ep  7750/40000 | ret -24.2733 | avg(50) -13.5461 | ε 0.615 | loss 0.00609 | buf 93,000 | 977s
Ep  7800/40000 | ret -9.6848 | avg(50) -15.0838 | ε 0.612 | loss 0.00775 | buf 93,600 | 984s
Ep  7850/40000 | ret -4.4346 | avg(50) -14.3592 | ε 0.610 | loss 0.01290 | buf 94,200 | 991s
Ep  7900/40000 | ret -11.2717 | avg(50) -15.5022 | ε 0.607 | loss 0.02635 | buf 94,800 | 998s
Ep  7950/40000 | ret -17.8849 | avg(50) -15.1719 | ε 0.604 | loss 0.00809 | buf 95,400 | 1006s
Ep  8000/40000 | ret -14.3253 | avg(50) -13.8028 | ε 0.601 | loss 0.01053 | buf 96,000 | 1013s
[agent] Checkpoint saved → online_RL/runs/20260525_182710/dqn_ep08000.pt
[train] Returns plot → online_RL/runs/20260525_182710/returns.png
[train] Q-loss plot  → online_RL/runs/20260525_182710/q_loss.png
[train] Epsilon plot → online_RL/runs/20260525_182710/epsilon.png
Ep  8050/40000 | ret -20.4136 | avg(50) -14.7141 | ε 0.598 | loss 0.00826 | buf 96,600 | 1021s
Ep  8100/40000 | ret -19.1597 | avg(50) -14.5707 | ε 0.595 | loss 0.01309 | buf 97,200 | 1028s
Ep  8150/40000 | ret -15.2846 | avg(50) -13.6555 | ε 0.592 | loss 0.01908 | buf 97,800 | 1035s
Ep  8200/40000 | ret -16.1796 | avg(50) -13.4483 | ε 0.590 | loss 0.00757 | buf 98,400 | 1043s
Ep  8250/40000 | ret -19.9864 | avg(50) -13.6793 | ε 0.587 | loss 0.00904 | buf 99,000 | 1050s
Ep  8300/40000 | ret -12.6706 | avg(50) -13.7660 | ε 0.584 | loss 0.01765 | buf 99,600 | 1057s
Ep  8350/40000 | ret -6.3749 | avg(50) -14.3489 | ε 0.581 | loss 0.01540 | buf 100,000 | 1064s
Ep  8400/40000 | ret -9.2916 | avg(50) -13.3505 | ε 0.578 | loss 0.00854 | buf 100,000 | 1071s
Ep  8450/40000 | ret -14.8810 | avg(50) -12.9888 | ε 0.575 | loss 0.00663 | buf 100,000 | 1079s
Ep  8500/40000 | ret -13.3432 | avg(50) -12.8360 | ε 0.573 | loss 0.00958 | buf 100,000 | 1086s
[agent] Checkpoint saved → online_RL/runs/20260525_182710/dqn_ep08500.pt
[train] Returns plot → online_RL/runs/20260525_182710/returns.png
[train] Q-loss plot  → online_RL/runs/20260525_182710/q_loss.png
[train] Epsilon plot → online_RL/runs/20260525_182710/epsilon.png
Ep  8550/40000 | ret -11.5519 | avg(50) -13.4886 | ε 0.570 | loss 0.01654 | buf 100,000 | 1094s
Ep  8600/40000 | ret -23.1309 | avg(50) -14.4129 | ε 0.567 | loss 0.01483 | buf 100,000 | 1101s
Ep  8650/40000 | ret -16.4156 | avg(50) -13.4028 | ε 0.564 | loss 0.00455 | buf 100,000 | 1109s
Ep  8700/40000 | ret -21.3205 | avg(50) -14.4355 | ε 0.561 | loss 0.01087 | buf 100,000 | 1116s
Ep  8750/40000 | ret -9.7722 | avg(50) -13.9791 | ε 0.558 | loss 0.04890 | buf 100,000 | 1123s
Ep  8800/40000 | ret -7.9864 | avg(50) -14.2543 | ε 0.555 | loss 0.01353 | buf 100,000 | 1130s
Ep  8850/40000 | ret -19.4719 | avg(50) -14.2299 | ε 0.553 | loss 0.00544 | buf 100,000 | 1137s
Ep  8900/40000 | ret -12.6251 | avg(50) -13.1950 | ε 0.550 | loss 0.01206 | buf 100,000 | 1145s
Ep  8950/40000 | ret -17.6251 | avg(50) -13.5659 | ε 0.547 | loss 0.02044 | buf 100,000 | 1152s
Ep  9000/40000 | ret -15.9313 | avg(50) -13.5124 | ε 0.544 | loss 0.01073 | buf 100,000 | 1159s
[agent] Checkpoint saved → online_RL/runs/20260525_182710/dqn_ep09000.pt
[train] Returns plot → online_RL/runs/20260525_182710/returns.png
[train] Q-loss plot  → online_RL/runs/20260525_182710/q_loss.png
[train] Epsilon plot → online_RL/runs/20260525_182710/epsilon.png
Ep  9050/40000 | ret -12.2882 | avg(50) -12.9140 | ε 0.541 | loss 0.01073 | buf 100,000 | 1168s
Ep  9100/40000 | ret -16.4323 | avg(50) -12.6432 | ε 0.538 | loss 0.00880 | buf 100,000 | 1175s
Ep  9150/40000 | ret -12.8986 | avg(50) -12.8940 | ε 0.535 | loss 0.00983 | buf 100,000 | 1182s
Ep  9200/40000 | ret -15.3076 | avg(50) -12.7595 | ε 0.533 | loss 0.00617 | buf 100,000 | 1189s
Ep  9250/40000 | ret -17.4249 | avg(50) -11.9479 | ε 0.530 | loss 0.02011 | buf 100,000 | 1197s
Ep  9300/40000 | ret -18.2371 | avg(50) -13.4301 | ε 0.527 | loss 0.00537 | buf 100,000 | 1204s
Ep  9350/40000 | ret -15.7047 | avg(50) -11.6900 | ε 0.524 | loss 0.01486 | buf 100,000 | 1211s
Ep  9400/40000 | ret -17.4699 | avg(50) -13.8633 | ε 0.521 | loss 0.00628 | buf 100,000 | 1218s
Ep  9450/40000 | ret -6.5570 | avg(50) -11.5966 | ε 0.518 | loss 0.00721 | buf 100,000 | 1226s
Ep  9500/40000 | ret -13.4150 | avg(50) -12.7457 | ε 0.516 | loss 0.00687 | buf 100,000 | 1233s
[agent] Checkpoint saved → online_RL/runs/20260525_182710/dqn_ep09500.pt
[train] Returns plot → online_RL/runs/20260525_182710/returns.png
[train] Q-loss plot  → online_RL/runs/20260525_182710/q_loss.png
[train] Epsilon plot → online_RL/runs/20260525_182710/epsilon.png
Ep  9550/40000 | ret -11.8013 | avg(50) -12.8339 | ε 0.513 | loss 0.00797 | buf 100,000 | 1241s
Ep  9600/40000 | ret -6.2584 | avg(50) -11.7355 | ε 0.510 | loss 0.00565 | buf 100,000 | 1249s
[agent] Checkpoint saved → online_RL/runs/20260525_182710/dqn_best.pt
Ep  9650/40000 | ret -16.7266 | avg(50) -11.0411 | ε 0.507 | loss 0.02417 | buf 100,000 | 1256s
Ep  9700/40000 | ret -14.9762 | avg(50) -9.6628 | ε 0.504 | loss 0.00489 | buf 100,000 | 1263s
Ep  9750/40000 | ret -15.6041 | avg(50) -12.6264 | ε 0.501 | loss 0.00789 | buf 100,000 | 1271s
Ep  9800/40000 | ret -13.4004 | avg(50) -12.3178 | ε 0.498 | loss 0.00479 | buf 100,000 | 1278s
Ep  9850/40000 | ret -26.2204 | avg(50) -12.6107 | ε 0.496 | loss 0.00495 | buf 100,000 | 1285s
Ep  9900/40000 | ret -21.5285 | avg(50) -12.1844 | ε 0.493 | loss 0.00451 | buf 100,000 | 1293s
Ep  9950/40000 | ret -18.2281 | avg(50) -11.6986 | ε 0.490 | loss 0.00520 | buf 100,000 | 1300s
Ep 10000/40000 | ret -6.8162 | avg(50) -10.3997 | ε 0.487 | loss 0.00626 | buf 100,000 | 1307s
[agent] Checkpoint saved → online_RL/runs/20260525_182710/dqn_ep10000.pt
[train] Returns plot → online_RL/runs/20260525_182710/returns.png
[train] Q-loss plot  → online_RL/runs/20260525_182710/q_loss.png
[train] Epsilon plot → online_RL/runs/20260525_182710/epsilon.png
Ep 10050/40000 | ret -18.9443 | avg(50) -11.9485 | ε 0.484 | loss 0.00605 | buf 100,000 | 1315s
Ep 10100/40000 | ret -9.3853 | avg(50) -11.2172 | ε 0.481 | loss 0.00588 | buf 100,000 | 1323s
Ep 10150/40000 | ret -8.4621 | avg(50) -11.2781 | ε 0.478 | loss 0.00406 | buf 100,000 | 1330s
Ep 10200/40000 | ret -14.8105 | avg(50) -11.4917 | ε 0.476 | loss 0.00418 | buf 100,000 | 1338s
Ep 10250/40000 | ret -5.5125 | avg(50) -12.1103 | ε 0.473 | loss 0.00986 | buf 100,000 | 1345s
Ep 10300/40000 | ret -7.9160 | avg(50) -10.9619 | ε 0.470 | loss 0.00391 | buf 100,000 | 1352s
Ep 10350/40000 | ret -11.2877 | avg(50) -11.8195 | ε 0.467 | loss 0.02629 | buf 100,000 | 1360s
Ep 10400/40000 | ret -6.4109 | avg(50) -12.0587 | ε 0.464 | loss 0.00405 | buf 100,000 | 1367s
Ep 10450/40000 | ret -6.6731 | avg(50) -9.9413 | ε 0.461 | loss 0.00846 | buf 100,000 | 1374s
Ep 10500/40000 | ret -11.4632 | avg(50) -10.8816 | ε 0.459 | loss 0.00541 | buf 100,000 | 1382s
[agent] Checkpoint saved → online_RL/runs/20260525_182710/dqn_ep10500.pt
[train] Returns plot → online_RL/runs/20260525_182710/returns.png
[train] Q-loss plot  → online_RL/runs/20260525_182710/q_loss.png
[train] Epsilon plot → online_RL/runs/20260525_182710/epsilon.png
Ep 10550/40000 | ret -12.4547 | avg(50) -10.7824 | ε 0.456 | loss 0.01281 | buf 100,000 | 1390s
Ep 10600/40000 | ret -9.1334 | avg(50) -10.9447 | ε 0.453 | loss 0.02457 | buf 100,000 | 1397s
Ep 10650/40000 | ret -8.7609 | avg(50) -11.7525 | ε 0.450 | loss 0.00455 | buf 100,000 | 1405s
[agent] Checkpoint saved → online_RL/runs/20260525_182710/dqn_best.pt
Ep 10700/40000 | ret -9.6927 | avg(50) -10.8074 | ε 0.447 | loss 0.01556 | buf 100,000 | 1412s
Ep 10750/40000 | ret -12.4774 | avg(50) -10.4247 | ε 0.444 | loss 0.00775 | buf 100,000 | 1420s
Ep 10800/40000 | ret -9.2933 | avg(50) -10.6467 | ε 0.441 | loss 0.00752 | buf 100,000 | 1427s
Ep 10850/40000 | ret -17.4103 | avg(50) -12.1117 | ε 0.439 | loss 0.01475 | buf 100,000 | 1434s
Ep 10900/40000 | ret -9.9905 | avg(50) -9.3534 | ε 0.436 | loss 0.00485 | buf 100,000 | 1442s
Ep 10950/40000 | ret -6.1819 | avg(50) -10.7446 | ε 0.433 | loss 0.00456 | buf 100,000 | 1449s
Ep 11000/40000 | ret -15.1674 | avg(50) -10.6136 | ε 0.430 | loss 0.00694 | buf 100,000 | 1456s
[agent] Checkpoint saved → online_RL/runs/20260525_182710/dqn_ep11000.pt
[train] Returns plot → online_RL/runs/20260525_182710/returns.png
[train] Q-loss plot  → online_RL/runs/20260525_182710/q_loss.png
[train] Epsilon plot → online_RL/runs/20260525_182710/epsilon.png
Ep 11050/40000 | ret -5.6622 | avg(50) -9.4366 | ε 0.427 | loss 0.00455 | buf 100,000 | 1465s
Ep 11100/40000 | ret -14.5197 | avg(50) -9.9521 | ε 0.424 | loss 0.00619 | buf 100,000 | 1472s
Ep 11150/40000 | ret -3.8838 | avg(50) -10.9037 | ε 0.421 | loss 0.00530 | buf 100,000 | 1480s
[agent] Checkpoint saved → online_RL/runs/20260525_182710/dqn_best.pt
Ep 11200/40000 | ret -7.3415 | avg(50) -10.7679 | ε 0.419 | loss 0.00566 | buf 100,000 | 1487s
Ep 11250/40000 | ret -5.0024 | avg(50) -10.0667 | ε 0.416 | loss 0.00400 | buf 100,000 | 1494s
Ep 11300/40000 | ret -5.6773 | avg(50) -9.3129 | ε 0.413 | loss 0.00285 | buf 100,000 | 1502s
Ep 11350/40000 | ret -6.5920 | avg(50) -9.8062 | ε 0.410 | loss 0.00608 | buf 100,000 | 1509s
Ep 11400/40000 | ret -13.6390 | avg(50) -8.4484 | ε 0.407 | loss 0.00912 | buf 100,000 | 1517s
Ep 11450/40000 | ret -9.6636 | avg(50) -9.7025 | ε 0.404 | loss 0.00749 | buf 100,000 | 1524s
Ep 11500/40000 | ret -6.6762 | avg(50) -9.8930 | ε 0.402 | loss 0.01416 | buf 100,000 | 1531s
[agent] Checkpoint saved → online_RL/runs/20260525_182710/dqn_ep11500.pt
[train] Returns plot → online_RL/runs/20260525_182710/returns.png
[train] Q-loss plot  → online_RL/runs/20260525_182710/q_loss.png
[train] Epsilon plot → online_RL/runs/20260525_182710/epsilon.png
Ep 11550/40000 | ret -15.6173 | avg(50) -10.3986 | ε 0.399 | loss 0.00554 | buf 100,000 | 1540s
Ep 11600/40000 | ret -3.0653 | avg(50) -9.5471 | ε 0.396 | loss 0.02602 | buf 100,000 | 1547s
Ep 11650/40000 | ret -14.2652 | avg(50) -9.1696 | ε 0.393 | loss 0.00568 | buf 100,000 | 1555s
Ep 11700/40000 | ret -13.7725 | avg(50) -9.6418 | ε 0.390 | loss 0.00479 | buf 100,000 | 1562s
Ep 11750/40000 | ret -8.9429 | avg(50) -9.5386 | ε 0.387 | loss 0.00963 | buf 100,000 | 1569s
Ep 11800/40000 | ret -5.8317 | avg(50) -9.2631 | ε 0.384 | loss 0.02582 | buf 100,000 | 1577s
Ep 11850/40000 | ret -13.1340 | avg(50) -9.6437 | ε 0.382 | loss 0.00554 | buf 100,000 | 1584s
[agent] Checkpoint saved → online_RL/runs/20260525_182710/dqn_best.pt
Ep 11900/40000 | ret -12.7957 | avg(50) -9.9206 | ε 0.379 | loss 0.00427 | buf 100,000 | 1592s
Ep 11950/40000 | ret -13.5958 | avg(50) -9.8815 | ε 0.376 | loss 0.00496 | buf 100,000 | 1599s
Ep 12000/40000 | ret -7.4457 | avg(50) -9.3395 | ε 0.373 | loss 0.00299 | buf 100,000 | 1607s
[agent] Checkpoint saved → online_RL/runs/20260525_182710/dqn_ep12000.pt
[train] Returns plot → online_RL/runs/20260525_182710/returns.png
[train] Q-loss plot  → online_RL/runs/20260525_182710/q_loss.png
[train] Epsilon plot → online_RL/runs/20260525_182710/epsilon.png
Ep 12050/40000 | ret -8.4884 | avg(50) -8.9273 | ε 0.370 | loss 0.01099 | buf 100,000 | 1615s
Ep 12100/40000 | ret -5.2210 | avg(50) -8.2448 | ε 0.367 | loss 0.00313 | buf 100,000 | 1623s
Ep 12150/40000 | ret -6.2912 | avg(50) -10.1813 | ε 0.364 | loss 0.00577 | buf 100,000 | 1630s
Ep 12200/40000 | ret -5.0517 | avg(50) -9.0389 | ε 0.362 | loss 0.00445 | buf 100,000 | 1638s
Ep 12250/40000 | ret -14.4189 | avg(50) -8.3693 | ε 0.359 | loss 0.00978 | buf 100,000 | 1645s
Ep 12300/40000 | ret -2.0846 | avg(50) -9.3819 | ε 0.356 | loss 0.00218 | buf 100,000 | 1653s
Ep 12350/40000 | ret -6.6032 | avg(50) -8.2810 | ε 0.353 | loss 0.00462 | buf 100,000 | 1660s
Ep 12400/40000 | ret -9.4862 | avg(50) -9.1374 | ε 0.350 | loss 0.00475 | buf 100,000 | 1667s
Ep 12450/40000 | ret -9.2897 | avg(50) -9.2855 | ε 0.347 | loss 0.00445 | buf 100,000 | 1675s
Ep 12500/40000 | ret -7.9349 | avg(50) -9.0247 | ε 0.345 | loss 0.02448 | buf 100,000 | 1682s
[agent] Checkpoint saved → online_RL/runs/20260525_182710/dqn_ep12500.pt
[train] Returns plot → online_RL/runs/20260525_182710/returns.png
[train] Q-loss plot  → online_RL/runs/20260525_182710/q_loss.png
[train] Epsilon plot → online_RL/runs/20260525_182710/epsilon.png
Ep 12550/40000 | ret -9.9152 | avg(50) -8.2467 | ε 0.342 | loss 0.00942 | buf 100,000 | 1691s
Ep 12600/40000 | ret -8.7992 | avg(50) -9.4337 | ε 0.339 | loss 0.01650 | buf 100,000 | 1698s
Ep 12650/40000 | ret -7.2049 | avg(50) -8.1697 | ε 0.336 | loss 0.00401 | buf 100,000 | 1706s
Ep 12700/40000 | ret -3.6248 | avg(50) -7.5373 | ε 0.333 | loss 0.00366 | buf 100,000 | 1713s
Ep 12750/40000 | ret -7.9362 | avg(50) -7.6131 | ε 0.330 | loss 0.00289 | buf 100,000 | 1721s
Ep 12800/40000 | ret -13.0233 | avg(50) -8.0179 | ε 0.327 | loss 0.00765 | buf 100,000 | 1728s
Ep 12850/40000 | ret -18.2102 | avg(50) -8.0226 | ε 0.325 | loss 0.00527 | buf 100,000 | 1736s
Ep 12900/40000 | ret -11.6013 | avg(50) -7.3768 | ε 0.322 | loss 0.00861 | buf 100,000 | 1743s
Ep 12950/40000 | ret -9.5424 | avg(50) -8.8301 | ε 0.319 | loss 0.00543 | buf 100,000 | 1751s
Ep 13000/40000 | ret -6.0066 | avg(50) -7.0446 | ε 0.316 | loss 0.00299 | buf 100,000 | 1758s
[agent] Checkpoint saved → online_RL/runs/20260525_182710/dqn_ep13000.pt
[train] Returns plot → online_RL/runs/20260525_182710/returns.png
[train] Q-loss plot  → online_RL/runs/20260525_182710/q_loss.png
[train] Epsilon plot → online_RL/runs/20260525_182710/epsilon.png
Ep 13050/40000 | ret -4.0335 | avg(50) -7.2200 | ε 0.313 | loss 0.02145 | buf 100,000 | 1767s
Ep 13100/40000 | ret -7.3617 | avg(50) -8.2425 | ε 0.310 | loss 0.00268 | buf 100,000 | 1774s
Ep 13150/40000 | ret -8.4591 | avg(50) -7.1937 | ε 0.307 | loss 0.00328 | buf 100,000 | 1782s
Ep 13200/40000 | ret -20.6103 | avg(50) -7.4848 | ε 0.305 | loss 0.00542 | buf 100,000 | 1789s
[agent] Checkpoint saved → online_RL/runs/20260525_182710/dqn_best.pt
Ep 13250/40000 | ret -15.0158 | avg(50) -7.1886 | ε 0.302 | loss 0.00357 | buf 100,000 | 1797s
Ep 13300/40000 | ret -5.6720 | avg(50) -7.8715 | ε 0.299 | loss 0.03518 | buf 100,000 | 1804s
Ep 13350/40000 | ret -11.2107 | avg(50) -6.9968 | ε 0.296 | loss 0.00327 | buf 100,000 | 1812s
Ep 13400/40000 | ret -1.5422 | avg(50) -7.0986 | ε 0.293 | loss 0.00274 | buf 100,000 | 1819s
Ep 13450/40000 | ret -1.3441 | avg(50) -6.2529 | ε 0.290 | loss 0.00245 | buf 100,000 | 1827s
Ep 13500/40000 | ret -5.3819 | avg(50) -6.2429 | ε 0.288 | loss 0.00259 | buf 100,000 | 1835s
[agent] Checkpoint saved → online_RL/runs/20260525_182710/dqn_ep13500.pt
[train] Returns plot → online_RL/runs/20260525_182710/returns.png
[train] Q-loss plot  → online_RL/runs/20260525_182710/q_loss.png
[train] Epsilon plot → online_RL/runs/20260525_182710/epsilon.png
Ep 13550/40000 | ret -6.4955 | avg(50) -6.7661 | ε 0.285 | loss 0.00477 | buf 100,000 | 1843s
Ep 13600/40000 | ret -1.2646 | avg(50) -6.5442 | ε 0.282 | loss 0.01459 | buf 100,000 | 1851s
Ep 13650/40000 | ret -4.3206 | avg(50) -5.6551 | ε 0.279 | loss 0.00425 | buf 100,000 | 1858s
Ep 13700/40000 | ret -7.3278 | avg(50) -6.6051 | ε 0.276 | loss 0.00428 | buf 100,000 | 1866s
Ep 13750/40000 | ret -7.9445 | avg(50) -6.9733 | ε 0.273 | loss 0.00273 | buf 100,000 | 1873s
Ep 13800/40000 | ret -7.1240 | avg(50) -6.9219 | ε 0.270 | loss 0.00407 | buf 100,000 | 1881s
Ep 13850/40000 | ret -10.7462 | avg(50) -6.4412 | ε 0.268 | loss 0.00314 | buf 100,000 | 1888s
Ep 13900/40000 | ret -10.1641 | avg(50) -6.6275 | ε 0.265 | loss 0.00791 | buf 100,000 | 1896s
Ep 13950/40000 | ret -5.7352 | avg(50) -6.9061 | ε 0.262 | loss 0.00495 | buf 100,000 | 1903s
Ep 14000/40000 | ret -2.7682 | avg(50) -6.4445 | ε 0.259 | loss 0.00430 | buf 100,000 | 1911s
[agent] Checkpoint saved → online_RL/runs/20260525_182710/dqn_ep14000.pt
[train] Returns plot → online_RL/runs/20260525_182710/returns.png
[train] Q-loss plot  → online_RL/runs/20260525_182710/q_loss.png
[train] Epsilon plot → online_RL/runs/20260525_182710/epsilon.png
Ep 14050/40000 | ret -2.4285 | avg(50) -4.9811 | ε 0.256 | loss 0.00905 | buf 100,000 | 1920s
Ep 14100/40000 | ret -3.9684 | avg(50) -6.7977 | ε 0.253 | loss 0.02735 | buf 100,000 | 1927s
Ep 14150/40000 | ret -4.7012 | avg(50) -6.2218 | ε 0.250 | loss 0.00391 | buf 100,000 | 1935s
Ep 14200/40000 | ret -6.3754 | avg(50) -6.5476 | ε 0.248 | loss 0.00403 | buf 100,000 | 1942s
Ep 14250/40000 | ret -3.3253 | avg(50) -6.4730 | ε 0.245 | loss 0.01250 | buf 100,000 | 1950s
Ep 14300/40000 | ret -1.6636 | avg(50) -6.3071 | ε 0.242 | loss 0.00236 | buf 100,000 | 1957s
Ep 14350/40000 | ret -3.5520 | avg(50) -6.1505 | ε 0.239 | loss 0.00815 | buf 100,000 | 1965s
Ep 14400/40000 | ret -12.0827 | avg(50) -6.0551 | ε 0.236 | loss 0.00224 | buf 100,000 | 1972s
Ep 14450/40000 | ret -4.7958 | avg(50) -5.5028 | ε 0.233 | loss 0.02679 | buf 100,000 | 1980s
Ep 14500/40000 | ret -6.5661 | avg(50) -6.3077 | ε 0.231 | loss 0.00403 | buf 100,000 | 1987s
[agent] Checkpoint saved → online_RL/runs/20260525_182710/dqn_ep14500.pt
[train] Returns plot → online_RL/runs/20260525_182710/returns.png
[train] Q-loss plot  → online_RL/runs/20260525_182710/q_loss.png
[train] Epsilon plot → online_RL/runs/20260525_182710/epsilon.png
Ep 14550/40000 | ret -6.8106 | avg(50) -5.0931 | ε 0.228 | loss 0.01979 | buf 100,000 | 1996s
Ep 14600/40000 | ret -10.7689 | avg(50) -6.5893 | ε 0.225 | loss 0.00226 | buf 100,000 | 2004s
Ep 14650/40000 | ret -4.9193 | avg(50) -4.6362 | ε 0.222 | loss 0.00230 | buf 100,000 | 2011s
Ep 14700/40000 | ret -0.7139 | avg(50) -5.6242 | ε 0.219 | loss 0.00273 | buf 100,000 | 2019s
Ep 14750/40000 | ret -1.9999 | avg(50) -4.8461 | ε 0.216 | loss 0.00398 | buf 100,000 | 2026s
[agent] Checkpoint saved → online_RL/runs/20260525_182710/dqn_best.pt
Ep 14800/40000 | ret -2.7286 | avg(50) -5.1551 | ε 0.213 | loss 0.00293 | buf 100,000 | 2034s
Ep 14850/40000 | ret -3.0392 | avg(50) -5.0824 | ε 0.211 | loss 0.00218 | buf 100,000 | 2042s
Ep 14900/40000 | ret -6.5218 | avg(50) -6.6455 | ε 0.208 | loss 0.01264 | buf 100,000 | 2049s
Ep 14950/40000 | ret -11.8294 | avg(50) -4.4788 | ε 0.205 | loss 0.01268 | buf 100,000 | 2057s
Ep 15000/40000 | ret -5.0192 | avg(50) -4.2794 | ε 0.202 | loss 0.00424 | buf 100,000 | 2065s
[agent] Checkpoint saved → online_RL/runs/20260525_182710/dqn_ep15000.pt
[train] Returns plot → online_RL/runs/20260525_182710/returns.png
[train] Q-loss plot  → online_RL/runs/20260525_182710/q_loss.png
[train] Epsilon plot → online_RL/runs/20260525_182710/epsilon.png
Ep 15050/40000 | ret -18.3807 | avg(50) -4.9255 | ε 0.199 | loss 0.00179 | buf 100,000 | 2073s
Ep 15100/40000 | ret -5.8242 | avg(50) -5.0830 | ε 0.196 | loss 0.00318 | buf 100,000 | 2081s
Ep 15150/40000 | ret -8.2966 | avg(50) -4.6042 | ε 0.193 | loss 0.01032 | buf 100,000 | 2088s
Ep 15200/40000 | ret -0.6344 | avg(50) -4.8842 | ε 0.191 | loss 0.00159 | buf 100,000 | 2096s
Ep 15250/40000 | ret -0.7182 | avg(50) -4.0237 | ε 0.188 | loss 0.00174 | buf 100,000 | 2104s
Ep 15300/40000 | ret -2.7582 | avg(50) -5.4171 | ε 0.185 | loss 0.00330 | buf 100,000 | 2111s
Ep 15350/40000 | ret -3.9347 | avg(50) -4.0760 | ε 0.182 | loss 0.00328 | buf 100,000 | 2119s
[agent] Checkpoint saved → online_RL/runs/20260525_182710/dqn_best.pt
Ep 15400/40000 | ret -1.9471 | avg(50) -3.3041 | ε 0.179 | loss 0.00223 | buf 100,000 | 2127s
Ep 15450/40000 | ret -13.0787 | avg(50) -4.6452 | ε 0.176 | loss 0.00432 | buf 100,000 | 2134s
Ep 15500/40000 | ret -3.8577 | avg(50) -4.1420 | ε 0.174 | loss 0.00342 | buf 100,000 | 2142s
[agent] Checkpoint saved → online_RL/runs/20260525_182710/dqn_ep15500.pt
[train] Returns plot → online_RL/runs/20260525_182710/returns.png
[train] Q-loss plot  → online_RL/runs/20260525_182710/q_loss.png
[train] Epsilon plot → online_RL/runs/20260525_182710/epsilon.png
Ep 15550/40000 | ret -1.5901 | avg(50) -4.1002 | ε 0.171 | loss 0.00234 | buf 100,000 | 2151s
Ep 15600/40000 | ret -3.3491 | avg(50) -4.5846 | ε 0.168 | loss 0.00475 | buf 100,000 | 2158s
Ep 15650/40000 | ret -2.5884 | avg(50) -4.1512 | ε 0.165 | loss 0.00494 | buf 100,000 | 2166s
Ep 15700/40000 | ret -9.7350 | avg(50) -4.1248 | ε 0.162 | loss 0.00163 | buf 100,000 | 2173s
Ep 15750/40000 | ret -1.4428 | avg(50) -3.7185 | ε 0.159 | loss 0.00409 | buf 100,000 | 2181s
Ep 15800/40000 | ret -8.2249 | avg(50) -3.7512 | ε 0.156 | loss 0.00201 | buf 100,000 | 2189s
Ep 15850/40000 | ret -3.8324 | avg(50) -3.1414 | ε 0.154 | loss 0.00113 | buf 100,000 | 2197s
Ep 15900/40000 | ret -2.6479 | avg(50) -4.1486 | ε 0.151 | loss 0.00164 | buf 100,000 | 2204s
Ep 15950/40000 | ret -2.0947 | avg(50) -4.7565 | ε 0.148 | loss 0.00160 | buf 100,000 | 2212s
Ep 16000/40000 | ret -2.5892 | avg(50) -4.5778 | ε 0.145 | loss 0.00264 | buf 100,000 | 2219s
[agent] Checkpoint saved → online_RL/runs/20260525_182710/dqn_ep16000.pt
[train] Returns plot → online_RL/runs/20260525_182710/returns.png
[train] Q-loss plot  → online_RL/runs/20260525_182710/q_loss.png
[train] Epsilon plot → online_RL/runs/20260525_182710/epsilon.png
Ep 16050/40000 | ret -1.7641 | avg(50) -3.8438 | ε 0.142 | loss 0.00737 | buf 100,000 | 2228s
Ep 16100/40000 | ret -1.5486 | avg(50) -3.8240 | ε 0.139 | loss 0.00194 | buf 100,000 | 2236s
Ep 16150/40000 | ret -0.7066 | avg(50) -3.2786 | ε 0.136 | loss 0.00224 | buf 100,000 | 2244s
Ep 16200/40000 | ret -0.6719 | avg(50) -2.6798 | ε 0.134 | loss 0.00417 | buf 100,000 | 2251s
Ep 16250/40000 | ret -0.6969 | avg(50) -3.5039 | ε 0.131 | loss 0.00170 | buf 100,000 | 2259s
Ep 16300/40000 | ret -0.8419 | avg(50) -2.7545 | ε 0.128 | loss 0.00121 | buf 100,000 | 2267s
Ep 16350/40000 | ret -0.6669 | avg(50) -3.2308 | ε 0.125 | loss 0.00804 | buf 100,000 | 2275s
Ep 16400/40000 | ret -0.9586 | avg(50) -2.9025 | ε 0.122 | loss 0.00178 | buf 100,000 | 2282s
Ep 16450/40000 | ret -1.6426 | avg(50) -2.9244 | ε 0.119 | loss 0.00261 | buf 100,000 | 2290s
Ep 16500/40000 | ret -2.1611 | avg(50) -2.6594 | ε 0.117 | loss 0.00173 | buf 100,000 | 2298s
[agent] Checkpoint saved → online_RL/runs/20260525_182710/dqn_ep16500.pt
[train] Returns plot → online_RL/runs/20260525_182710/returns.png
[train] Q-loss plot  → online_RL/runs/20260525_182710/q_loss.png
[train] Epsilon plot → online_RL/runs/20260525_182710/epsilon.png
Ep 16550/40000 | ret -3.8423 | avg(50) -3.1334 | ε 0.114 | loss 0.00571 | buf 100,000 | 2306s
Ep 16600/40000 | ret -1.8628 | avg(50) -2.9739 | ε 0.111 | loss 0.00456 | buf 100,000 | 2314s
Ep 16650/40000 | ret -4.8271 | avg(50) -2.9217 | ε 0.108 | loss 0.00304 | buf 100,000 | 2322s
Ep 16700/40000 | ret -0.7051 | avg(50) -2.4751 | ε 0.105 | loss 0.00138 | buf 100,000 | 2330s
Ep 16750/40000 | ret -4.8828 | avg(50) -3.3076 | ε 0.102 | loss 0.00193 | buf 100,000 | 2337s
Ep 16800/40000 | ret -1.4968 | avg(50) -2.4926 | ε 0.099 | loss 0.00739 | buf 100,000 | 2345s
Ep 16850/40000 | ret -2.0934 | avg(50) -2.6100 | ε 0.097 | loss 0.00282 | buf 100,000 | 2353s
Ep 16900/40000 | ret -4.1422 | avg(50) -2.9666 | ε 0.094 | loss 0.00125 | buf 100,000 | 2360s
Ep 16950/40000 | ret -1.6103 | avg(50) -2.2493 | ε 0.091 | loss 0.00120 | buf 100,000 | 2368s
Ep 17000/40000 | ret -4.5575 | avg(50) -3.1559 | ε 0.088 | loss 0.00148 | buf 100,000 | 2376s
[agent] Checkpoint saved → online_RL/runs/20260525_182710/dqn_ep17000.pt
[train] Returns plot → online_RL/runs/20260525_182710/returns.png
[train] Q-loss plot  → online_RL/runs/20260525_182710/q_loss.png
[train] Epsilon plot → online_RL/runs/20260525_182710/epsilon.png
Ep 17050/40000 | ret -0.7043 | avg(50) -2.2583 | ε 0.085 | loss 0.00115 | buf 100,000 | 2385s
Ep 17100/40000 | ret -8.4977 | avg(50) -2.5299 | ε 0.082 | loss 0.00113 | buf 100,000 | 2392s
Ep 17150/40000 | ret -6.3119 | avg(50) -2.0841 | ε 0.079 | loss 0.00259 | buf 100,000 | 2400s
Ep 17200/40000 | ret -5.8079 | avg(50) -2.2525 | ε 0.077 | loss 0.00203 | buf 100,000 | 2408s
Ep 17250/40000 | ret -2.9821 | avg(50) -2.0258 | ε 0.074 | loss 0.00198 | buf 100,000 | 2416s
Ep 17300/40000 | ret -0.5916 | avg(50) -2.1008 | ε 0.071 | loss 0.00080 | buf 100,000 | 2423s
Ep 17350/40000 | ret -0.6406 | avg(50) -1.8115 | ε 0.068 | loss 0.00148 | buf 100,000 | 2431s
Ep 17400/40000 | ret -0.6929 | avg(50) -1.9618 | ε 0.065 | loss 0.00200 | buf 100,000 | 2439s
Ep 17450/40000 | ret -0.6301 | avg(50) -1.3946 | ε 0.062 | loss 0.00130 | buf 100,000 | 2446s
Ep 17500/40000 | ret -0.6152 | avg(50) -1.5061 | ε 0.060 | loss 0.00137 | buf 100,000 | 2454s
[agent] Checkpoint saved → online_RL/runs/20260525_182710/dqn_ep17500.pt
[train] Returns plot → online_RL/runs/20260525_182710/returns.png
[train] Q-loss plot  → online_RL/runs/20260525_182710/q_loss.png
[train] Epsilon plot → online_RL/runs/20260525_182710/epsilon.png
Ep 17550/40000 | ret -0.6974 | avg(50) -2.1617 | ε 0.057 | loss 0.00192 | buf 100,000 | 2463s
Ep 17600/40000 | ret -11.6661 | avg(50) -1.9333 | ε 0.054 | loss 0.00120 | buf 100,000 | 2471s
Ep 17650/40000 | ret -0.7181 | avg(50) -1.9109 | ε 0.051 | loss 0.00196 | buf 100,000 | 2479s
Ep 17700/40000 | ret -2.8017 | avg(50) -1.5956 | ε 0.050 | loss 0.00120 | buf 100,000 | 2486s
Ep 17750/40000 | ret -0.6113 | avg(50) -2.1447 | ε 0.050 | loss 0.00110 | buf 100,000 | 2494s
Ep 17800/40000 | ret -0.8504 | avg(50) -1.6523 | ε 0.050 | loss 0.00116 | buf 100,000 | 2502s
Ep 17850/40000 | ret -0.6152 | avg(50) -1.9459 | ε 0.050 | loss 0.00086 | buf 100,000 | 2509s
Ep 17900/40000 | ret -0.7444 | avg(50) -1.5865 | ε 0.050 | loss 0.00173 | buf 100,000 | 2517s
Ep 17950/40000 | ret -0.6420 | avg(50) -1.4587 | ε 0.050 | loss 0.00078 | buf 100,000 | 2525s
Ep 18000/40000 | ret -0.7017 | avg(50) -1.4193 | ε 0.050 | loss 0.00121 | buf 100,000 | 2533s
[agent] Checkpoint saved → online_RL/runs/20260525_182710/dqn_ep18000.pt
[train] Returns plot → online_RL/runs/20260525_182710/returns.png
[train] Q-loss plot  → online_RL/runs/20260525_182710/q_loss.png
[train] Epsilon plot → online_RL/runs/20260525_182710/epsilon.png
Ep 18050/40000 | ret -0.6593 | avg(50) -1.1057 | ε 0.050 | loss 0.00136 | buf 100,000 | 2542s
Ep 18100/40000 | ret -0.5869 | avg(50) -1.6133 | ε 0.050 | loss 0.00084 | buf 100,000 | 2549s
Ep 18150/40000 | ret -0.6430 | avg(50) -2.0020 | ε 0.050 | loss 0.00101 | buf 100,000 | 2557s
Ep 18200/40000 | ret -0.6892 | avg(50) -1.8207 | ε 0.050 | loss 0.00158 | buf 100,000 | 2565s
Ep 18250/40000 | ret -5.2747 | avg(50) -1.8951 | ε 0.050 | loss 0.00058 | buf 100,000 | 2572s
Ep 18300/40000 | ret -0.6100 | avg(50) -1.1494 | ε 0.050 | loss 0.00080 | buf 100,000 | 2580s
Ep 18350/40000 | ret -0.6726 | avg(50) -1.7850 | ε 0.050 | loss 0.00106 | buf 100,000 | 2588s
Ep 18400/40000 | ret -4.5526 | avg(50) -1.5658 | ε 0.050 | loss 0.01108 | buf 100,000 | 2596s
Ep 18450/40000 | ret -3.9915 | avg(50) -1.8335 | ε 0.050 | loss 0.00095 | buf 100,000 | 2604s
Ep 18500/40000 | ret -0.6862 | avg(50) -1.6184 | ε 0.050 | loss 0.00134 | buf 100,000 | 2611s
[agent] Checkpoint saved → online_RL/runs/20260525_182710/dqn_ep18500.pt
[train] Returns plot → online_RL/runs/20260525_182710/returns.png
[train] Q-loss plot  → online_RL/runs/20260525_182710/q_loss.png
[train] Epsilon plot → online_RL/runs/20260525_182710/epsilon.png
Ep 18550/40000 | ret -0.5932 | avg(50) -1.2326 | ε 0.050 | loss 0.00123 | buf 100,000 | 2620s
Ep 18600/40000 | ret -0.7799 | avg(50) -1.4559 | ε 0.050 | loss 0.00189 | buf 100,000 | 2628s
Ep 18650/40000 | ret -2.0398 | avg(50) -1.3291 | ε 0.050 | loss 0.00123 | buf 100,000 | 2636s
Ep 18700/40000 | ret -0.6094 | avg(50) -2.0368 | ε 0.050 | loss 0.00073 | buf 100,000 | 2643s
Ep 18750/40000 | ret -0.9734 | avg(50) -1.5860 | ε 0.050 | loss 0.00080 | buf 100,000 | 2651s
Ep 18800/40000 | ret -1.6083 | avg(50) -1.0085 | ε 0.050 | loss 0.00073 | buf 100,000 | 2659s
Ep 18850/40000 | ret -4.6053 | avg(50) -1.5777 | ε 0.050 | loss 0.00077 | buf 100,000 | 2667s
Ep 18900/40000 | ret -0.7432 | avg(50) -1.4645 | ε 0.050 | loss 0.00694 | buf 100,000 | 2674s
Ep 18950/40000 | ret -0.6113 | avg(50) -1.4618 | ε 0.050 | loss 0.00069 | buf 100,000 | 2682s
Ep 19000/40000 | ret -0.5968 | avg(50) -1.7340 | ε 0.050 | loss 0.00289 | buf 100,000 | 2690s
[agent] Checkpoint saved → online_RL/runs/20260525_182710/dqn_ep19000.pt
[train] Returns plot → online_RL/runs/20260525_182710/returns.png
[train] Q-loss plot  → online_RL/runs/20260525_182710/q_loss.png
[train] Epsilon plot → online_RL/runs/20260525_182710/epsilon.png
Ep 19050/40000 | ret -2.4120 | avg(50) -1.2588 | ε 0.050 | loss 0.00245 | buf 100,000 | 2699s
Ep 19100/40000 | ret -0.6177 | avg(50) -1.3935 | ε 0.050 | loss 0.00091 | buf 100,000 | 2706s
Ep 19150/40000 | ret -5.4794 | avg(50) -1.8870 | ε 0.050 | loss 0.00078 | buf 100,000 | 2714s
Ep 19200/40000 | ret -1.4086 | avg(50) -1.5538 | ε 0.050 | loss 0.00184 | buf 100,000 | 2722s
Ep 19250/40000 | ret -0.5908 | avg(50) -1.4521 | ε 0.050 | loss 0.00047 | buf 100,000 | 2730s
Ep 19300/40000 | ret -0.5988 | avg(50) -1.6292 | ε 0.050 | loss 0.00135 | buf 100,000 | 2738s
Ep 19350/40000 | ret -0.6001 | avg(50) -1.5101 | ε 0.050 | loss 0.00139 | buf 100,000 | 2745s
Ep 19400/40000 | ret -0.7053 | avg(50) -1.5943 | ε 0.050 | loss 0.00078 | buf 100,000 | 2753s
Ep 19450/40000 | ret -0.6939 | avg(50) -1.6214 | ε 0.050 | loss 0.00111 | buf 100,000 | 2761s
Ep 19500/40000 | ret -3.2700 | avg(50) -1.4089 | ε 0.050 | loss 0.00059 | buf 100,000 | 2768s
[agent] Checkpoint saved → online_RL/runs/20260525_182710/dqn_ep19500.pt
[train] Returns plot → online_RL/runs/20260525_182710/returns.png
[train] Q-loss plot  → online_RL/runs/20260525_182710/q_loss.png
[train] Epsilon plot → online_RL/runs/20260525_182710/epsilon.png
Ep 19550/40000 | ret -0.6004 | avg(50) -1.5681 | ε 0.050 | loss 0.00235 | buf 100,000 | 2777s
Ep 19600/40000 | ret -0.6165 | avg(50) -1.0524 | ε 0.050 | loss 0.00052 | buf 100,000 | 2785s
Ep 19650/40000 | ret -0.7128 | avg(50) -1.5255 | ε 0.050 | loss 0.00098 | buf 100,000 | 2793s
Ep 19700/40000 | ret -0.5869 | avg(50) -1.8691 | ε 0.050 | loss 0.00185 | buf 100,000 | 2801s
Ep 19750/40000 | ret -0.5869 | avg(50) -1.3549 | ε 0.050 | loss 0.00055 | buf 100,000 | 2809s
Ep 19800/40000 | ret -0.6001 | avg(50) -1.5521 | ε 0.050 | loss 0.00062 | buf 100,000 | 2816s
Ep 19850/40000 | ret -0.6518 | avg(50) -1.3299 | ε 0.050 | loss 0.00218 | buf 100,000 | 2824s
Ep 19900/40000 | ret -0.6562 | avg(50) -1.6341 | ε 0.050 | loss 0.00057 | buf 100,000 | 2832s
Ep 19950/40000 | ret -0.6001 | avg(50) -1.5588 | ε 0.050 | loss 0.00045 | buf 100,000 | 2839s
Ep 20000/40000 | ret -3.2660 | avg(50) -2.2388 | ε 0.050 | loss 0.00064 | buf 100,000 | 2847s
[agent] Checkpoint saved → online_RL/runs/20260525_182710/dqn_ep20000.pt
[train] Returns plot → online_RL/runs/20260525_182710/returns.png
[train] Q-loss plot  → online_RL/runs/20260525_182710/q_loss.png
[train] Epsilon plot → online_RL/runs/20260525_182710/epsilon.png
Ep 20050/40000 | ret -0.6100 | avg(50) -1.3459 | ε 0.050 | loss 0.00042 | buf 100,000 | 2856s
Ep 20100/40000 | ret -0.6019 | avg(50) -1.5058 | ε 0.050 | loss 0.00074 | buf 100,000 | 2864s
Ep 20150/40000 | ret -2.1171 | avg(50) -1.5940 | ε 0.050 | loss 0.00708 | buf 100,000 | 2872s
Ep 20200/40000 | ret -0.6287 | avg(50) -1.7423 | ε 0.050 | loss 0.00048 | buf 100,000 | 2879s
Ep 20250/40000 | ret -0.6152 | avg(50) -1.1549 | ε 0.050 | loss 0.00051 | buf 100,000 | 2887s
Ep 20300/40000 | ret -0.5869 | avg(50) -1.1460 | ε 0.050 | loss 0.00081 | buf 100,000 | 2895s
Ep 20350/40000 | ret -1.4262 | avg(50) -1.5996 | ε 0.050 | loss 0.00045 | buf 100,000 | 2902s
Ep 20400/40000 | ret -1.0135 | avg(50) -1.6121 | ε 0.050 | loss 0.00094 | buf 100,000 | 2910s
Ep 20450/40000 | ret -0.6094 | avg(50) -1.8688 | ε 0.050 | loss 0.00280 | buf 100,000 | 2918s
Ep 20500/40000 | ret -0.5869 | avg(50) -1.2660 | ε 0.050 | loss 0.00035 | buf 100,000 | 2926s
[agent] Checkpoint saved → online_RL/runs/20260525_182710/dqn_ep20500.pt
[train] Returns plot → online_RL/runs/20260525_182710/returns.png
[train] Q-loss plot  → online_RL/runs/20260525_182710/q_loss.png
[train] Epsilon plot → online_RL/runs/20260525_182710/epsilon.png
Ep 20550/40000 | ret -0.6094 | avg(50) -1.4037 | ε 0.050 | loss 0.00051 | buf 100,000 | 2935s
Ep 20600/40000 | ret -0.5888 | avg(50) -1.5093 | ε 0.050 | loss 0.00127 | buf 100,000 | 2943s
Ep 20650/40000 | ret -0.7757 | avg(50) -1.7550 | ε 0.050 | loss 0.00104 | buf 100,000 | 2950s
Ep 20700/40000 | ret -0.7089 | avg(50) -1.4520 | ε 0.050 | loss 0.00179 | buf 100,000 | 2958s
Ep 20750/40000 | ret -0.6197 | avg(50) -1.6339 | ε 0.050 | loss 0.00033 | buf 100,000 | 2966s
Ep 20800/40000 | ret -2.2544 | avg(50) -1.6343 | ε 0.050 | loss 0.00297 | buf 100,000 | 2973s
Ep 20850/40000 | ret -0.6177 | avg(50) -1.9090 | ε 0.050 | loss 0.00046 | buf 100,000 | 2981s
Ep 20900/40000 | ret -0.6449 | avg(50) -1.6887 | ε 0.050 | loss 0.00073 | buf 100,000 | 2989s
Ep 20950/40000 | ret -0.6685 | avg(50) -1.6573 | ε 0.050 | loss 0.00044 | buf 100,000 | 2997s
Ep 21000/40000 | ret -0.5932 | avg(50) -1.8139 | ε 0.050 | loss 0.00124 | buf 100,000 | 3005s
[agent] Checkpoint saved → online_RL/runs/20260525_182710/dqn_ep21000.pt
[train] Returns plot → online_RL/runs/20260525_182710/returns.png
[train] Q-loss plot  → online_RL/runs/20260525_182710/q_loss.png
[train] Epsilon plot → online_RL/runs/20260525_182710/epsilon.png
Ep 21050/40000 | ret -2.8852 | avg(50) -1.8498 | ε 0.050 | loss 0.00687 | buf 100,000 | 3014s
Ep 21100/40000 | ret -5.7912 | avg(50) -2.2337 | ε 0.050 | loss 0.00130 | buf 100,000 | 3021s
Ep 21150/40000 | ret -5.5121 | avg(50) -1.7799 | ε 0.050 | loss 0.00043 | buf 100,000 | 3029s
Ep 21200/40000 | ret -3.1073 | avg(50) -1.8472 | ε 0.050 | loss 0.00048 | buf 100,000 | 3037s
Ep 21250/40000 | ret -2.1253 | avg(50) -1.2934 | ε 0.050 | loss 0.00030 | buf 100,000 | 3045s
Ep 21300/40000 | ret -0.5869 | avg(50) -1.1585 | ε 0.050 | loss 0.00036 | buf 100,000 | 3052s
Ep 21350/40000 | ret -2.5083 | avg(50) -1.7268 | ε 0.050 | loss 0.00028 | buf 100,000 | 3060s
Ep 21400/40000 | ret -0.6281 | avg(50) -1.3357 | ε 0.050 | loss 0.00102 | buf 100,000 | 3068s
Ep 21450/40000 | ret -5.2235 | avg(50) -1.5743 | ε 0.050 | loss 0.00039 | buf 100,000 | 3076s
Ep 21500/40000 | ret -0.5869 | avg(50) -1.3238 | ε 0.050 | loss 0.00061 | buf 100,000 | 3083s
[agent] Checkpoint saved → online_RL/runs/20260525_182710/dqn_ep21500.pt
[train] Returns plot → online_RL/runs/20260525_182710/returns.png
[train] Q-loss plot  → online_RL/runs/20260525_182710/q_loss.png
[train] Epsilon plot → online_RL/runs/20260525_182710/epsilon.png
Ep 21550/40000 | ret -1.9899 | avg(50) -1.3063 | ε 0.050 | loss 0.00035 | buf 100,000 | 3092s
Ep 21600/40000 | ret -0.8659 | avg(50) -2.1852 | ε 0.050 | loss 0.00034 | buf 100,000 | 3100s
Ep 21650/40000 | ret -5.5961 | avg(50) -1.6780 | ε 0.050 | loss 0.00155 | buf 100,000 | 3108s
Ep 21700/40000 | ret -0.6483 | avg(50) -2.2785 | ε 0.050 | loss 0.00042 | buf 100,000 | 3116s
Ep 21750/40000 | ret -0.6097 | avg(50) -1.1483 | ε 0.050 | loss 0.00022 | buf 100,000 | 3124s
Ep 21800/40000 | ret -0.6742 | avg(50) -1.9843 | ε 0.050 | loss 0.00104 | buf 100,000 | 3131s
Ep 21850/40000 | ret -0.6273 | avg(50) -1.4955 | ε 0.050 | loss 0.00023 | buf 100,000 | 3139s
Ep 21900/40000 | ret -0.6097 | avg(50) -2.1641 | ε 0.050 | loss 0.00139 | buf 100,000 | 3147s
Ep 21950/40000 | ret -2.8286 | avg(50) -1.8543 | ε 0.050 | loss 0.00040 | buf 100,000 | 3154s
Ep 22000/40000 | ret -2.1714 | avg(50) -1.2040 | ε 0.050 | loss 0.00040 | buf 100,000 | 3162s
[agent] Checkpoint saved → online_RL/runs/20260525_182710/dqn_ep22000.pt
[train] Returns plot → online_RL/runs/20260525_182710/returns.png
[train] Q-loss plot  → online_RL/runs/20260525_182710/q_loss.png
[train] Epsilon plot → online_RL/runs/20260525_182710/epsilon.png
Ep 22050/40000 | ret -7.5960 | avg(50) -1.3028 | ε 0.050 | loss 0.00055 | buf 100,000 | 3171s
Ep 22100/40000 | ret -0.6097 | avg(50) -1.7808 | ε 0.050 | loss 0.00051 | buf 100,000 | 3179s
Ep 22150/40000 | ret -0.5932 | avg(50) -1.5073 | ε 0.050 | loss 0.00030 | buf 100,000 | 3187s
Ep 22200/40000 | ret -0.5916 | avg(50) -1.9134 | ε 0.050 | loss 0.00039 | buf 100,000 | 3194s
Ep 22250/40000 | ret -2.0604 | avg(50) -1.7971 | ε 0.050 | loss 0.00026 | buf 100,000 | 3202s
Ep 22300/40000 | ret -0.8194 | avg(50) -2.1392 | ε 0.050 | loss 0.00039 | buf 100,000 | 3210s
Ep 22350/40000 | ret -5.0483 | avg(50) -1.1247 | ε 0.050 | loss 0.00028 | buf 100,000 | 3218s
Ep 22400/40000 | ret -0.6152 | avg(50) -1.5322 | ε 0.050 | loss 0.00037 | buf 100,000 | 3225s
Ep 22450/40000 | ret -3.9541 | avg(50) -1.6202 | ε 0.050 | loss 0.00101 | buf 100,000 | 3233s
Ep 22500/40000 | ret -1.0187 | avg(50) -1.7949 | ε 0.050 | loss 0.00023 | buf 100,000 | 3241s
[agent] Checkpoint saved → online_RL/runs/20260525_182710/dqn_ep22500.pt
[train] Returns plot → online_RL/runs/20260525_182710/returns.png
[train] Q-loss plot  → online_RL/runs/20260525_182710/q_loss.png
[train] Epsilon plot → online_RL/runs/20260525_182710/epsilon.png
Ep 22550/40000 | ret -0.6100 | avg(50) -2.0112 | ε 0.050 | loss 0.00019 | buf 100,000 | 3250s
Ep 22600/40000 | ret -0.6004 | avg(50) -1.6913 | ε 0.050 | loss 0.00050 | buf 100,000 | 3258s
Ep 22650/40000 | ret -0.5869 | avg(50) -1.5605 | ε 0.050 | loss 0.00032 | buf 100,000 | 3265s
Ep 22700/40000 | ret -0.5888 | avg(50) -1.5834 | ε 0.050 | loss 0.00019 | buf 100,000 | 3273s
Ep 22750/40000 | ret -0.6004 | avg(50) -1.7558 | ε 0.050 | loss 0.00034 | buf 100,000 | 3281s
Ep 22800/40000 | ret -3.5944 | avg(50) -1.5187 | ε 0.050 | loss 0.00116 | buf 100,000 | 3288s
Ep 22850/40000 | ret -0.7710 | avg(50) -1.3984 | ε 0.050 | loss 0.00037 | buf 100,000 | 3296s
Ep 22900/40000 | ret -3.9797 | avg(50) -1.3832 | ε 0.050 | loss 0.00024 | buf 100,000 | 3304s
Ep 22950/40000 | ret -0.6019 | avg(50) -1.3969 | ε 0.050 | loss 0.00085 | buf 100,000 | 3312s
Ep 23000/40000 | ret -0.7737 | avg(50) -1.5163 | ε 0.050 | loss 0.00027 | buf 100,000 | 3320s
[agent] Checkpoint saved → online_RL/runs/20260525_182710/dqn_ep23000.pt
[train] Returns plot → online_RL/runs/20260525_182710/returns.png
[train] Q-loss plot  → online_RL/runs/20260525_182710/q_loss.png
[train] Epsilon plot → online_RL/runs/20260525_182710/epsilon.png
Ep 23050/40000 | ret -0.6004 | avg(50) -1.8671 | ε 0.050 | loss 0.00013 | buf 100,000 | 3328s
Ep 23100/40000 | ret -6.8219 | avg(50) -1.8563 | ε 0.050 | loss 0.00014 | buf 100,000 | 3336s
Ep 23150/40000 | ret -0.6097 | avg(50) -1.8917 | ε 0.050 | loss 0.00071 | buf 100,000 | 3344s
Ep 23200/40000 | ret -0.6019 | avg(50) -1.3525 | ε 0.050 | loss 0.00035 | buf 100,000 | 3352s
Ep 23250/40000 | ret -0.5946 | avg(50) -2.0945 | ε 0.050 | loss 0.00024 | buf 100,000 | 3359s
Ep 23300/40000 | ret -0.6629 | avg(50) -1.6079 | ε 0.050 | loss 0.00028 | buf 100,000 | 3367s
Ep 23350/40000 | ret -0.5869 | avg(50) -1.7774 | ε 0.050 | loss 0.00187 | buf 100,000 | 3375s
Ep 23400/40000 | ret -0.6107 | avg(50) -1.0414 | ε 0.050 | loss 0.00020 | buf 100,000 | 3383s
Ep 23450/40000 | ret -0.6019 | avg(50) -1.3294 | ε 0.050 | loss 0.00016 | buf 100,000 | 3390s
Ep 23500/40000 | ret -4.8514 | avg(50) -1.8772 | ε 0.050 | loss 0.00016 | buf 100,000 | 3398s
[agent] Checkpoint saved → online_RL/runs/20260525_182710/dqn_ep23500.pt
[train] Returns plot → online_RL/runs/20260525_182710/returns.png
[train] Q-loss plot  → online_RL/runs/20260525_182710/q_loss.png
[train] Epsilon plot → online_RL/runs/20260525_182710/epsilon.png
Ep 23550/40000 | ret -0.6621 | avg(50) -2.1392 | ε 0.050 | loss 0.00080 | buf 100,000 | 3407s
Ep 23600/40000 | ret -0.7453 | avg(50) -2.0618 | ε 0.050 | loss 0.00015 | buf 100,000 | 3415s
Ep 23650/40000 | ret -1.4637 | avg(50) -2.2181 | ε 0.050 | loss 0.00017 | buf 100,000 | 3423s
Ep 23700/40000 | ret -2.1822 | avg(50) -1.4389 | ε 0.050 | loss 0.00013 | buf 100,000 | 3430s
Ep 23750/40000 | ret -4.7837 | avg(50) -1.7462 | ε 0.050 | loss 0.00033 | buf 100,000 | 3438s
Ep 23800/40000 | ret -2.4075 | avg(50) -1.2687 | ε 0.050 | loss 0.00027 | buf 100,000 | 3446s
Ep 23850/40000 | ret -0.5888 | avg(50) -1.6355 | ε 0.050 | loss 0.00019 | buf 100,000 | 3454s
Ep 23900/40000 | ret -0.6107 | avg(50) -2.3521 | ε 0.050 | loss 0.00271 | buf 100,000 | 3461s
Ep 23950/40000 | ret -6.6618 | avg(50) -1.5071 | ε 0.050 | loss 0.00019 | buf 100,000 | 3469s
Ep 24000/40000 | ret -0.6031 | avg(50) -1.2553 | ε 0.050 | loss 0.00012 | buf 100,000 | 3477s
[agent] Checkpoint saved → online_RL/runs/20260525_182710/dqn_ep24000.pt
[train] Returns plot → online_RL/runs/20260525_182710/returns.png
[train] Q-loss plot  → online_RL/runs/20260525_182710/q_loss.png
[train] Epsilon plot → online_RL/runs/20260525_182710/epsilon.png
Ep 24050/40000 | ret -2.1165 | avg(50) -1.6934 | ε 0.050 | loss 0.00021 | buf 100,000 | 3486s
Ep 24100/40000 | ret -0.5869 | avg(50) -1.3302 | ε 0.050 | loss 0.00060 | buf 100,000 | 3493s
Ep 24150/40000 | ret -1.5456 | avg(50) -1.8613 | ε 0.050 | loss 0.00023 | buf 100,000 | 3501s
Ep 24200/40000 | ret -0.5869 | avg(50) -1.7655 | ε 0.050 | loss 0.00013 | buf 100,000 | 3509s
Ep 24250/40000 | ret -0.6403 | avg(50) -1.0964 | ε 0.050 | loss 0.00027 | buf 100,000 | 3517s
Ep 24300/40000 | ret -0.6094 | avg(50) -1.4756 | ε 0.050 | loss 0.00023 | buf 100,000 | 3525s
Ep 24350/40000 | ret -5.9702 | avg(50) -1.9249 | ε 0.050 | loss 0.00025 | buf 100,000 | 3532s
Ep 24400/40000 | ret -0.6004 | avg(50) -1.6975 | ε 0.050 | loss 0.00020 | buf 100,000 | 3540s
Ep 24450/40000 | ret -0.5908 | avg(50) -1.4785 | ε 0.050 | loss 0.00021 | buf 100,000 | 3548s
Ep 24500/40000 | ret -0.9787 | avg(50) -1.3403 | ε 0.050 | loss 0.00042 | buf 100,000 | 3555s
[agent] Checkpoint saved → online_RL/runs/20260525_182710/dqn_ep24500.pt
[train] Returns plot → online_RL/runs/20260525_182710/returns.png
[train] Q-loss plot  → online_RL/runs/20260525_182710/q_loss.png
[train] Epsilon plot → online_RL/runs/20260525_182710/epsilon.png
Ep 24550/40000 | ret -2.7623 | avg(50) -1.5406 | ε 0.050 | loss 0.00017 | buf 100,000 | 3564s
Ep 24600/40000 | ret -0.5908 | avg(50) -1.3264 | ε 0.050 | loss 0.00007 | buf 100,000 | 3572s
Ep 24650/40000 | ret -0.6094 | avg(50) -1.5074 | ε 0.050 | loss 0.00192 | buf 100,000 | 3580s
Ep 24700/40000 | ret -0.6004 | avg(50) -1.3392 | ε 0.050 | loss 0.00022 | buf 100,000 | 3588s
Ep 24750/40000 | ret -4.9096 | avg(50) -1.7877 | ε 0.050 | loss 0.00012 | buf 100,000 | 3595s
Ep 24800/40000 | ret -0.5932 | avg(50) -1.2514 | ε 0.050 | loss 0.00013 | buf 100,000 | 3603s
Ep 24850/40000 | ret -5.2858 | avg(50) -1.7206 | ε 0.050 | loss 0.00016 | buf 100,000 | 3611s
Ep 24900/40000 | ret -4.4712 | avg(50) -1.9946 | ε 0.050 | loss 0.00464 | buf 100,000 | 3619s
Ep 24950/40000 | ret -0.6019 | avg(50) -1.4095 | ε 0.050 | loss 0.00016 | buf 100,000 | 3626s
Ep 25000/40000 | ret -1.7941 | avg(50) -1.4336 | ε 0.050 | loss 0.00009 | buf 100,000 | 3634s
[agent] Checkpoint saved → online_RL/runs/20260525_182710/dqn_ep25000.pt
[train] Returns plot → online_RL/runs/20260525_182710/returns.png
[train] Q-loss plot  → online_RL/runs/20260525_182710/q_loss.png
[train] Epsilon plot → online_RL/runs/20260525_182710/epsilon.png
Ep 25050/40000 | ret -4.3764 | avg(50) -1.4468 | ε 0.050 | loss 0.00009 | buf 100,000 | 3643s
Ep 25100/40000 | ret -0.7139 | avg(50) -1.7746 | ε 0.050 | loss 0.00054 | buf 100,000 | 3651s
Ep 25150/40000 | ret -0.6100 | avg(50) -1.0520 | ε 0.050 | loss 0.00009 | buf 100,000 | 3659s
Ep 25200/40000 | ret -0.6113 | avg(50) -1.8371 | ε 0.050 | loss 0.00012 | buf 100,000 | 3666s
Ep 25250/40000 | ret -0.5988 | avg(50) -1.8340 | ε 0.050 | loss 0.00009 | buf 100,000 | 3674s
Ep 25300/40000 | ret -0.5908 | avg(50) -1.3463 | ε 0.050 | loss 0.00010 | buf 100,000 | 3682s
Ep 25350/40000 | ret -0.5932 | avg(50) -1.5179 | ε 0.050 | loss 0.00007 | buf 100,000 | 3690s
Ep 25400/40000 | ret -1.1875 | avg(50) -1.6480 | ε 0.050 | loss 0.00017 | buf 100,000 | 3697s
Ep 25450/40000 | ret -1.3403 | avg(50) -1.6685 | ε 0.050 | loss 0.00036 | buf 100,000 | 3705s
Ep 25500/40000 | ret -2.9957 | avg(50) -1.3573 | ε 0.050 | loss 0.00020 | buf 100,000 | 3713s
[agent] Checkpoint saved → online_RL/runs/20260525_182710/dqn_ep25500.pt
[train] Returns plot → online_RL/runs/20260525_182710/returns.png
[train] Q-loss plot  → online_RL/runs/20260525_182710/q_loss.png
[train] Epsilon plot → online_RL/runs/20260525_182710/epsilon.png
Ep 25550/40000 | ret -2.7609 | avg(50) -1.3443 | ε 0.050 | loss 0.00014 | buf 100,000 | 3722s
Ep 25600/40000 | ret -1.9121 | avg(50) -1.5676 | ε 0.050 | loss 0.00043 | buf 100,000 | 3730s
Ep 25650/40000 | ret -1.6826 | avg(50) -1.8015 | ε 0.050 | loss 0.00010 | buf 100,000 | 3737s
Ep 25700/40000 | ret -0.6004 | avg(50) -1.5568 | ε 0.050 | loss 0.00008 | buf 100,000 | 3745s
Ep 25750/40000 | ret -0.5888 | avg(50) -1.5914 | ε 0.050 | loss 0.00055 | buf 100,000 | 3753s
Ep 25800/40000 | ret -3.9719 | avg(50) -1.7342 | ε 0.050 | loss 0.00011 | buf 100,000 | 3761s
Ep 25850/40000 | ret -2.4645 | avg(50) -1.4967 | ε 0.050 | loss 0.00013 | buf 100,000 | 3768s
Ep 25900/40000 | ret -1.3159 | avg(50) -1.6767 | ε 0.050 | loss 0.00093 | buf 100,000 | 3776s
Ep 25950/40000 | ret -0.6719 | avg(50) -1.9694 | ε 0.050 | loss 0.00015 | buf 100,000 | 3784s
Ep 26000/40000 | ret -1.2311 | avg(50) -1.3311 | ε 0.050 | loss 0.00010 | buf 100,000 | 3792s
[agent] Checkpoint saved → online_RL/runs/20260525_182710/dqn_ep26000.pt
[train] Returns plot → online_RL/runs/20260525_182710/returns.png
[train] Q-loss plot  → online_RL/runs/20260525_182710/q_loss.png
[train] Epsilon plot → online_RL/runs/20260525_182710/epsilon.png
Ep 26050/40000 | ret -0.5908 | avg(50) -1.4027 | ε 0.050 | loss 0.00016 | buf 100,000 | 3801s
Ep 26100/40000 | ret -0.5946 | avg(50) -1.1846 | ε 0.050 | loss 0.00009 | buf 100,000 | 3808s
Ep 26150/40000 | ret -4.8164 | avg(50) -1.3873 | ε 0.050 | loss 0.00023 | buf 100,000 | 3816s
Ep 26200/40000 | ret -0.5932 | avg(50) -1.4173 | ε 0.050 | loss 0.00010 | buf 100,000 | 3824s
Ep 26250/40000 | ret -0.5908 | avg(50) -1.9885 | ε 0.050 | loss 0.00011 | buf 100,000 | 3832s
Ep 26300/40000 | ret -0.5932 | avg(50) -1.2102 | ε 0.050 | loss 0.00010 | buf 100,000 | 3839s
Ep 26350/40000 | ret -0.6107 | avg(50) -1.4462 | ε 0.050 | loss 0.00020 | buf 100,000 | 3847s
Ep 26400/40000 | ret -0.6577 | avg(50) -1.4522 | ε 0.050 | loss 0.00008 | buf 100,000 | 3855s
Ep 26450/40000 | ret -3.3294 | avg(50) -1.2995 | ε 0.050 | loss 0.00022 | buf 100,000 | 3863s
Ep 26500/40000 | ret -0.7262 | avg(50) -1.7021 | ε 0.050 | loss 0.00010 | buf 100,000 | 3871s
[agent] Checkpoint saved → online_RL/runs/20260525_182710/dqn_ep26500.pt
[train] Returns plot → online_RL/runs/20260525_182710/returns.png
[train] Q-loss plot  → online_RL/runs/20260525_182710/q_loss.png
[train] Epsilon plot → online_RL/runs/20260525_182710/epsilon.png
Ep 26550/40000 | ret -0.7091 | avg(50) -1.8759 | ε 0.050 | loss 0.00058 | buf 100,000 | 3879s
Ep 26600/40000 | ret -0.5908 | avg(50) -1.2820 | ε 0.050 | loss 0.00010 | buf 100,000 | 3887s
Ep 26650/40000 | ret -2.6215 | avg(50) -1.1465 | ε 0.050 | loss 0.00048 | buf 100,000 | 3895s
Ep 26700/40000 | ret -0.6118 | avg(50) -1.8288 | ε 0.050 | loss 0.00012 | buf 100,000 | 3903s
Ep 26750/40000 | ret -0.5932 | avg(50) -1.8977 | ε 0.050 | loss 0.00010 | buf 100,000 | 3911s
Ep 26800/40000 | ret -0.5988 | avg(50) -1.6804 | ε 0.050 | loss 0.00015 | buf 100,000 | 3918s
Ep 26850/40000 | ret -0.7316 | avg(50) -1.5553 | ε 0.050 | loss 0.00007 | buf 100,000 | 3926s
Ep 26900/40000 | ret -0.5916 | avg(50) -1.1348 | ε 0.050 | loss 0.00008 | buf 100,000 | 3934s
Ep 26950/40000 | ret -0.6428 | avg(50) -1.6394 | ε 0.050 | loss 0.00022 | buf 100,000 | 3942s
Ep 27000/40000 | ret -2.4903 | avg(50) -1.6070 | ε 0.050 | loss 0.00014 | buf 100,000 | 3949s
[agent] Checkpoint saved → online_RL/runs/20260525_182710/dqn_ep27000.pt
[train] Returns plot → online_RL/runs/20260525_182710/returns.png
[train] Q-loss plot  → online_RL/runs/20260525_182710/q_loss.png
[train] Epsilon plot → online_RL/runs/20260525_182710/epsilon.png
Ep 27050/40000 | ret -2.2332 | avg(50) -1.5162 | ε 0.050 | loss 0.00005 | buf 100,000 | 3958s
Ep 27100/40000 | ret -0.5869 | avg(50) -1.5772 | ε 0.050 | loss 0.00008 | buf 100,000 | 3966s
Ep 27150/40000 | ret -1.8813 | avg(50) -1.4972 | ε 0.050 | loss 0.00019 | buf 100,000 | 3974s
Ep 27200/40000 | ret -0.6004 | avg(50) -1.5104 | ε 0.050 | loss 0.00014 | buf 100,000 | 3982s
Ep 27250/40000 | ret -3.7917 | avg(50) -1.7524 | ε 0.050 | loss 0.00006 | buf 100,000 | 3990s
Ep 27300/40000 | ret -3.5624 | avg(50) -1.6091 | ε 0.050 | loss 0.00016 | buf 100,000 | 3997s
Ep 27350/40000 | ret -3.6878 | avg(50) -1.8774 | ε 0.050 | loss 0.00014 | buf 100,000 | 4005s
Ep 27400/40000 | ret -4.0236 | avg(50) -1.7961 | ε 0.050 | loss 0.00008 | buf 100,000 | 4013s
Ep 27450/40000 | ret -5.9727 | avg(50) -2.2556 | ε 0.050 | loss 0.00007 | buf 100,000 | 4021s
Ep 27500/40000 | ret -1.9166 | avg(50) -1.3037 | ε 0.050 | loss 0.00229 | buf 100,000 | 4028s
[agent] Checkpoint saved → online_RL/runs/20260525_182710/dqn_ep27500.pt
[train] Returns plot → online_RL/runs/20260525_182710/returns.png
[train] Q-loss plot  → online_RL/runs/20260525_182710/q_loss.png
[train] Epsilon plot → online_RL/runs/20260525_182710/epsilon.png
Ep 27550/40000 | ret -3.0595 | avg(50) -1.4728 | ε 0.050 | loss 0.00009 | buf 100,000 | 4037s
Ep 27600/40000 | ret -0.5888 | avg(50) -1.1908 | ε 0.050 | loss 0.00008 | buf 100,000 | 4045s
Ep 27650/40000 | ret -0.6001 | avg(50) -1.2079 | ε 0.050 | loss 0.00046 | buf 100,000 | 4053s
Ep 27700/40000 | ret -2.0847 | avg(50) -1.7687 | ε 0.050 | loss 0.00012 | buf 100,000 | 4061s
Ep 27750/40000 | ret -0.7102 | avg(50) -1.7274 | ε 0.050 | loss 0.00067 | buf 100,000 | 4068s
Ep 27800/40000 | ret -0.7939 | avg(50) -1.9146 | ε 0.050 | loss 0.00034 | buf 100,000 | 4076s
Ep 27850/40000 | ret -0.5888 | avg(50) -2.0126 | ε 0.050 | loss 0.00012 | buf 100,000 | 4084s
Ep 27900/40000 | ret -0.5946 | avg(50) -1.3088 | ε 0.050 | loss 0.00012 | buf 100,000 | 4092s
Ep 27950/40000 | ret -0.6788 | avg(50) -1.4982 | ε 0.050 | loss 0.00014 | buf 100,000 | 4100s
Ep 28000/40000 | ret -0.6107 | avg(50) -1.3940 | ε 0.050 | loss 0.00011 | buf 100,000 | 4107s
[agent] Checkpoint saved → online_RL/runs/20260525_182710/dqn_ep28000.pt
[train] Returns plot → online_RL/runs/20260525_182710/returns.png
[train] Q-loss plot  → online_RL/runs/20260525_182710/q_loss.png
[train] Epsilon plot → online_RL/runs/20260525_182710/epsilon.png
Ep 28050/40000 | ret -5.3648 | avg(50) -1.8764 | ε 0.050 | loss 0.00008 | buf 100,000 | 4116s
Ep 28100/40000 | ret -5.3935 | avg(50) -2.1402 | ε 0.050 | loss 0.00022 | buf 100,000 | 4124s
Ep 28150/40000 | ret -0.6224 | avg(50) -2.0069 | ε 0.050 | loss 0.00009 | buf 100,000 | 4132s
Ep 28200/40000 | ret -0.6019 | avg(50) -1.8808 | ε 0.050 | loss 0.00009 | buf 100,000 | 4140s
Ep 28250/40000 | ret -5.4598 | avg(50) -1.8440 | ε 0.050 | loss 0.00011 | buf 100,000 | 4147s
Ep 28300/40000 | ret -0.7435 | avg(50) -1.6712 | ε 0.050 | loss 0.00013 | buf 100,000 | 4155s
Ep 28350/40000 | ret -0.6140 | avg(50) -1.7649 | ε 0.050 | loss 0.00187 | buf 100,000 | 4163s
Ep 28400/40000 | ret -0.8992 | avg(50) -1.7937 | ε 0.050 | loss 0.00010 | buf 100,000 | 4171s
Ep 28450/40000 | ret -0.9841 | avg(50) -1.6678 | ε 0.050 | loss 0.00010 | buf 100,000 | 4178s
Ep 28500/40000 | ret -3.8179 | avg(50) -1.4987 | ε 0.050 | loss 0.00017 | buf 100,000 | 4186s
[agent] Checkpoint saved → online_RL/runs/20260525_182710/dqn_ep28500.pt
[train] Returns plot → online_RL/runs/20260525_182710/returns.png
[train] Q-loss plot  → online_RL/runs/20260525_182710/q_loss.png
[train] Epsilon plot → online_RL/runs/20260525_182710/epsilon.png
Ep 28550/40000 | ret -0.6271 | avg(50) -1.4381 | ε 0.050 | loss 0.00021 | buf 100,000 | 4195s
Ep 28600/40000 | ret -0.5869 | avg(50) -1.6470 | ε 0.050 | loss 0.00017 | buf 100,000 | 4203s
Ep 28650/40000 | ret -1.3175 | avg(50) -1.6267 | ε 0.050 | loss 0.00006 | buf 100,000 | 4211s
Ep 28700/40000 | ret -0.6892 | avg(50) -1.4329 | ε 0.050 | loss 0.00270 | buf 100,000 | 4218s
Ep 28750/40000 | ret -4.7630 | avg(50) -1.6282 | ε 0.050 | loss 0.00019 | buf 100,000 | 4226s
Ep 28800/40000 | ret -3.9564 | avg(50) -1.8269 | ε 0.050 | loss 0.00010 | buf 100,000 | 4234s
Ep 28850/40000 | ret -0.8762 | avg(50) -1.8948 | ε 0.050 | loss 0.00010 | buf 100,000 | 4242s
Ep 28900/40000 | ret -0.6100 | avg(50) -1.7079 | ε 0.050 | loss 0.00007 | buf 100,000 | 4249s
Ep 28950/40000 | ret -0.8352 | avg(50) -1.8774 | ε 0.050 | loss 0.00021 | buf 100,000 | 4257s
Ep 29000/40000 | ret -0.8063 | avg(50) -1.1755 | ε 0.050 | loss 0.00013 | buf 100,000 | 4265s
[agent] Checkpoint saved → online_RL/runs/20260525_182710/dqn_ep29000.pt
[train] Returns plot → online_RL/runs/20260525_182710/returns.png
[train] Q-loss plot  → online_RL/runs/20260525_182710/q_loss.png
[train] Epsilon plot → online_RL/runs/20260525_182710/epsilon.png
Ep 29050/40000 | ret -1.7259 | avg(50) -1.7095 | ε 0.050 | loss 0.00019 | buf 100,000 | 4274s
Ep 29100/40000 | ret -0.5908 | avg(50) -1.7129 | ε 0.050 | loss 0.00009 | buf 100,000 | 4282s
Ep 29150/40000 | ret -7.6134 | avg(50) -2.2061 | ε 0.050 | loss 0.00008 | buf 100,000 | 4289s
Ep 29200/40000 | ret -0.5908 | avg(50) -1.5669 | ε 0.050 | loss 0.00010 | buf 100,000 | 4297s
Ep 29250/40000 | ret -0.6194 | avg(50) -1.5526 | ε 0.050 | loss 0.00295 | buf 100,000 | 4305s
Ep 29300/40000 | ret -0.6276 | avg(50) -1.3477 | ε 0.050 | loss 0.00011 | buf 100,000 | 4313s
Ep 29350/40000 | ret -1.6773 | avg(50) -1.2047 | ε 0.050 | loss 0.00008 | buf 100,000 | 4320s
Ep 29400/40000 | ret -3.9916 | avg(50) -1.9525 | ε 0.050 | loss 0.00039 | buf 100,000 | 4328s
Ep 29450/40000 | ret -0.5916 | avg(50) -1.4491 | ε 0.050 | loss 0.00008 | buf 100,000 | 4336s
Ep 29500/40000 | ret -0.5916 | avg(50) -1.6882 | ε 0.050 | loss 0.00032 | buf 100,000 | 4344s
[agent] Checkpoint saved → online_RL/runs/20260525_182710/dqn_ep29500.pt
[train] Returns plot → online_RL/runs/20260525_182710/returns.png
[train] Q-loss plot  → online_RL/runs/20260525_182710/q_loss.png
[train] Epsilon plot → online_RL/runs/20260525_182710/epsilon.png
Ep 29550/40000 | ret -0.5869 | avg(50) -1.4040 | ε 0.050 | loss 0.00007 | buf 100,000 | 4353s
Ep 29600/40000 | ret -2.1267 | avg(50) -2.5359 | ε 0.050 | loss 0.00060 | buf 100,000 | 4360s
Ep 29650/40000 | ret -1.3254 | avg(50) -1.7309 | ε 0.050 | loss 0.00009 | buf 100,000 | 4368s
Ep 29700/40000 | ret -6.8032 | avg(50) -1.4153 | ε 0.050 | loss 0.00011 | buf 100,000 | 4376s
Ep 29750/40000 | ret -3.0544 | avg(50) -1.3905 | ε 0.050 | loss 0.00012 | buf 100,000 | 4384s
Ep 29800/40000 | ret -0.5908 | avg(50) -1.5936 | ε 0.050 | loss 0.00013 | buf 100,000 | 4392s
Ep 29850/40000 | ret -0.5932 | avg(50) -1.6215 | ε 0.050 | loss 0.00013 | buf 100,000 | 4399s
Ep 29900/40000 | ret -1.4035 | avg(50) -1.5779 | ε 0.050 | loss 0.00009 | buf 100,000 | 4407s
Ep 29950/40000 | ret -0.6113 | avg(50) -1.6085 | ε 0.050 | loss 0.00013 | buf 100,000 | 4415s
Ep 30000/40000 | ret -0.6212 | avg(50) -1.7774 | ε 0.050 | loss 0.00011 | buf 100,000 | 4423s
[agent] Checkpoint saved → online_RL/runs/20260525_182710/dqn_ep30000.pt
[train] Returns plot → online_RL/runs/20260525_182710/returns.png
[train] Q-loss plot  → online_RL/runs/20260525_182710/q_loss.png
[train] Epsilon plot → online_RL/runs/20260525_182710/epsilon.png
Ep 30050/40000 | ret -2.2742 | avg(50) -1.4976 | ε 0.050 | loss 0.00013 | buf 100,000 | 4432s
Ep 30100/40000 | ret -0.6379 | avg(50) -1.4838 | ε 0.050 | loss 0.00009 | buf 100,000 | 4439s
Ep 30150/40000 | ret -7.3591 | avg(50) -1.7046 | ε 0.050 | loss 0.00019 | buf 100,000 | 4447s
Ep 30200/40000 | ret -0.6004 | avg(50) -1.7167 | ε 0.050 | loss 0.00016 | buf 100,000 | 4455s
Ep 30250/40000 | ret -2.1009 | avg(50) -1.4329 | ε 0.050 | loss 0.00014 | buf 100,000 | 4463s
Ep 30300/40000 | ret -0.7118 | avg(50) -1.2412 | ε 0.050 | loss 0.00054 | buf 100,000 | 4470s
Ep 30350/40000 | ret -0.5908 | avg(50) -1.6584 | ε 0.050 | loss 0.00011 | buf 100,000 | 4478s
Ep 30400/40000 | ret -0.6311 | avg(50) -1.7346 | ε 0.050 | loss 0.00011 | buf 100,000 | 4486s
Ep 30450/40000 | ret -3.8822 | avg(50) -1.5520 | ε 0.050 | loss 0.00007 | buf 100,000 | 4494s
Ep 30500/40000 | ret -4.2258 | avg(50) -1.3642 | ε 0.050 | loss 0.00009 | buf 100,000 | 4501s
[agent] Checkpoint saved → online_RL/runs/20260525_182710/dqn_ep30500.pt
[train] Returns plot → online_RL/runs/20260525_182710/returns.png
[train] Q-loss plot  → online_RL/runs/20260525_182710/q_loss.png
[train] Epsilon plot → online_RL/runs/20260525_182710/epsilon.png
Ep 30550/40000 | ret -0.8032 | avg(50) -1.4060 | ε 0.050 | loss 0.00042 | buf 100,000 | 4511s
Ep 30600/40000 | ret -0.5908 | avg(50) -1.7347 | ε 0.050 | loss 0.00010 | buf 100,000 | 4519s
Ep 30650/40000 | ret -1.4685 | avg(50) -1.8081 | ε 0.050 | loss 0.00011 | buf 100,000 | 4526s
Ep 30700/40000 | ret -0.8614 | avg(50) -1.6325 | ε 0.050 | loss 0.00011 | buf 100,000 | 4534s
Ep 30750/40000 | ret -1.7772 | avg(50) -1.9692 | ε 0.050 | loss 0.00017 | buf 100,000 | 4542s
Ep 30800/40000 | ret -1.9316 | avg(50) -1.6055 | ε 0.050 | loss 0.00007 | buf 100,000 | 4549s
Ep 30850/40000 | ret -0.6019 | avg(50) -1.5581 | ε 0.050 | loss 0.00005 | buf 100,000 | 4557s
Ep 30900/40000 | ret -0.5916 | avg(50) -1.8386 | ε 0.050 | loss 0.00008 | buf 100,000 | 4565s
Ep 30950/40000 | ret -2.5252 | avg(50) -2.2165 | ε 0.050 | loss 0.00011 | buf 100,000 | 4573s
Ep 31000/40000 | ret -2.5110 | avg(50) -1.6566 | ε 0.050 | loss 0.00047 | buf 100,000 | 4581s
[agent] Checkpoint saved → online_RL/runs/20260525_182710/dqn_ep31000.pt
[train] Returns plot → online_RL/runs/20260525_182710/returns.png
[train] Q-loss plot  → online_RL/runs/20260525_182710/q_loss.png
[train] Epsilon plot → online_RL/runs/20260525_182710/epsilon.png
Ep 31050/40000 | ret -0.5932 | avg(50) -1.4939 | ε 0.050 | loss 0.00007 | buf 100,000 | 4590s
Ep 31100/40000 | ret -0.6625 | avg(50) -1.8707 | ε 0.050 | loss 0.00009 | buf 100,000 | 4597s
Ep 31150/40000 | ret -0.6886 | avg(50) -1.7903 | ε 0.050 | loss 0.00084 | buf 100,000 | 4605s
Ep 31200/40000 | ret -0.6474 | avg(50) -1.5808 | ε 0.050 | loss 0.00012 | buf 100,000 | 4613s
Ep 31250/40000 | ret -0.5916 | avg(50) -1.5164 | ε 0.050 | loss 0.00010 | buf 100,000 | 4621s
Ep 31300/40000 | ret -0.6148 | avg(50) -1.8891 | ε 0.050 | loss 0.00029 | buf 100,000 | 4628s
Ep 31350/40000 | ret -0.5908 | avg(50) -1.7565 | ε 0.050 | loss 0.00006 | buf 100,000 | 4636s
Ep 31400/40000 | ret -0.6100 | avg(50) -1.8025 | ε 0.050 | loss 0.00013 | buf 100,000 | 4644s
Ep 31450/40000 | ret -1.7443 | avg(50) -1.4807 | ε 0.050 | loss 0.00007 | buf 100,000 | 4652s
Ep 31500/40000 | ret -3.5479 | avg(50) -1.5541 | ε 0.050 | loss 0.00017 | buf 100,000 | 4659s
[agent] Checkpoint saved → online_RL/runs/20260525_182710/dqn_ep31500.pt
[train] Returns plot → online_RL/runs/20260525_182710/returns.png
[train] Q-loss plot  → online_RL/runs/20260525_182710/q_loss.png
[train] Epsilon plot → online_RL/runs/20260525_182710/epsilon.png
Ep 31550/40000 | ret -2.6074 | avg(50) -1.5223 | ε 0.050 | loss 0.00204 | buf 100,000 | 4668s
Ep 31600/40000 | ret -0.6001 | avg(50) -1.5378 | ε 0.050 | loss 0.00010 | buf 100,000 | 4676s
Ep 31650/40000 | ret -3.5951 | avg(50) -1.7511 | ε 0.050 | loss 0.00011 | buf 100,000 | 4684s
Ep 31700/40000 | ret -0.5908 | avg(50) -1.3945 | ε 0.050 | loss 0.00009 | buf 100,000 | 4692s
Ep 31750/40000 | ret -0.6365 | avg(50) -1.5401 | ε 0.050 | loss 0.00045 | buf 100,000 | 4699s
Ep 31800/40000 | ret -0.6093 | avg(50) -2.4956 | ε 0.050 | loss 0.00049 | buf 100,000 | 4707s
Ep 31850/40000 | ret -0.7097 | avg(50) -1.1903 | ε 0.050 | loss 0.00011 | buf 100,000 | 4715s
Ep 31900/40000 | ret -2.0829 | avg(50) -1.0239 | ε 0.050 | loss 0.00012 | buf 100,000 | 4723s
Ep 31950/40000 | ret -0.5916 | avg(50) -1.8353 | ε 0.050 | loss 0.00014 | buf 100,000 | 4730s
Ep 32000/40000 | ret -1.8167 | avg(50) -1.1958 | ε 0.050 | loss 0.00006 | buf 100,000 | 4738s
[agent] Checkpoint saved → online_RL/runs/20260525_182710/dqn_ep32000.pt
[train] Returns plot → online_RL/runs/20260525_182710/returns.png
[train] Q-loss plot  → online_RL/runs/20260525_182710/q_loss.png
[train] Epsilon plot → online_RL/runs/20260525_182710/epsilon.png
Ep 32050/40000 | ret -0.6004 | avg(50) -1.7486 | ε 0.050 | loss 0.00022 | buf 100,000 | 4747s
Ep 32100/40000 | ret -0.5908 | avg(50) -1.2990 | ε 0.050 | loss 0.00009 | buf 100,000 | 4755s
Ep 32150/40000 | ret -0.6004 | avg(50) -1.3568 | ε 0.050 | loss 0.00019 | buf 100,000 | 4763s
Ep 32200/40000 | ret -0.5932 | avg(50) -1.6210 | ε 0.050 | loss 0.00007 | buf 100,000 | 4770s
Ep 32250/40000 | ret -0.6224 | avg(50) -1.3086 | ε 0.050 | loss 0.00036 | buf 100,000 | 4778s
Ep 32300/40000 | ret -0.6993 | avg(50) -1.5382 | ε 0.050 | loss 0.00027 | buf 100,000 | 4786s
Ep 32350/40000 | ret -1.3042 | avg(50) -1.6598 | ε 0.050 | loss 0.00041 | buf 100,000 | 4794s
Ep 32400/40000 | ret -0.5932 | avg(50) -1.4610 | ε 0.050 | loss 0.00017 | buf 100,000 | 4802s
Ep 32450/40000 | ret -0.5869 | avg(50) -0.9858 | ε 0.050 | loss 0.00020 | buf 100,000 | 4809s
Ep 32500/40000 | ret -0.6118 | avg(50) -1.5877 | ε 0.050 | loss 0.00017 | buf 100,000 | 4817s
[agent] Checkpoint saved → online_RL/runs/20260525_182710/dqn_ep32500.pt
[train] Returns plot → online_RL/runs/20260525_182710/returns.png
[train] Q-loss plot  → online_RL/runs/20260525_182710/q_loss.png
[train] Epsilon plot → online_RL/runs/20260525_182710/epsilon.png
Ep 32550/40000 | ret -0.8595 | avg(50) -1.7674 | ε 0.050 | loss 0.00019 | buf 100,000 | 4826s
Ep 32600/40000 | ret -0.6365 | avg(50) -1.5298 | ε 0.050 | loss 0.00014 | buf 100,000 | 4834s
Ep 32650/40000 | ret -0.7251 | avg(50) -1.2278 | ε 0.050 | loss 0.00012 | buf 100,000 | 4842s
Ep 32700/40000 | ret -4.9572 | avg(50) -1.5923 | ε 0.050 | loss 0.00016 | buf 100,000 | 4849s
Ep 32750/40000 | ret -0.6170 | avg(50) -1.2269 | ε 0.050 | loss 0.00015 | buf 100,000 | 4857s
Ep 32800/40000 | ret -4.8386 | avg(50) -2.1101 | ε 0.050 | loss 0.00011 | buf 100,000 | 4865s
Ep 32850/40000 | ret -0.5932 | avg(50) -1.6715 | ε 0.050 | loss 0.00013 | buf 100,000 | 4873s
Ep 32900/40000 | ret -2.9535 | avg(50) -1.7267 | ε 0.050 | loss 0.00046 | buf 100,000 | 4880s
Ep 32950/40000 | ret -0.5932 | avg(50) -1.7263 | ε 0.050 | loss 0.00009 | buf 100,000 | 4888s
Ep 33000/40000 | ret -0.6107 | avg(50) -1.9209 | ε 0.050 | loss 0.00011 | buf 100,000 | 4896s
[agent] Checkpoint saved → online_RL/runs/20260525_182710/dqn_ep33000.pt
[train] Returns plot → online_RL/runs/20260525_182710/returns.png
[train] Q-loss plot  → online_RL/runs/20260525_182710/q_loss.png
[train] Epsilon plot → online_RL/runs/20260525_182710/epsilon.png
Ep 33050/40000 | ret -0.6196 | avg(50) -1.2162 | ε 0.050 | loss 0.00018 | buf 100,000 | 4905s
Ep 33100/40000 | ret -2.7593 | avg(50) -1.7255 | ε 0.050 | loss 0.00015 | buf 100,000 | 4913s
Ep 33150/40000 | ret -0.6193 | avg(50) -1.4276 | ε 0.050 | loss 0.00012 | buf 100,000 | 4921s
Ep 33200/40000 | ret -0.5932 | avg(50) -1.4374 | ε 0.050 | loss 0.00014 | buf 100,000 | 4928s
Ep 33250/40000 | ret -1.0377 | avg(50) -1.5555 | ε 0.050 | loss 0.00016 | buf 100,000 | 4936s
Ep 33300/40000 | ret -0.6603 | avg(50) -2.2415 | ε 0.050 | loss 0.00012 | buf 100,000 | 4944s
Ep 33350/40000 | ret -0.6271 | avg(50) -1.7749 | ε 0.050 | loss 0.00014 | buf 100,000 | 4952s
Ep 33400/40000 | ret -0.8090 | avg(50) -1.7261 | ε 0.050 | loss 0.00475 | buf 100,000 | 4959s
Ep 33450/40000 | ret -1.7801 | avg(50) -1.6398 | ε 0.050 | loss 0.00013 | buf 100,000 | 4967s
Ep 33500/40000 | ret -0.5888 | avg(50) -1.8524 | ε 0.050 | loss 0.00020 | buf 100,000 | 4975s
[agent] Checkpoint saved → online_RL/runs/20260525_182710/dqn_ep33500.pt
[train] Returns plot → online_RL/runs/20260525_182710/returns.png
[train] Q-loss plot  → online_RL/runs/20260525_182710/q_loss.png
[train] Epsilon plot → online_RL/runs/20260525_182710/epsilon.png
Ep 33550/40000 | ret -0.8552 | avg(50) -1.8464 | ε 0.050 | loss 0.00063 | buf 100,000 | 4984s
Ep 33600/40000 | ret -3.4084 | avg(50) -1.4309 | ε 0.050 | loss 0.00010 | buf 100,000 | 4992s
Ep 33650/40000 | ret -0.5908 | avg(50) -1.5722 | ε 0.050 | loss 0.00014 | buf 100,000 | 4999s
Ep 33700/40000 | ret -0.6305 | avg(50) -1.4819 | ε 0.050 | loss 0.00024 | buf 100,000 | 5007s
Ep 33750/40000 | ret -0.5888 | avg(50) -1.9050 | ε 0.050 | loss 0.00028 | buf 100,000 | 5015s
Ep 33800/40000 | ret -0.6138 | avg(50) -1.7486 | ε 0.050 | loss 0.00011 | buf 100,000 | 5023s
Ep 33850/40000 | ret -0.6152 | avg(50) -1.4023 | ε 0.050 | loss 0.00008 | buf 100,000 | 5030s
Ep 33900/40000 | ret -0.6500 | avg(50) -1.2239 | ε 0.050 | loss 0.00027 | buf 100,000 | 5038s
Ep 33950/40000 | ret -0.5916 | avg(50) -1.5624 | ε 0.050 | loss 0.00008 | buf 100,000 | 5046s
Ep 34000/40000 | ret -4.2004 | avg(50) -1.7474 | ε 0.050 | loss 0.00016 | buf 100,000 | 5054s
[agent] Checkpoint saved → online_RL/runs/20260525_182710/dqn_ep34000.pt
[train] Returns plot → online_RL/runs/20260525_182710/returns.png
[train] Q-loss plot  → online_RL/runs/20260525_182710/q_loss.png
[train] Epsilon plot → online_RL/runs/20260525_182710/epsilon.png
Ep 34050/40000 | ret -0.5988 | avg(50) -1.7404 | ε 0.050 | loss 0.00009 | buf 100,000 | 5063s
Ep 34100/40000 | ret -0.6045 | avg(50) -1.4901 | ε 0.050 | loss 0.00008 | buf 100,000 | 5071s
Ep 34150/40000 | ret -0.6889 | avg(50) -2.1183 | ε 0.050 | loss 0.00021 | buf 100,000 | 5078s
Ep 34200/40000 | ret -0.6343 | avg(50) -1.5781 | ε 0.050 | loss 0.00011 | buf 100,000 | 5086s
Ep 34250/40000 | ret -2.7327 | avg(50) -1.0826 | ε 0.050 | loss 0.00009 | buf 100,000 | 5094s
Ep 34300/40000 | ret -6.5754 | avg(50) -1.5557 | ε 0.050 | loss 0.00008 | buf 100,000 | 5102s
Ep 34350/40000 | ret -1.5060 | avg(50) -1.7920 | ε 0.050 | loss 0.00011 | buf 100,000 | 5109s
Ep 34400/40000 | ret -1.9846 | avg(50) -1.4486 | ε 0.050 | loss 0.00017 | buf 100,000 | 5117s
Ep 34450/40000 | ret -1.1715 | avg(50) -1.6617 | ε 0.050 | loss 0.00012 | buf 100,000 | 5125s
Ep 34500/40000 | ret -0.5932 | avg(50) -1.9863 | ε 0.050 | loss 0.00010 | buf 100,000 | 5133s
[agent] Checkpoint saved → online_RL/runs/20260525_182710/dqn_ep34500.pt
[train] Returns plot → online_RL/runs/20260525_182710/returns.png
[train] Q-loss plot  → online_RL/runs/20260525_182710/q_loss.png
[train] Epsilon plot → online_RL/runs/20260525_182710/epsilon.png
Ep 34550/40000 | ret -0.5908 | avg(50) -1.6290 | ε 0.050 | loss 0.00014 | buf 100,000 | 5142s
Ep 34600/40000 | ret -1.9671 | avg(50) -1.5716 | ε 0.050 | loss 0.00008 | buf 100,000 | 5150s
Ep 34650/40000 | ret -3.4097 | avg(50) -1.6537 | ε 0.050 | loss 0.00008 | buf 100,000 | 5157s
Ep 34700/40000 | ret -0.6001 | avg(50) -1.4848 | ε 0.050 | loss 0.00008 | buf 100,000 | 5165s
Ep 34750/40000 | ret -3.5385 | avg(50) -1.7420 | ε 0.050 | loss 0.00065 | buf 100,000 | 5173s
Ep 34800/40000 | ret -0.5908 | avg(50) -1.1322 | ε 0.050 | loss 0.00007 | buf 100,000 | 5181s
Ep 34850/40000 | ret -0.5888 | avg(50) -1.9014 | ε 0.050 | loss 0.00008 | buf 100,000 | 5189s
Ep 34900/40000 | ret -2.2213 | avg(50) -1.7648 | ε 0.050 | loss 0.00011 | buf 100,000 | 5196s
Ep 34950/40000 | ret -0.6138 | avg(50) -1.7889 | ε 0.050 | loss 0.00054 | buf 100,000 | 5204s
Ep 35000/40000 | ret -2.8757 | avg(50) -1.3514 | ε 0.050 | loss 0.00016 | buf 100,000 | 5212s
[agent] Checkpoint saved → online_RL/runs/20260525_182710/dqn_ep35000.pt
[train] Returns plot → online_RL/runs/20260525_182710/returns.png
[train] Q-loss plot  → online_RL/runs/20260525_182710/q_loss.png
[train] Epsilon plot → online_RL/runs/20260525_182710/epsilon.png
Ep 35050/40000 | ret -0.6113 | avg(50) -1.0621 | ε 0.050 | loss 0.00021 | buf 100,000 | 5221s
Ep 35100/40000 | ret -2.5440 | avg(50) -1.2261 | ε 0.050 | loss 0.00029 | buf 100,000 | 5229s
Ep 35150/40000 | ret -0.7282 | avg(50) -1.5195 | ε 0.050 | loss 0.00014 | buf 100,000 | 5237s
Ep 35200/40000 | ret -0.6812 | avg(50) -1.5292 | ε 0.050 | loss 0.00031 | buf 100,000 | 5244s
Ep 35250/40000 | ret -7.3701 | avg(50) -1.8134 | ε 0.050 | loss 0.00012 | buf 100,000 | 5252s
Ep 35300/40000 | ret -0.5988 | avg(50) -1.2405 | ε 0.050 | loss 0.00012 | buf 100,000 | 5260s
Ep 35350/40000 | ret -1.9654 | avg(50) -1.6148 | ε 0.050 | loss 0.00301 | buf 100,000 | 5267s
Ep 35400/40000 | ret -0.5932 | avg(50) -1.3394 | ε 0.050 | loss 0.00017 | buf 100,000 | 5275s
Ep 35450/40000 | ret -0.9001 | avg(50) -1.1784 | ε 0.050 | loss 0.00008 | buf 100,000 | 5283s
Ep 35500/40000 | ret -0.5888 | avg(50) -1.6538 | ε 0.050 | loss 0.00035 | buf 100,000 | 5291s
[agent] Checkpoint saved → online_RL/runs/20260525_182710/dqn_ep35500.pt
[train] Returns plot → online_RL/runs/20260525_182710/returns.png
[train] Q-loss plot  → online_RL/runs/20260525_182710/q_loss.png
[train] Epsilon plot → online_RL/runs/20260525_182710/epsilon.png
Ep 35550/40000 | ret -1.1926 | avg(50) -1.3860 | ε 0.050 | loss 0.00006 | buf 100,000 | 5300s
Ep 35600/40000 | ret -2.4105 | avg(50) -1.3954 | ε 0.050 | loss 0.00014 | buf 100,000 | 5308s
Ep 35650/40000 | ret -3.1312 | avg(50) -1.4866 | ε 0.050 | loss 0.00152 | buf 100,000 | 5315s
Ep 35700/40000 | ret -0.5932 | avg(50) -1.7266 | ε 0.050 | loss 0.00011 | buf 100,000 | 5323s
Ep 35750/40000 | ret -0.6004 | avg(50) -1.5805 | ε 0.050 | loss 0.00013 | buf 100,000 | 5331s
Ep 35800/40000 | ret -0.6001 | avg(50) -1.6197 | ε 0.050 | loss 0.00009 | buf 100,000 | 5339s
Ep 35850/40000 | ret -5.0748 | avg(50) -1.7345 | ε 0.050 | loss 0.00139 | buf 100,000 | 5347s
Ep 35900/40000 | ret -2.0548 | avg(50) -1.8047 | ε 0.050 | loss 0.00017 | buf 100,000 | 5354s
Ep 35950/40000 | ret -0.6312 | avg(50) -1.4293 | ε 0.050 | loss 0.00006 | buf 100,000 | 5362s
Ep 36000/40000 | ret -4.6169 | avg(50) -1.8808 | ε 0.050 | loss 0.00011 | buf 100,000 | 5370s
[agent] Checkpoint saved → online_RL/runs/20260525_182710/dqn_ep36000.pt
[train] Returns plot → online_RL/runs/20260525_182710/returns.png
[train] Q-loss plot  → online_RL/runs/20260525_182710/q_loss.png
[train] Epsilon plot → online_RL/runs/20260525_182710/epsilon.png
Ep 36050/40000 | ret -0.5988 | avg(50) -1.4099 | ε 0.050 | loss 0.00010 | buf 100,000 | 5379s
Ep 36100/40000 | ret -1.0048 | avg(50) -1.3342 | ε 0.050 | loss 0.00040 | buf 100,000 | 5387s
Ep 36150/40000 | ret -0.6100 | avg(50) -1.4262 | ε 0.050 | loss 0.00014 | buf 100,000 | 5394s
Ep 36200/40000 | ret -1.7625 | avg(50) -1.5756 | ε 0.050 | loss 0.00015 | buf 100,000 | 5402s
Ep 36250/40000 | ret -0.5968 | avg(50) -1.5616 | ε 0.050 | loss 0.00016 | buf 100,000 | 5410s
Ep 36300/40000 | ret -0.6004 | avg(50) -1.3447 | ε 0.050 | loss 0.00008 | buf 100,000 | 5418s
Ep 36350/40000 | ret -0.5916 | avg(50) -1.4629 | ε 0.050 | loss 0.00048 | buf 100,000 | 5426s
Ep 36400/40000 | ret -0.6460 | avg(50) -1.9282 | ε 0.050 | loss 0.00012 | buf 100,000 | 5433s
Ep 36450/40000 | ret -0.6467 | avg(50) -1.3274 | ε 0.050 | loss 0.00108 | buf 100,000 | 5441s
Ep 36500/40000 | ret -0.5908 | avg(50) -1.3420 | ε 0.050 | loss 0.00012 | buf 100,000 | 5449s
[agent] Checkpoint saved → online_RL/runs/20260525_182710/dqn_ep36500.pt
[train] Returns plot → online_RL/runs/20260525_182710/returns.png
[train] Q-loss plot  → online_RL/runs/20260525_182710/q_loss.png
[train] Epsilon plot → online_RL/runs/20260525_182710/epsilon.png
Ep 36550/40000 | ret -0.6311 | avg(50) -1.4897 | ε 0.050 | loss 0.00194 | buf 100,000 | 5458s
Ep 36600/40000 | ret -2.3659 | avg(50) -1.7482 | ε 0.050 | loss 0.00012 | buf 100,000 | 5466s
Ep 36650/40000 | ret -0.5908 | avg(50) -1.3560 | ε 0.050 | loss 0.00009 | buf 100,000 | 5474s
Ep 36700/40000 | ret -0.6094 | avg(50) -1.3299 | ε 0.050 | loss 0.00021 | buf 100,000 | 5481s
Ep 36750/40000 | ret -0.5908 | avg(50) -1.2527 | ε 0.050 | loss 0.00016 | buf 100,000 | 5489s
Ep 36800/40000 | ret -4.3829 | avg(50) -1.6840 | ε 0.050 | loss 0.00016 | buf 100,000 | 5497s
Ep 36850/40000 | ret -0.5988 | avg(50) -1.5346 | ε 0.050 | loss 0.00014 | buf 100,000 | 5505s
Ep 36900/40000 | ret -2.9716 | avg(50) -1.1811 | ε 0.050 | loss 0.00565 | buf 100,000 | 5512s
Ep 36950/40000 | ret -0.6004 | avg(50) -2.0787 | ε 0.050 | loss 0.00041 | buf 100,000 | 5520s
Ep 37000/40000 | ret -1.3705 | avg(50) -1.8014 | ε 0.050 | loss 0.00012 | buf 100,000 | 5528s
[agent] Checkpoint saved → online_RL/runs/20260525_182710/dqn_ep37000.pt
[train] Returns plot → online_RL/runs/20260525_182710/returns.png
[train] Q-loss plot  → online_RL/runs/20260525_182710/q_loss.png
[train] Epsilon plot → online_RL/runs/20260525_182710/epsilon.png
Ep 37050/40000 | ret -0.6302 | avg(50) -1.7777 | ε 0.050 | loss 0.00008 | buf 100,000 | 5537s
Ep 37100/40000 | ret -0.5916 | avg(50) -1.3587 | ε 0.050 | loss 0.00008 | buf 100,000 | 5545s
Ep 37150/40000 | ret -0.6467 | avg(50) -1.6921 | ε 0.050 | loss 0.00032 | buf 100,000 | 5553s
Ep 37200/40000 | ret -6.1574 | avg(50) -1.7636 | ε 0.050 | loss 0.00012 | buf 100,000 | 5560s
Ep 37250/40000 | ret -0.6197 | avg(50) -1.2927 | ε 0.050 | loss 0.00006 | buf 100,000 | 5568s
Ep 37300/40000 | ret -0.5932 | avg(50) -1.2275 | ε 0.050 | loss 0.00008 | buf 100,000 | 5576s
Ep 37350/40000 | ret -1.1676 | avg(50) -1.6300 | ε 0.050 | loss 0.00043 | buf 100,000 | 5584s
Ep 37400/40000 | ret -0.5888 | avg(50) -1.7692 | ε 0.050 | loss 0.00008 | buf 100,000 | 5591s
Ep 37450/40000 | ret -3.6101 | avg(50) -1.7593 | ε 0.050 | loss 0.00010 | buf 100,000 | 5599s
Ep 37500/40000 | ret -5.5617 | avg(50) -1.8307 | ε 0.050 | loss 0.00008 | buf 100,000 | 5607s
[agent] Checkpoint saved → online_RL/runs/20260525_182710/dqn_ep37500.pt
[train] Returns plot → online_RL/runs/20260525_182710/returns.png
[train] Q-loss plot  → online_RL/runs/20260525_182710/q_loss.png
[train] Epsilon plot → online_RL/runs/20260525_182710/epsilon.png
Ep 37550/40000 | ret -2.8754 | avg(50) -1.3788 | ε 0.050 | loss 0.00023 | buf 100,000 | 5616s
Ep 37600/40000 | ret -0.5908 | avg(50) -1.5884 | ε 0.050 | loss 0.00013 | buf 100,000 | 5624s
Ep 37650/40000 | ret -1.7304 | avg(50) -1.5591 | ε 0.050 | loss 0.00009 | buf 100,000 | 5631s
Ep 37700/40000 | ret -4.3100 | avg(50) -1.3005 | ε 0.050 | loss 0.00006 | buf 100,000 | 5639s
Ep 37750/40000 | ret -0.6193 | avg(50) -1.2617 | ε 0.050 | loss 0.00040 | buf 100,000 | 5647s
Ep 37800/40000 | ret -0.7692 | avg(50) -1.8556 | ε 0.050 | loss 0.00014 | buf 100,000 | 5655s
Ep 37850/40000 | ret -5.0969 | avg(50) -1.7288 | ε 0.050 | loss 0.00027 | buf 100,000 | 5663s
Ep 37900/40000 | ret -0.6398 | avg(50) -2.2529 | ε 0.050 | loss 0.00033 | buf 100,000 | 5670s
Ep 37950/40000 | ret -2.4117 | avg(50) -1.4297 | ε 0.050 | loss 0.00007 | buf 100,000 | 5678s
Ep 38000/40000 | ret -5.2680 | avg(50) -1.8194 | ε 0.050 | loss 0.00004 | buf 100,000 | 5686s
[agent] Checkpoint saved → online_RL/runs/20260525_182710/dqn_ep38000.pt
[train] Returns plot → online_RL/runs/20260525_182710/returns.png
[train] Q-loss plot  → online_RL/runs/20260525_182710/q_loss.png
[train] Epsilon plot → online_RL/runs/20260525_182710/epsilon.png
Ep 38050/40000 | ret -2.7220 | avg(50) -1.3422 | ε 0.050 | loss 0.00009 | buf 100,000 | 5695s
Ep 38100/40000 | ret -0.6004 | avg(50) -1.7754 | ε 0.050 | loss 0.00006 | buf 100,000 | 5703s
Ep 38150/40000 | ret -3.0099 | avg(50) -1.8681 | ε 0.050 | loss 0.00139 | buf 100,000 | 5710s
Ep 38200/40000 | ret -0.5908 | avg(50) -1.6106 | ε 0.050 | loss 0.00008 | buf 100,000 | 5718s
Ep 38250/40000 | ret -2.7524 | avg(50) -1.6698 | ε 0.050 | loss 0.00005 | buf 100,000 | 5726s
Ep 38300/40000 | ret -4.8941 | avg(50) -2.1483 | ε 0.050 | loss 0.00016 | buf 100,000 | 5734s
Ep 38350/40000 | ret -0.6457 | avg(50) -1.5818 | ε 0.050 | loss 0.00009 | buf 100,000 | 5742s
Ep 38400/40000 | ret -1.3477 | avg(50) -1.3855 | ε 0.050 | loss 0.00038 | buf 100,000 | 5749s
Ep 38450/40000 | ret -3.6927 | avg(50) -2.1265 | ε 0.050 | loss 0.00015 | buf 100,000 | 5757s
Ep 38500/40000 | ret -0.6117 | avg(50) -1.4885 | ε 0.050 | loss 0.00044 | buf 100,000 | 5765s
[agent] Checkpoint saved → online_RL/runs/20260525_182710/dqn_ep38500.pt
[train] Returns plot → online_RL/runs/20260525_182710/returns.png
[train] Q-loss plot  → online_RL/runs/20260525_182710/q_loss.png
[train] Epsilon plot → online_RL/runs/20260525_182710/epsilon.png
Ep 38550/40000 | ret -3.3033 | avg(50) -1.7492 | ε 0.050 | loss 0.00010 | buf 100,000 | 5774s
Ep 38600/40000 | ret -8.0443 | avg(50) -1.5409 | ε 0.050 | loss 0.00008 | buf 100,000 | 5782s
Ep 38650/40000 | ret -1.5796 | avg(50) -1.8108 | ε 0.050 | loss 0.00007 | buf 100,000 | 5790s
Ep 38700/40000 | ret -0.6621 | avg(50) -1.4701 | ε 0.050 | loss 0.00073 | buf 100,000 | 5797s
Ep 38750/40000 | ret -0.7942 | avg(50) -1.6716 | ε 0.050 | loss 0.00058 | buf 100,000 | 5805s
Ep 38800/40000 | ret -0.6287 | avg(50) -1.8022 | ε 0.050 | loss 0.00058 | buf 100,000 | 5813s
Ep 38850/40000 | ret -0.6420 | avg(50) -1.5242 | ε 0.050 | loss 0.00043 | buf 100,000 | 5821s
Ep 38900/40000 | ret -1.5677 | avg(50) -1.7438 | ε 0.050 | loss 0.00040 | buf 100,000 | 5828s
Ep 38950/40000 | ret -0.5932 | avg(50) -1.5314 | ε 0.050 | loss 0.00028 | buf 100,000 | 5836s
Ep 39000/40000 | ret -2.2329 | avg(50) -2.0622 | ε 0.050 | loss 0.00019 | buf 100,000 | 5844s
[agent] Checkpoint saved → online_RL/runs/20260525_182710/dqn_ep39000.pt
[train] Returns plot → online_RL/runs/20260525_182710/returns.png
[train] Q-loss plot  → online_RL/runs/20260525_182710/q_loss.png
[train] Epsilon plot → online_RL/runs/20260525_182710/epsilon.png
Ep 39050/40000 | ret -3.5904 | avg(50) -1.6240 | ε 0.050 | loss 0.00021 | buf 100,000 | 5853s
Ep 39100/40000 | ret -2.2579 | avg(50) -1.7330 | ε 0.050 | loss 0.00037 | buf 100,000 | 5861s
Ep 39150/40000 | ret -5.2242 | avg(50) -1.6413 | ε 0.050 | loss 0.00019 | buf 100,000 | 5869s
Ep 39200/40000 | ret -0.5916 | avg(50) -1.5838 | ε 0.050 | loss 0.00013 | buf 100,000 | 5877s
Ep 39250/40000 | ret -0.6533 | avg(50) -1.3007 | ε 0.050 | loss 0.00022 | buf 100,000 | 5884s
Ep 39300/40000 | ret -5.1378 | avg(50) -1.5826 | ε 0.050 | loss 0.00017 | buf 100,000 | 5892s
Ep 39350/40000 | ret -0.5908 | avg(50) -1.2876 | ε 0.050 | loss 0.00019 | buf 100,000 | 5900s
Ep 39400/40000 | ret -0.5908 | avg(50) -1.8096 | ε 0.050 | loss 0.00013 | buf 100,000 | 5908s
Ep 39450/40000 | ret -3.9386 | avg(50) -1.5018 | ε 0.050 | loss 0.00016 | buf 100,000 | 5916s
Ep 39500/40000 | ret -0.6983 | avg(50) -1.8545 | ε 0.050 | loss 0.00093 | buf 100,000 | 5923s
[agent] Checkpoint saved → online_RL/runs/20260525_182710/dqn_ep39500.pt
[train] Returns plot → online_RL/runs/20260525_182710/returns.png
[train] Q-loss plot  → online_RL/runs/20260525_182710/q_loss.png
[train] Epsilon plot → online_RL/runs/20260525_182710/epsilon.png
Ep 39550/40000 | ret -0.6113 | avg(50) -1.4738 | ε 0.050 | loss 0.00009 | buf 100,000 | 5932s
Ep 39600/40000 | ret -0.5888 | avg(50) -1.7332 | ε 0.050 | loss 0.00009 | buf 100,000 | 5940s
Ep 39650/40000 | ret -0.5932 | avg(50) -1.6846 | ε 0.050 | loss 0.00013 | buf 100,000 | 5948s
Ep 39700/40000 | ret -0.5916 | avg(50) -1.4792 | ε 0.050 | loss 0.00088 | buf 100,000 | 5956s
Ep 39750/40000 | ret -0.5908 | avg(50) -1.5949 | ε 0.050 | loss 0.00012 | buf 100,000 | 5964s
Ep 39800/40000 | ret -6.3143 | avg(50) -1.5738 | ε 0.050 | loss 0.00132 | buf 100,000 | 5971s
Ep 39850/40000 | ret -0.5888 | avg(50) -1.2922 | ε 0.050 | loss 0.00012 | buf 100,000 | 5979s
Ep 39900/40000 | ret -0.5908 | avg(50) -1.7453 | ε 0.050 | loss 0.00012 | buf 100,000 | 5987s
Ep 39950/40000 | ret -2.1217 | avg(50) -2.2923 | ε 0.050 | loss 0.00013 | buf 100,000 | 5995s
Ep 40000/40000 | ret -0.9182 | avg(50) -1.3430 | ε 0.050 | loss 0.00009 | buf 100,000 | 6002s
[agent] Checkpoint saved → online_RL/runs/20260525_182710/dqn_ep40000.pt
[train] Returns plot → online_RL/runs/20260525_182710/returns.png
[train] Q-loss plot  → online_RL/runs/20260525_182710/q_loss.png
[train] Epsilon plot → online_RL/runs/20260525_182710/epsilon.png
[agent] Checkpoint saved → online_RL/runs/20260525_182710/dqn_final.pt
[train] Returns plot → online_RL/runs/20260525_182710/returns.png
[train] Q-loss plot  → online_RL/runs/20260525_182710/q_loss.png
[train] Epsilon plot → online_RL/runs/20260525_182710/epsilon.png

=================================================================
[train] Training complete in 100.1 min
[train] Best episode return : -0.5869
[train] Best checkpoint     : online_RL/runs/20260525_182710/dqn_best.pt
[train] Final checkpoint    : online_RL/runs/20260525_182710/dqn_final.pt
=================================================================
============================================================
Training finished: Mon May 25 20:07:18 EDT 2026  (exit code: 0)
============================================================
