============================================================
Job ID   : 62308130
Node     : gl1004
Started  : Tue Sep 29 03:00:06 EDT 2026
============================================================
Python : /home/xysong/.conda/envs/RL/bin/python
Torch  : 2.5.1+cu121
CUDA   : True
MATLAB : /sw/pkgs/arc/matlab/R2024b/bin/matlab
============================================================
=== [0/7] Train surrogate_model_v3 on 100-200 W (perturb=0.2, bootstrap_frac=0.5) ===
[train] Output dir : surrogate_model_v3/runs/range_100-200_perturb0.2_bootstrap0.5
[train] Device     : cuda
[dataset] Loaded 5000 trajectories × 12 layers from DatasetV2_layer_12_samples_5000.pkl
[dataset] Split → train 4000 | val 500 | test 500
[dataset] State mean ∈ [164.2, 2761.5], std ∈ [31.5926, 1672.6]
[dataset] Laser power mean = 249.87 W, std = 89.44 W
[dataset] Cool time    mean = 0.1005 s, std = 0.0314 s
[dataset] ROI weight table: (12, 1053), range [0.801, 4.219]
[train] ROI weights loaded from mesh: /nfs/turbo/coe-sunwbgt/xysong/Offline-RL-Controller-in-AM/surrogate_model/mesh.mat
[train] LP filter active: [100.0, 200.0] W
[TwoStageSurrogateDataset] lp_filter=[100.0, 200.0]W kept 17,000/48,000 transitions
[TwoStageSurrogateDataset] perturb_frac=20.0% of per-node state_std → noise std 6.32-334.52K (mean 44.31K) applied to 17,000 heating/next-state TARGETS (inputs s_t and the physical trajectory chain remain clean)
[dataset] Bootstrap masks: (17000, 5), resample_frac=0.5, ~60.7% of (sample, member) pairs unseen (expected ≈ 60.7%)
[TwoStageSurrogateDataset] 17,000 transitions, state_dim=1053, layers 0–11, bootstrap K=5 (transition-level resampling)
[TwoStageSurrogateDataset] lp_filter=[100.0, 200.0]W kept 2,112/6,000 transitions
[TwoStageSurrogateDataset] perturb_frac=20.0% of per-node state_std → noise std 6.32-334.52K (mean 44.31K) applied to 2,112 heating/next-state TARGETS (inputs s_t and the physical trajectory chain remain clean)
[dataset] Bootstrap masks: (2112, 5), resample_frac=0.5, ~60.8% of (sample, member) pairs unseen (expected ≈ 60.7%)
[TwoStageSurrogateDataset] 2,112 transitions, state_dim=1053, layers 0–11, bootstrap K=5 (transition-level resampling)
[train] TwoStageSurrogate(state=1053, lp_dim=1, cool_dim=1, K=5, n_layers=12, embed=8, rank=0 | heat×5=2,554,020  cool×5=2,554,020 | total=5,108,040)

[train] Starting training for up to 500 epochs (patience=30)
[train] Weights   → recon_heat=1.0  nll_heat=0.1  recon_cool=1.0  nll_cool=0.1
[train] Ensemble  → K=5 members, bootstrap_seed=42, bootstrap_frac=0.5
--------------------------------------------------------------------------------
Epoch    1/500 | train 0.15988 [rh=0.0518 nh=-0.1185 rc=0.0965 nc=0.2345] | val 0.14382 | lr 1.00e-03 |    6.0s ✓ best
Epoch    2/500 | train 0.13994 [rh=0.0480 nh=-0.1555 rc=0.0876 nc=0.1989] | val 0.13892 | lr 1.00e-03 |   11.1s ✓ best
Epoch    3/500 | train 0.13540 [rh=0.0475 nh=-0.1586 rc=0.0851 nc=0.1862] | val 0.13290 | lr 1.00e-03 |   16.6s ✓ best
Epoch    4/500 | train 0.13123 [rh=0.0470 nh=-0.1616 rc=0.0830 nc=0.1746] | val 0.13074 | lr 1.00e-03 |   21.7s ✓ best
Epoch    5/500 | train 0.12820 [rh=0.0460 nh=-0.1648 rc=0.0819 nc=0.1682] | val 0.12864 | lr 1.00e-03 |   26.8s ✓ best
Epoch    6/500 | train 0.12511 [rh=0.0444 nh=-0.1695 rc=0.0812 nc=0.1642] | val 0.12395 | lr 1.00e-03 |   32.2s ✓ best
Epoch    7/500 | train 0.12234 [rh=0.0426 nh=-0.1761 rc=0.0811 nc=0.1630] | val 0.12261 | lr 1.00e-03 |   37.3s ✓ best
Epoch    8/500 | train 0.12054 [rh=0.0417 nh=-0.1800 rc=0.0807 nc=0.1610] | val 0.12156 | lr 9.99e-04 |   42.4s ✓ best
Epoch    9/500 | train 0.11932 [rh=0.0411 nh=-0.1828 rc=0.0806 nc=0.1597] | val 0.12087 | lr 9.99e-04 |   47.5s ✓ best
Epoch   10/500 | train 0.11904 [rh=0.0410 nh=-0.1838 rc=0.0805 nc=0.1591] | val 0.12112 | lr 9.99e-04 |   52.4s (no improvement 1/30)
Epoch   11/500 | train 0.11840 [rh=0.0408 nh=-0.1851 rc=0.0804 nc=0.1579] | val 0.12080 | lr 9.99e-04 |   57.5s ✓ best
Epoch   12/500 | train 0.11824 [rh=0.0407 nh=-0.1857 rc=0.0803 nc=0.1574] | val 0.12055 | lr 9.99e-04 |   62.6s ✓ best
Epoch   13/500 | train 0.11769 [rh=0.0406 nh=-0.1866 rc=0.0801 nc=0.1560] | val 0.12118 | lr 9.98e-04 |   67.6s (no improvement 1/30)
Epoch   14/500 | train 0.11759 [rh=0.0406 nh=-0.1868 rc=0.0801 nc=0.1555] | val 0.12018 | lr 9.98e-04 |   72.6s ✓ best
Epoch   15/500 | train 0.11713 [rh=0.0405 nh=-0.1879 rc=0.0800 nc=0.1545] | val 0.12068 | lr 9.98e-04 |   77.5s (no improvement 1/30)
Epoch   16/500 | train 0.11717 [rh=0.0406 nh=-0.1878 rc=0.0799 nc=0.1540] | val 0.12086 | lr 9.98e-04 |   82.4s (no improvement 2/30)
Epoch   17/500 | train 0.11665 [rh=0.0406 nh=-0.1884 rc=0.0797 nc=0.1524] | val 0.12105 | lr 9.97e-04 |   87.4s (no improvement 3/30)
Epoch   18/500 | train 0.11628 [rh=0.0405 nh=-0.1890 rc=0.0796 nc=0.1514] | val 0.12030 | lr 9.97e-04 |   92.3s (no improvement 4/30)
Epoch   19/500 | train 0.11588 [rh=0.0403 nh=-0.1901 rc=0.0795 nc=0.1507] | val 0.12028 | lr 9.96e-04 |   97.2s (no improvement 5/30)
Epoch   20/500 | train 0.11551 [rh=0.0403 nh=-0.1907 rc=0.0793 nc=0.1494] | val 0.12053 | lr 9.96e-04 |  102.9s (no improvement 6/30)
Epoch   21/500 | train 0.11537 [rh=0.0403 nh=-0.1910 rc=0.0793 nc=0.1490] | val 0.12048 | lr 9.96e-04 |  107.8s (no improvement 7/30)
Epoch   22/500 | train 0.11526 [rh=0.0403 nh=-0.1913 rc=0.0792 nc=0.1486] | val 0.12043 | lr 9.95e-04 |  112.7s (no improvement 8/30)
Epoch   23/500 | train 0.11491 [rh=0.0403 nh=-0.1914 rc=0.0790 nc=0.1469] | val 0.12076 | lr 9.95e-04 |  117.7s (no improvement 9/30)
Epoch   24/500 | train 0.11458 [rh=0.0403 nh=-0.1918 rc=0.0789 nc=0.1458] | val 0.12044 | lr 9.94e-04 |  122.6s (no improvement 10/30)
Epoch   25/500 | train 0.11424 [rh=0.0402 nh=-0.1925 rc=0.0788 nc=0.1451] | val 0.12040 | lr 9.94e-04 |  127.5s (no improvement 11/30)
Epoch   26/500 | train 0.11377 [rh=0.0402 nh=-0.1928 rc=0.0785 nc=0.1432] | val 0.12039 | lr 9.93e-04 |  132.4s (no improvement 12/30)
Epoch   27/500 | train 0.11372 [rh=0.0402 nh=-0.1932 rc=0.0785 nc=0.1431] | val 0.12019 | lr 9.93e-04 |  137.9s (no improvement 13/30)
Epoch   28/500 | train 0.11319 [rh=0.0402 nh=-0.1939 rc=0.0783 nc=0.1415] | val 0.12027 | lr 9.92e-04 |  142.8s (no improvement 14/30)
Epoch   29/500 | train 0.11285 [rh=0.0402 nh=-0.1942 rc=0.0781 nc=0.1402] | val 0.12061 | lr 9.92e-04 |  147.7s (no improvement 15/30)
Epoch   30/500 | train 0.11265 [rh=0.0401 nh=-0.1949 rc=0.0781 nc=0.1400] | val 0.12030 | lr 9.91e-04 |  152.6s (no improvement 16/30)
Epoch   31/500 | train 0.11250 [rh=0.0401 nh=-0.1949 rc=0.0779 nc=0.1393] | val 0.12016 | lr 9.91e-04 |  157.7s ✓ best
Epoch   32/500 | train 0.11214 [rh=0.0402 nh=-0.1949 rc=0.0777 nc=0.1377] | val 0.11996 | lr 9.90e-04 |  162.7s ✓ best
Epoch   33/500 | train 0.11181 [rh=0.0401 nh=-0.1957 rc=0.0776 nc=0.1369] | val 0.11998 | lr 9.89e-04 |  168.4s (no improvement 1/30)
Epoch   34/500 | train 0.11127 [rh=0.0400 nh=-0.1964 rc=0.0774 nc=0.1354] | val 0.11987 | lr 9.89e-04 |  173.4s ✓ best
Epoch   35/500 | train 0.11134 [rh=0.0400 nh=-0.1966 rc=0.0774 nc=0.1357] | val 0.11984 | lr 9.88e-04 |  178.5s ✓ best
Epoch   36/500 | train 0.11081 [rh=0.0401 nh=-0.1967 rc=0.0771 nc=0.1334] | val 0.12007 | lr 9.87e-04 |  183.5s (no improvement 1/30)
Epoch   37/500 | train 0.11046 [rh=0.0401 nh=-0.1967 rc=0.0769 nc=0.1319] | val 0.11987 | lr 9.87e-04 |  188.9s (no improvement 2/30)
Epoch   38/500 | train 0.11027 [rh=0.0401 nh=-0.1964 rc=0.0767 nc=0.1310] | val 0.11978 | lr 9.86e-04 |  194.4s ✓ best
Epoch   39/500 | train 0.11104 [rh=0.0401 nh=-0.1969 rc=0.0772 nc=0.1343] | val 0.12009 | lr 9.85e-04 |  199.3s (no improvement 1/30)
Epoch   40/500 | train 0.11028 [rh=0.0400 nh=-0.1972 rc=0.0768 nc=0.1315] | val 0.12022 | lr 9.84e-04 |  204.7s (no improvement 2/30)
Epoch   41/500 | train 0.10976 [rh=0.0401 nh=-0.1969 rc=0.0765 nc=0.1293] | val 0.11958 | lr 9.84e-04 |  209.8s ✓ best
Epoch   42/500 | train 0.11094 [rh=0.0400 nh=-0.1982 rc=0.0772 nc=0.1355] | val 0.12018 | lr 9.83e-04 |  214.7s (no improvement 1/30)
Epoch   43/500 | train 0.11030 [rh=0.0400 nh=-0.1985 rc=0.0769 nc=0.1330] | val 0.11945 | lr 9.82e-04 |  219.8s ✓ best
Epoch   44/500 | train 0.10927 [rh=0.0399 nh=-0.1994 rc=0.0764 nc=0.1293] | val 0.11970 | lr 9.81e-04 |  225.1s (no improvement 1/30)
Epoch   45/500 | train 0.10935 [rh=0.0400 nh=-0.1974 rc=0.0762 nc=0.1281] | val 0.11954 | lr 9.80e-04 |  230.4s (no improvement 2/30)
Epoch   46/500 | train 0.10836 [rh=0.0399 nh=-0.1992 rc=0.0759 nc=0.1253] | val 0.11969 | lr 9.79e-04 |  235.5s (no improvement 3/30)
Epoch   47/500 | train 0.10851 [rh=0.0399 nh=-0.1998 rc=0.0760 nc=0.1263] | val 0.11913 | lr 9.79e-04 |  240.6s ✓ best
Epoch   48/500 | train 0.10758 [rh=0.0398 nh=-0.2008 rc=0.0755 nc=0.1233] | val 0.11885 | lr 9.78e-04 |  245.7s ✓ best
Epoch   49/500 | train 0.10758 [rh=0.0398 nh=-0.2011 rc=0.0756 nc=0.1236] | val 0.11907 | lr 9.77e-04 |  251.1s (no improvement 1/30)
Epoch   50/500 | train 0.10726 [rh=0.0398 nh=-0.2011 rc=0.0753 nc=0.1219] | val 0.11898 | lr 9.76e-04 |  256.0s (no improvement 2/30)
Epoch   51/500 | train 0.10740 [rh=0.0398 nh=-0.2012 rc=0.0754 nc=0.1226] | val 0.11955 | lr 9.75e-04 |  261.0s (no improvement 3/30)
Epoch   52/500 | train 0.10697 [rh=0.0397 nh=-0.2020 rc=0.0753 nc=0.1219] | val 0.11919 | lr 9.74e-04 |  266.1s (no improvement 4/30)
Epoch   53/500 | train 0.10668 [rh=0.0397 nh=-0.2022 rc=0.0751 nc=0.1206] | val 0.11907 | lr 9.73e-04 |  271.7s (no improvement 5/30)
Epoch   54/500 | train 0.10706 [rh=0.0398 nh=-0.2021 rc=0.0753 nc=0.1221] | val 0.11939 | lr 9.72e-04 |  277.4s (no improvement 6/30)
Epoch   55/500 | train 0.10627 [rh=0.0398 nh=-0.2021 rc=0.0748 nc=0.1188] | val 0.11913 | lr 9.71e-04 |  282.5s (no improvement 7/30)
Epoch   56/500 | train 0.10757 [rh=0.0397 nh=-0.2028 rc=0.0757 nc=0.1245] | val 0.11946 | lr 9.70e-04 |  287.7s (no improvement 8/30)
Epoch   57/500 | train 0.10651 [rh=0.0397 nh=-0.2025 rc=0.0750 nc=0.1201] | val 0.11903 | lr 9.69e-04 |  293.0s (no improvement 9/30)
Epoch   58/500 | train 0.10582 [rh=0.0397 nh=-0.2030 rc=0.0746 nc=0.1177] | val 0.11874 | lr 9.67e-04 |  298.1s ✓ best
Epoch   59/500 | train 0.10730 [rh=0.0396 nh=-0.2039 rc=0.0756 nc=0.1245] | val 0.12074 | lr 9.66e-04 |  303.8s (no improvement 1/30)
Epoch   60/500 | train 0.10751 [rh=0.0397 nh=-0.2036 rc=0.0757 nc=0.1246] | val 0.11966 | lr 9.65e-04 |  309.7s (no improvement 2/30)
Epoch   61/500 | train 0.10687 [rh=0.0397 nh=-0.2035 rc=0.0753 nc=0.1225] | val 0.11906 | lr 9.64e-04 |  314.6s (no improvement 3/30)
Epoch   62/500 | train 0.10771 [rh=0.0397 nh=-0.2035 rc=0.0757 nc=0.1260] | val 0.11992 | lr 9.63e-04 |  320.0s (no improvement 4/30)
Epoch   63/500 | train 0.10770 [rh=0.0397 nh=-0.2040 rc=0.0758 nc=0.1268] | val 0.11942 | lr 9.62e-04 |  325.3s (no improvement 5/30)
Epoch   64/500 | train 0.10651 [rh=0.0397 nh=-0.2039 rc=0.0751 nc=0.1215] | val 0.11905 | lr 9.61e-04 |  330.7s (no improvement 6/30)
Epoch   65/500 | train 0.10622 [rh=0.0397 nh=-0.2043 rc=0.0749 nc=0.1204] | val 0.11888 | lr 9.59e-04 |  335.6s (no improvement 7/30)
Epoch   66/500 | train 0.10524 [rh=0.0397 nh=-0.2042 rc=0.0744 nc=0.1162] | val 0.11895 | lr 9.58e-04 |  340.5s (no improvement 8/30)
Epoch   67/500 | train 0.10564 [rh=0.0398 nh=-0.2029 rc=0.0744 nc=0.1171] | val 0.11843 | lr 9.57e-04 |  345.7s ✓ best
Epoch   68/500 | train 0.10466 [rh=0.0396 nh=-0.2049 rc=0.0741 nc=0.1145] | val 0.11911 | lr 9.56e-04 |  351.1s (no improvement 1/30)
Epoch   69/500 | train 0.10453 [rh=0.0397 nh=-0.2041 rc=0.0739 nc=0.1128] | val 0.11828 | lr 9.54e-04 |  356.2s ✓ best
Epoch   70/500 | train 0.10447 [rh=0.0397 nh=-0.2034 rc=0.0739 nc=0.1123] | val 0.11947 | lr 9.53e-04 |  361.1s (no improvement 1/30)
Epoch   71/500 | train 0.10424 [rh=0.0396 nh=-0.2048 rc=0.0738 nc=0.1125] | val 0.11861 | lr 9.52e-04 |  366.1s (no improvement 2/30)
Epoch   72/500 | train 0.10389 [rh=0.0396 nh=-0.2059 rc=0.0737 nc=0.1119] | val 0.11917 | lr 9.50e-04 |  371.7s (no improvement 3/30)
Epoch   73/500 | train 0.10480 [rh=0.0397 nh=-0.2041 rc=0.0740 nc=0.1145] | val 0.11833 | lr 9.49e-04 |  377.4s (no improvement 4/30)
Epoch   74/500 | train 0.10380 [rh=0.0398 nh=-0.2043 rc=0.0735 nc=0.1098] | val 0.11800 | lr 9.47e-04 |  382.4s ✓ best
Epoch   75/500 | train 0.10389 [rh=0.0396 nh=-0.2057 rc=0.0737 nc=0.1120] | val 0.11839 | lr 9.46e-04 |  388.1s (no improvement 1/30)
Epoch   76/500 | train 0.10368 [rh=0.0396 nh=-0.2061 rc=0.0735 nc=0.1118] | val 0.12402 | lr 9.45e-04 |  393.2s (no improvement 2/30)
Epoch   77/500 | train 0.10582 [rh=0.0395 nh=-0.2069 rc=0.0750 nc=0.1205] | val 0.11943 | lr 9.43e-04 |  398.8s (no improvement 3/30)
Epoch   78/500 | train 0.10538 [rh=0.0395 nh=-0.2066 rc=0.0746 nc=0.1187] | val 0.11940 | lr 9.42e-04 |  404.5s (no improvement 4/30)
Epoch   79/500 | train 0.10585 [rh=0.0397 nh=-0.2050 rc=0.0747 nc=0.1194] | val 0.11899 | lr 9.40e-04 |  410.1s (no improvement 5/30)
Epoch   80/500 | train 0.10440 [rh=0.0397 nh=-0.2039 rc=0.0738 nc=0.1125] | val 0.11867 | lr 9.39e-04 |  415.8s (no improvement 6/30)
Epoch   81/500 | train 0.10371 [rh=0.0396 nh=-0.2060 rc=0.0736 nc=0.1110] | val 0.11852 | lr 9.37e-04 |  421.5s (no improvement 7/30)
Epoch   82/500 | train 0.10361 [rh=0.0397 nh=-0.2045 rc=0.0734 nc=0.1096] | val 0.11818 | lr 9.36e-04 |  427.2s (no improvement 8/30)
Epoch   83/500 | train 0.10345 [rh=0.0396 nh=-0.2053 rc=0.0734 nc=0.1102] | val 0.11803 | lr 9.34e-04 |  432.7s (no improvement 9/30)
Epoch   84/500 | train 0.10270 [rh=0.0396 nh=-0.2063 rc=0.0731 nc=0.1071] | val 0.11785 | lr 9.33e-04 |  437.8s ✓ best
Epoch   85/500 | train 0.10332 [rh=0.0398 nh=-0.2036 rc=0.0731 nc=0.1078] | val 0.11799 | lr 9.31e-04 |  442.8s (no improvement 1/30)
Epoch   86/500 | train 0.10300 [rh=0.0397 nh=-0.2042 rc=0.0730 nc=0.1070] | val 0.11809 | lr 9.29e-04 |  447.8s (no improvement 2/30)
Epoch   87/500 | train 0.10293 [rh=0.0397 nh=-0.2044 rc=0.0729 nc=0.1073] | val 0.11794 | lr 9.28e-04 |  453.3s (no improvement 3/30)
Epoch   88/500 | train 0.10266 [rh=0.0396 nh=-0.2049 rc=0.0729 nc=0.1063] | val 0.11758 | lr 9.26e-04 |  459.1s ✓ best
Epoch   89/500 | train 0.10203 [rh=0.0395 nh=-0.2070 rc=0.0727 nc=0.1050] | val 0.11815 | lr 9.25e-04 |  464.7s (no improvement 1/30)
Epoch   90/500 | train 0.10188 [rh=0.0395 nh=-0.2075 rc=0.0727 nc=0.1044] | val 0.11799 | lr 9.23e-04 |  470.4s (no improvement 2/30)
Epoch   91/500 | train 0.10177 [rh=0.0395 nh=-0.2075 rc=0.0726 nc=0.1042] | val 0.11795 | lr 9.21e-04 |  476.1s (no improvement 3/30)
Epoch   92/500 | train 0.10181 [rh=0.0395 nh=-0.2073 rc=0.0726 nc=0.1042] | val 0.11810 | lr 9.20e-04 |  481.5s (no improvement 4/30)
Epoch   93/500 | train 0.10183 [rh=0.0397 nh=-0.2055 rc=0.0724 nc=0.1027] | val 0.11768 | lr 9.18e-04 |  486.5s (no improvement 5/30)
Epoch   94/500 | train 0.10140 [rh=0.0395 nh=-0.2072 rc=0.0724 nc=0.1021] | val 0.11788 | lr 9.16e-04 |  491.8s (no improvement 6/30)
Epoch   95/500 | train 0.10146 [rh=0.0395 nh=-0.2072 rc=0.0724 nc=0.1027] | val 0.11786 | lr 9.14e-04 |  497.4s (no improvement 7/30)
Epoch   96/500 | train 0.10184 [rh=0.0397 nh=-0.2049 rc=0.0724 nc=0.1028] | val 0.11770 | lr 9.13e-04 |  503.1s (no improvement 8/30)
Epoch   97/500 | train 0.10208 [rh=0.0397 nh=-0.2048 rc=0.0725 nc=0.1040] | val 0.11740 | lr 9.11e-04 |  509.0s ✓ best
Epoch   98/500 | train 0.10134 [rh=0.0395 nh=-0.2074 rc=0.0723 nc=0.1025] | val 0.11793 | lr 9.09e-04 |  514.4s (no improvement 1/30)
Epoch   99/500 | train 0.10119 [rh=0.0395 nh=-0.2079 rc=0.0723 nc=0.1023] | val 0.11781 | lr 9.07e-04 |  519.9s (no improvement 2/30)
Epoch  100/500 | train 0.10108 [rh=0.0395 nh=-0.2083 rc=0.0722 nc=0.1020] | val 0.11748 | lr 9.05e-04 |  525.0s (no improvement 3/30)
Epoch  101/500 | train 0.10095 [rh=0.0395 nh=-0.2084 rc=0.0721 nc=0.1014] | val 0.11793 | lr 9.04e-04 |  529.9s (no improvement 4/30)
Epoch  102/500 | train 0.10066 [rh=0.0395 nh=-0.2083 rc=0.0720 nc=0.1002] | val 0.11755 | lr 9.02e-04 |  535.3s (no improvement 5/30)
Epoch  103/500 | train 0.10114 [rh=0.0395 nh=-0.2072 rc=0.0722 nc=0.1017] | val 0.11806 | lr 9.00e-04 |  540.7s (no improvement 6/30)
Epoch  104/500 | train 0.10183 [rh=0.0401 nh=-0.2017 rc=0.0719 nc=0.0996] | val 0.11767 | lr 8.98e-04 |  545.6s (no improvement 7/30)
Epoch  105/500 | train 0.10191 [rh=0.0396 nh=-0.2061 rc=0.0725 nc=0.1043] | val 0.11727 | lr 8.96e-04 |  550.7s ✓ best
Epoch  106/500 | train 0.10111 [rh=0.0397 nh=-0.2053 rc=0.0720 nc=0.1000] | val 0.11799 | lr 8.94e-04 |  555.6s (no improvement 1/30)
Epoch  107/500 | train 0.10151 [rh=0.0397 nh=-0.2037 rc=0.0721 nc=0.1006] | val 0.11729 | lr 8.92e-04 |  560.5s (no improvement 2/30)
Epoch  108/500 | train 0.10034 [rh=0.0395 nh=-0.2070 rc=0.0718 nc=0.0976] | val 0.11742 | lr 8.90e-04 |  565.8s (no improvement 3/30)
Epoch  109/500 | train 0.10110 [rh=0.0398 nh=-0.2055 rc=0.0719 nc=0.0994] | val 0.11734 | lr 8.88e-04 |  571.2s (no improvement 4/30)
Epoch  110/500 | train 0.10048 [rh=0.0396 nh=-0.2066 rc=0.0718 nc=0.0979] | val 0.11709 | lr 8.86e-04 |  576.3s ✓ best
Epoch  111/500 | train 0.10021 [rh=0.0395 nh=-0.2086 rc=0.0718 nc=0.0981] | val 0.11771 | lr 8.84e-04 |  581.2s (no improvement 1/30)
Epoch  112/500 | train 0.09972 [rh=0.0394 nh=-0.2095 rc=0.0716 nc=0.0964] | val 0.11756 | lr 8.82e-04 |  586.1s (no improvement 2/30)
Epoch  113/500 | train 0.09997 [rh=0.0396 nh=-0.2075 rc=0.0715 nc=0.0960] | val 0.11750 | lr 8.80e-04 |  591.0s (no improvement 3/30)
Epoch  114/500 | train 0.10019 [rh=0.0394 nh=-0.2086 rc=0.0717 nc=0.0987] | val 0.11766 | lr 8.78e-04 |  596.4s (no improvement 4/30)
Epoch  115/500 | train 0.09941 [rh=0.0394 nh=-0.2104 rc=0.0715 nc=0.0960] | val 0.11763 | lr 8.76e-04 |  601.7s (no improvement 5/30)
Epoch  116/500 | train 0.10011 [rh=0.0393 nh=-0.2109 rc=0.0719 nc=0.0997] | val 0.11784 | lr 8.74e-04 |  606.6s (no improvement 6/30)
Epoch  117/500 | train 0.09926 [rh=0.0394 nh=-0.2108 rc=0.0714 nc=0.0952] | val 0.11786 | lr 8.72e-04 |  611.7s (no improvement 7/30)
Epoch  118/500 | train 0.10047 [rh=0.0400 nh=-0.2042 rc=0.0714 nc=0.0947] | val 0.11832 | lr 8.70e-04 |  617.1s (no improvement 8/30)
Epoch  119/500 | train 0.09980 [rh=0.0396 nh=-0.2071 rc=0.0714 nc=0.0951] | val 0.11772 | lr 8.68e-04 |  622.8s (no improvement 9/30)
Epoch  120/500 | train 0.09998 [rh=0.0396 nh=-0.2053 rc=0.0714 nc=0.0951] | val 0.11693 | lr 8.66e-04 |  628.6s ✓ best
Epoch  121/500 | train 0.09970 [rh=0.0395 nh=-0.2076 rc=0.0714 nc=0.0957] | val 0.11735 | lr 8.64e-04 |  634.1s (no improvement 1/30)
Epoch  122/500 | train 0.09928 [rh=0.0394 nh=-0.2088 rc=0.0713 nc=0.0945] | val 0.11747 | lr 8.62e-04 |  639.5s (no improvement 2/30)
Epoch  123/500 | train 0.09891 [rh=0.0394 nh=-0.2103 rc=0.0712 nc=0.0938] | val 0.11740 | lr 8.59e-04 |  644.9s (no improvement 3/30)
Epoch  124/500 | train 0.09899 [rh=0.0394 nh=-0.2099 rc=0.0712 nc=0.0933] | val 0.11791 | lr 8.57e-04 |  649.8s (no improvement 4/30)
Epoch  125/500 | train 0.09893 [rh=0.0394 nh=-0.2102 rc=0.0712 nc=0.0936] | val 0.11753 | lr 8.55e-04 |  654.7s (no improvement 5/30)
Epoch  126/500 | train 0.09863 [rh=0.0393 nh=-0.2105 rc=0.0711 nc=0.0923] | val 0.11799 | lr 8.53e-04 |  659.7s (no improvement 6/30)
Epoch  127/500 | train 0.09889 [rh=0.0394 nh=-0.2100 rc=0.0712 nc=0.0931] | val 0.11764 | lr 8.51e-04 |  664.9s (no improvement 7/30)
Epoch  128/500 | train 0.10114 [rh=0.0407 nh=-0.1984 rc=0.0711 nc=0.0919] | val 0.11784 | lr 8.48e-04 |  670.2s (no improvement 8/30)
Epoch  129/500 | train 0.09971 [rh=0.0399 nh=-0.2061 rc=0.0711 nc=0.0929] | val 0.11757 | lr 8.46e-04 |  675.2s (no improvement 9/30)
Epoch  130/500 | train 0.09986 [rh=0.0398 nh=-0.2042 rc=0.0712 nc=0.0936] | val 0.11690 | lr 8.44e-04 |  680.3s ✓ best
Epoch  131/500 | train 0.09935 [rh=0.0396 nh=-0.2063 rc=0.0711 nc=0.0927] | val 0.11703 | lr 8.42e-04 |  685.2s (no improvement 1/30)
Epoch  132/500 | train 0.09914 [rh=0.0395 nh=-0.2079 rc=0.0711 nc=0.0935] | val 0.11757 | lr 8.39e-04 |  690.1s (no improvement 2/30)
Epoch  133/500 | train 0.09876 [rh=0.0394 nh=-0.2089 rc=0.0710 nc=0.0924] | val 0.11733 | lr 8.37e-04 |  695.0s (no improvement 3/30)
Epoch  134/500 | train 0.09891 [rh=0.0395 nh=-0.2090 rc=0.0711 nc=0.0927] | val 0.11823 | lr 8.35e-04 |  699.9s (no improvement 4/30)
Epoch  135/500 | train 0.09918 [rh=0.0396 nh=-0.2067 rc=0.0710 nc=0.0922] | val 0.11732 | lr 8.32e-04 |  704.8s (no improvement 5/30)
Epoch  136/500 | train 0.09907 [rh=0.0394 nh=-0.2097 rc=0.0713 nc=0.0940] | val 0.11733 | lr 8.30e-04 |  710.2s (no improvement 6/30)
Epoch  137/500 | train 0.09835 [rh=0.0394 nh=-0.2108 rc=0.0709 nc=0.0918] | val 0.11766 | lr 8.28e-04 |  715.6s (no improvement 7/30)
Epoch  138/500 | train 0.09805 [rh=0.0393 nh=-0.2109 rc=0.0708 nc=0.0901] | val 0.11747 | lr 8.25e-04 |  720.6s (no improvement 8/30)
Epoch  139/500 | train 0.09834 [rh=0.0396 nh=-0.2080 rc=0.0707 nc=0.0887] | val 0.11678 | lr 8.23e-04 |  726.2s ✓ best
Epoch  140/500 | train 0.09790 [rh=0.0393 nh=-0.2110 rc=0.0707 nc=0.0894] | val 0.11793 | lr 8.21e-04 |  731.3s (no improvement 1/30)
Epoch  141/500 | train 0.09862 [rh=0.0394 nh=-0.2097 rc=0.0710 nc=0.0925] | val 0.11761 | lr 8.18e-04 |  736.2s (no improvement 2/30)
Epoch  142/500 | train 0.09829 [rh=0.0395 nh=-0.2096 rc=0.0707 nc=0.0896] | val 0.11690 | lr 8.16e-04 |  741.2s (no improvement 3/30)
Epoch  143/500 | train 0.09811 [rh=0.0395 nh=-0.2095 rc=0.0707 nc=0.0890] | val 0.11732 | lr 8.13e-04 |  746.1s (no improvement 4/30)
Epoch  144/500 | train 0.09824 [rh=0.0393 nh=-0.2112 rc=0.0709 nc=0.0914] | val 0.11759 | lr 8.11e-04 |  751.0s (no improvement 5/30)
Epoch  145/500 | train 0.09765 [rh=0.0393 nh=-0.2119 rc=0.0706 nc=0.0889] | val 0.11779 | lr 8.08e-04 |  756.0s (no improvement 6/30)
Epoch  146/500 | train 0.09809 [rh=0.0393 nh=-0.2120 rc=0.0709 nc=0.0910] | val 0.11751 | lr 8.06e-04 |  761.4s (no improvement 7/30)
Epoch  147/500 | train 0.09783 [rh=0.0394 nh=-0.2112 rc=0.0706 nc=0.0890] | val 0.11781 | lr 8.03e-04 |  766.3s (no improvement 8/30)
Epoch  148/500 | train 0.09752 [rh=0.0393 nh=-0.2120 rc=0.0706 nc=0.0884] | val 0.11742 | lr 8.01e-04 |  771.2s (no improvement 9/30)
Epoch  149/500 | train 0.09744 [rh=0.0393 nh=-0.2121 rc=0.0705 nc=0.0881] | val 0.11753 | lr 7.98e-04 |  776.2s (no improvement 10/30)
Epoch  150/500 | train 0.09718 [rh=0.0393 nh=-0.2125 rc=0.0705 nc=0.0868] | val 0.11768 | lr 7.96e-04 |  781.1s (no improvement 11/30)
Epoch  151/500 | train 0.09744 [rh=0.0394 nh=-0.2099 rc=0.0704 nc=0.0864] | val 0.11775 | lr 7.93e-04 |  786.0s (no improvement 12/30)
Epoch  152/500 | train 0.09757 [rh=0.0395 nh=-0.2105 rc=0.0705 nc=0.0869] | val 0.11765 | lr 7.91e-04 |  790.9s (no improvement 13/30)
Epoch  153/500 | train 0.09727 [rh=0.0393 nh=-0.2120 rc=0.0705 nc=0.0869] | val 0.11725 | lr 7.88e-04 |  796.3s (no improvement 14/30)
Epoch  154/500 | train 0.09720 [rh=0.0393 nh=-0.2122 rc=0.0705 nc=0.0866] | val 0.11763 | lr 7.86e-04 |  802.3s (no improvement 15/30)
Epoch  155/500 | train 0.09700 [rh=0.0392 nh=-0.2133 rc=0.0704 nc=0.0868] | val 0.11874 | lr 7.83e-04 |  807.6s (no improvement 16/30)
Epoch  156/500 | train 0.09752 [rh=0.0396 nh=-0.2106 rc=0.0704 nc=0.0865] | val 0.11730 | lr 7.81e-04 |  812.6s (no improvement 17/30)
Epoch  157/500 | train 0.09677 [rh=0.0393 nh=-0.2125 rc=0.0703 nc=0.0845] | val 0.11736 | lr 7.78e-04 |  818.0s (no improvement 18/30)
Epoch  158/500 | train 0.09679 [rh=0.0393 nh=-0.2135 rc=0.0703 nc=0.0854] | val 0.11800 | lr 7.75e-04 |  823.6s (no improvement 19/30)
Epoch  159/500 | train 0.09697 [rh=0.0394 nh=-0.2125 rc=0.0703 nc=0.0854] | val 0.11773 | lr 7.73e-04 |  829.3s (no improvement 20/30)
Epoch  160/500 | train 0.09653 [rh=0.0392 nh=-0.2146 rc=0.0703 nc=0.0852] | val 0.11747 | lr 7.70e-04 |  834.3s (no improvement 21/30)
Epoch  161/500 | train 0.09631 [rh=0.0392 nh=-0.2145 rc=0.0702 nc=0.0839] | val 0.11845 | lr 7.68e-04 |  839.3s (no improvement 22/30)
Epoch  162/500 | train 0.09651 [rh=0.0393 nh=-0.2130 rc=0.0702 nc=0.0836] | val 0.11749 | lr 7.65e-04 |  844.7s (no improvement 23/30)
Epoch  163/500 | train 0.10003 [rh=0.0406 nh=-0.1913 rc=0.0702 nc=0.0835] | val 0.11802 | lr 7.62e-04 |  850.1s (no improvement 24/30)
Epoch  164/500 | train 0.09780 [rh=0.0398 nh=-0.2076 rc=0.0702 nc=0.0847] | val 0.11746 | lr 7.60e-04 |  855.0s (no improvement 25/30)
Epoch  165/500 | train 0.09745 [rh=0.0395 nh=-0.2095 rc=0.0703 nc=0.0856] | val 0.11720 | lr 7.57e-04 |  859.9s (no improvement 26/30)
Epoch  166/500 | train 0.09817 [rh=0.0396 nh=-0.2067 rc=0.0705 nc=0.0876] | val 0.11683 | lr 7.54e-04 |  864.8s (no improvement 27/30)
Epoch  167/500 | train 0.09726 [rh=0.0395 nh=-0.2088 rc=0.0702 nc=0.0848] | val 0.11697 | lr 7.52e-04 |  869.7s (no improvement 28/30)
Epoch  168/500 | train 0.09668 [rh=0.0394 nh=-0.2111 rc=0.0701 nc=0.0834] | val 0.11685 | lr 7.49e-04 |  875.3s (no improvement 29/30)
Epoch  169/500 | train 0.09669 [rh=0.0393 nh=-0.2115 rc=0.0701 nc=0.0837] | val 0.11750 | lr 7.46e-04 |  880.8s (no improvement 30/30)
[train] Early stopping at epoch 169.
[train] Loss plot → surrogate_model_v3/runs/range_100-200_perturb0.2_bootstrap0.5/loss_curves.png
[train] Component loss plot → surrogate_model_v3/runs/range_100-200_perturb0.2_bootstrap0.5/loss_components.png

[train] Done.  Best val loss : 0.116777
[train] Best checkpoint  : surrogate_model_v3/runs/range_100-200_perturb0.2_bootstrap0.5/surrogate_best.pt
[train] Final checkpoint : surrogate_model_v3/runs/range_100-200_perturb0.2_bootstrap0.5/surrogate_final.pt
=== [1/7] Full surrogate evaluation (evaluate.py) ===
[evaluate] Output dir : /nfs/turbo/coe-sunwbgt/xysong/Offline-RL-Controller-in-AM/surrogate_model_v3/runs/range_100-200_perturb0.2_bootstrap0.5
[evaluate] Device     : cuda
[evaluate] Mesh loaded: 1053 nodes, 488 triangles. X∈[0.00,12.00], Y∈[0.00,3.00]
[evaluate] TwoStageSurrogate(state=1053, lp_dim=1, cool_dim=1, K=5, n_layers=12, embed=8, rank=0 | heat×5=2,554,020  cool×5=2,554,020 | total=5,108,040)
[dataset] Loaded 5000 trajectories × 12 layers from DatasetV2_layer_12_samples_5000.pkl
[dataset] Split → train 4000 | val 500 | test 500
[dataset] Bootstrap masks: (4000, 5), resample_frac=1.0, ~37.1% of (sample, member) pairs unseen (expected ≈ 36.8%)
[TwoStageTrajectoryDataset] 4,000 trajectories, T=12, state_dim=1053, bootstrap K=5 (trajectory-level resampling)
[dataset] Bootstrap masks: (48000, 5), resample_frac=1.0, ~36.8% of (sample, member) pairs unseen (expected ≈ 36.8%)
[TwoStageSurrogateDataset] 48,000 transitions, state_dim=1053, layers 0–11, bootstrap K=5 (transition-level resampling)
[dataset] Bootstrap masks: (500, 5), resample_frac=1.0, ~36.7% of (sample, member) pairs unseen (expected ≈ 36.8%)
[TwoStageTrajectoryDataset] 500 trajectories, T=12, state_dim=1053, bootstrap K=5 (trajectory-level resampling)
[dataset] Bootstrap masks: (6000, 5), resample_frac=1.0, ~36.6% of (sample, member) pairs unseen (expected ≈ 36.8%)
[TwoStageSurrogateDataset] 6,000 transitions, state_dim=1053, layers 0–11, bootstrap K=5 (transition-level resampling)
[dataset] Bootstrap masks: (500, 5), resample_frac=1.0, ~36.7% of (sample, member) pairs unseen (expected ≈ 36.8%)
[TwoStageTrajectoryDataset] 500 trajectories, T=12, state_dim=1053, bootstrap K=5 (trajectory-level resampling)
[dataset] Bootstrap masks: (6000, 5), resample_frac=1.0, ~36.6% of (sample, member) pairs unseen (expected ≈ 36.8%)
[TwoStageSurrogateDataset] 6,000 transitions, state_dim=1053, layers 0–11, bootstrap K=5 (transition-level resampling)

[evaluate] ════════════════════ TRAIN SET ════════════════════
  recon_heat    : 0.009651
  nll_heat      : -0.583008
  recon_cool    : 0.004473
  nll_cool      : -0.314060

   Layer   Heat SS RMSE   Heat RO RMSE   Cool SS RMSE   Cool RO RMSE
       1         82.275         82.275         29.008         36.568
       2         89.211        101.658         32.053         58.811
       3         85.857        113.806         36.665         74.907
       4         85.723        125.400         40.413         87.857
       5         88.213        137.695         43.938        101.099
       6         88.823        154.512         50.090        118.629
       7         95.787        175.072         50.243        137.294
       8         88.180        185.302         46.308        149.229
       9         93.770        201.218         46.208        163.650
      10        117.342        228.736         57.163        182.651
      11        117.807        243.598         56.777        197.671
      12        118.600        256.909         55.938        211.698

[evaluate] ════════════════════ VAL SET ════════════════════
  recon_heat    : 0.009517
  nll_heat      : -0.587206
  recon_cool    : 0.004348
  nll_cool      : -0.315029

   Layer   Heat SS RMSE   Heat RO RMSE   Cool SS RMSE   Cool RO RMSE
       1         83.341         83.341         29.694         36.728
       2         89.980        103.082         32.077         60.191
       3         87.192        116.161         36.645         77.214
       4         87.188        128.704         40.596         91.159
       5         81.010        134.315         40.603        101.080
       6         88.715        154.251         49.478        119.272
       7         94.327        174.470         48.426        138.106
       8         90.972        187.188         48.300        150.548
       9         93.440        203.547         44.594        166.912
      10        114.099        228.778         54.307        184.856
      11        114.444        242.904         54.685        199.051
      12        119.006        258.824         55.770        214.279

[evaluate] ════════════════════ TEST SET ════════════════════
  recon_heat    : 0.009783
  nll_heat      : -0.582344
  recon_cool    : 0.004453
  nll_cool      : -0.314598

   Layer   Heat SS RMSE   Heat RO RMSE   Cool SS RMSE   Cool RO RMSE
       1         79.412         79.412         27.592         36.122
       2         87.997        100.023         30.990         57.952
       3         87.093        114.259         36.908         75.327
       4         82.947        123.787         39.060         88.089
       5         84.689        134.808         41.426        100.407
       6         89.728        154.724         48.689        119.844
       7         96.145        177.301         49.770        139.955
       8         93.316        192.140         49.269        154.549
       9        101.545        214.081         49.996        173.573
      10        117.670        238.258         56.192        191.889
      11        116.577        252.161         55.090        207.125
      12        113.300        260.555         53.153        217.248

[evaluate] ═════════════════════════════════════════════════════════════════════════════════════════════════════════════════════
[evaluate] SUMMARY
[evaluate] ═════════════════════════════════════════════════════════════════════════════════════════════════════════════════════
  Split   heat_ss_rmse [K]heat_ro_rmse [K]cool_ss_rmse [K]cool_ro_rmse [K] heat_epist_std cool_epist_std      total_std
  train           95.9657       167.1817        45.4003       126.6720         0.0355         0.0259         0.3506
  val             95.3095       167.9637        44.5979       128.2828         0.0356         0.0259         0.3506
  test            95.8683       170.1258        44.8447       130.1734         0.0357         0.0259         0.3507
[evaluate] ═════════════════════════════════════════════════════════════════════════════════════════════════════════════════════

[evaluate] Saved → /nfs/turbo/coe-sunwbgt/xysong/Offline-RL-Controller-in-AM/surrogate_model_v3/runs/range_100-200_perturb0.2_bootstrap0.5/per_layer_rmse.png
[evaluate] Saved → /nfs/turbo/coe-sunwbgt/xysong/Offline-RL-Controller-in-AM/surrogate_model_v3/runs/range_100-200_perturb0.2_bootstrap0.5/per_layer_mae.png
[evaluate] Saved → /nfs/turbo/coe-sunwbgt/xysong/Offline-RL-Controller-in-AM/surrogate_model_v3/runs/range_100-200_perturb0.2_bootstrap0.5/per_layer_uncertainty.png
[evaluate] Saving field plots for 3 test trajectories ...
[evaluate] Saved → /nfs/turbo/coe-sunwbgt/xysong/Offline-RL-Controller-in-AM/surrogate_model_v3/runs/range_100-200_perturb0.2_bootstrap0.5/traj_000/actions.txt
[evaluate] Saved → /nfs/turbo/coe-sunwbgt/xysong/Offline-RL-Controller-in-AM/surrogate_model_v3/runs/range_100-200_perturb0.2_bootstrap0.5/traj_000/action_sequence.png
[evaluate] Saved → /nfs/turbo/coe-sunwbgt/xysong/Offline-RL-Controller-in-AM/surrogate_model_v3/runs/range_100-200_perturb0.2_bootstrap0.5/traj_000/sigma_per_layer.png
[evaluate] Saved → /nfs/turbo/coe-sunwbgt/xysong/Offline-RL-Controller-in-AM/surrogate_model_v3/runs/range_100-200_perturb0.2_bootstrap0.5/traj_000/layer_01_LP300W.png
[evaluate] Saved → /nfs/turbo/coe-sunwbgt/xysong/Offline-RL-Controller-in-AM/surrogate_model_v3/runs/range_100-200_perturb0.2_bootstrap0.5/traj_000/layer_02_LP370W.png
[evaluate] Saved → /nfs/turbo/coe-sunwbgt/xysong/Offline-RL-Controller-in-AM/surrogate_model_v3/runs/range_100-200_perturb0.2_bootstrap0.5/traj_000/layer_03_LP270W.png
[evaluate] Saved → /nfs/turbo/coe-sunwbgt/xysong/Offline-RL-Controller-in-AM/surrogate_model_v3/runs/range_100-200_perturb0.2_bootstrap0.5/traj_000/layer_04_LP160W.png
[evaluate] Saved → /nfs/turbo/coe-sunwbgt/xysong/Offline-RL-Controller-in-AM/surrogate_model_v3/runs/range_100-200_perturb0.2_bootstrap0.5/traj_000/layer_05_LP120W.png
[evaluate] Saved → /nfs/turbo/coe-sunwbgt/xysong/Offline-RL-Controller-in-AM/surrogate_model_v3/runs/range_100-200_perturb0.2_bootstrap0.5/traj_000/layer_06_LP340W.png
[evaluate] Saved → /nfs/turbo/coe-sunwbgt/xysong/Offline-RL-Controller-in-AM/surrogate_model_v3/runs/range_100-200_perturb0.2_bootstrap0.5/traj_000/layer_07_LP180W.png
[evaluate] Saved → /nfs/turbo/coe-sunwbgt/xysong/Offline-RL-Controller-in-AM/surrogate_model_v3/runs/range_100-200_perturb0.2_bootstrap0.5/traj_000/layer_08_LP210W.png
[evaluate] Saved → /nfs/turbo/coe-sunwbgt/xysong/Offline-RL-Controller-in-AM/surrogate_model_v3/runs/range_100-200_perturb0.2_bootstrap0.5/traj_000/layer_09_LP400W.png
[evaluate] Saved → /nfs/turbo/coe-sunwbgt/xysong/Offline-RL-Controller-in-AM/surrogate_model_v3/runs/range_100-200_perturb0.2_bootstrap0.5/traj_000/layer_10_LP300W.png
[evaluate] Saved → /nfs/turbo/coe-sunwbgt/xysong/Offline-RL-Controller-in-AM/surrogate_model_v3/runs/range_100-200_perturb0.2_bootstrap0.5/traj_000/layer_11_LP190W.png
[evaluate] Saved → /nfs/turbo/coe-sunwbgt/xysong/Offline-RL-Controller-in-AM/surrogate_model_v3/runs/range_100-200_perturb0.2_bootstrap0.5/traj_000/layer_12_LP270W.png
[evaluate] Saved → /nfs/turbo/coe-sunwbgt/xysong/Offline-RL-Controller-in-AM/surrogate_model_v3/runs/range_100-200_perturb0.2_bootstrap0.5/traj_001/actions.txt
[evaluate] Saved → /nfs/turbo/coe-sunwbgt/xysong/Offline-RL-Controller-in-AM/surrogate_model_v3/runs/range_100-200_perturb0.2_bootstrap0.5/traj_001/action_sequence.png
[evaluate] Saved → /nfs/turbo/coe-sunwbgt/xysong/Offline-RL-Controller-in-AM/surrogate_model_v3/runs/range_100-200_perturb0.2_bootstrap0.5/traj_001/sigma_per_layer.png
[evaluate] Saved → /nfs/turbo/coe-sunwbgt/xysong/Offline-RL-Controller-in-AM/surrogate_model_v3/runs/range_100-200_perturb0.2_bootstrap0.5/traj_001/layer_01_LP350W.png
[evaluate] Saved → /nfs/turbo/coe-sunwbgt/xysong/Offline-RL-Controller-in-AM/surrogate_model_v3/runs/range_100-200_perturb0.2_bootstrap0.5/traj_001/layer_02_LP400W.png
[evaluate] Saved → /nfs/turbo/coe-sunwbgt/xysong/Offline-RL-Controller-in-AM/surrogate_model_v3/runs/range_100-200_perturb0.2_bootstrap0.5/traj_001/layer_03_LP230W.png
[evaluate] Saved → /nfs/turbo/coe-sunwbgt/xysong/Offline-RL-Controller-in-AM/surrogate_model_v3/runs/range_100-200_perturb0.2_bootstrap0.5/traj_001/layer_04_LP160W.png
[evaluate] Saved → /nfs/turbo/coe-sunwbgt/xysong/Offline-RL-Controller-in-AM/surrogate_model_v3/runs/range_100-200_perturb0.2_bootstrap0.5/traj_001/layer_05_LP390W.png
[evaluate] Saved → /nfs/turbo/coe-sunwbgt/xysong/Offline-RL-Controller-in-AM/surrogate_model_v3/runs/range_100-200_perturb0.2_bootstrap0.5/traj_001/layer_06_LP260W.png
[evaluate] Saved → /nfs/turbo/coe-sunwbgt/xysong/Offline-RL-Controller-in-AM/surrogate_model_v3/runs/range_100-200_perturb0.2_bootstrap0.5/traj_001/layer_07_LP390W.png
[evaluate] Saved → /nfs/turbo/coe-sunwbgt/xysong/Offline-RL-Controller-in-AM/surrogate_model_v3/runs/range_100-200_perturb0.2_bootstrap0.5/traj_001/layer_08_LP190W.png
[evaluate] Saved → /nfs/turbo/coe-sunwbgt/xysong/Offline-RL-Controller-in-AM/surrogate_model_v3/runs/range_100-200_perturb0.2_bootstrap0.5/traj_001/layer_09_LP170W.png
[evaluate] Saved → /nfs/turbo/coe-sunwbgt/xysong/Offline-RL-Controller-in-AM/surrogate_model_v3/runs/range_100-200_perturb0.2_bootstrap0.5/traj_001/layer_10_LP250W.png
[evaluate] Saved → /nfs/turbo/coe-sunwbgt/xysong/Offline-RL-Controller-in-AM/surrogate_model_v3/runs/range_100-200_perturb0.2_bootstrap0.5/traj_001/layer_11_LP310W.png
[evaluate] Saved → /nfs/turbo/coe-sunwbgt/xysong/Offline-RL-Controller-in-AM/surrogate_model_v3/runs/range_100-200_perturb0.2_bootstrap0.5/traj_001/layer_12_LP170W.png
[evaluate] Saved → /nfs/turbo/coe-sunwbgt/xysong/Offline-RL-Controller-in-AM/surrogate_model_v3/runs/range_100-200_perturb0.2_bootstrap0.5/traj_002/actions.txt
[evaluate] Saved → /nfs/turbo/coe-sunwbgt/xysong/Offline-RL-Controller-in-AM/surrogate_model_v3/runs/range_100-200_perturb0.2_bootstrap0.5/traj_002/action_sequence.png
[evaluate] Saved → /nfs/turbo/coe-sunwbgt/xysong/Offline-RL-Controller-in-AM/surrogate_model_v3/runs/range_100-200_perturb0.2_bootstrap0.5/traj_002/sigma_per_layer.png
[evaluate] Saved → /nfs/turbo/coe-sunwbgt/xysong/Offline-RL-Controller-in-AM/surrogate_model_v3/runs/range_100-200_perturb0.2_bootstrap0.5/traj_002/layer_01_LP200W.png
[evaluate] Saved → /nfs/turbo/coe-sunwbgt/xysong/Offline-RL-Controller-in-AM/surrogate_model_v3/runs/range_100-200_perturb0.2_bootstrap0.5/traj_002/layer_02_LP100W.png
[evaluate] Saved → /nfs/turbo/coe-sunwbgt/xysong/Offline-RL-Controller-in-AM/surrogate_model_v3/runs/range_100-200_perturb0.2_bootstrap0.5/traj_002/layer_03_LP240W.png
[evaluate] Saved → /nfs/turbo/coe-sunwbgt/xysong/Offline-RL-Controller-in-AM/surrogate_model_v3/runs/range_100-200_perturb0.2_bootstrap0.5/traj_002/layer_04_LP380W.png
[evaluate] Saved → /nfs/turbo/coe-sunwbgt/xysong/Offline-RL-Controller-in-AM/surrogate_model_v3/runs/range_100-200_perturb0.2_bootstrap0.5/traj_002/layer_05_LP330W.png
[evaluate] Saved → /nfs/turbo/coe-sunwbgt/xysong/Offline-RL-Controller-in-AM/surrogate_model_v3/runs/range_100-200_perturb0.2_bootstrap0.5/traj_002/layer_06_LP100W.png
[evaluate] Saved → /nfs/turbo/coe-sunwbgt/xysong/Offline-RL-Controller-in-AM/surrogate_model_v3/runs/range_100-200_perturb0.2_bootstrap0.5/traj_002/layer_07_LP380W.png
[evaluate] Saved → /nfs/turbo/coe-sunwbgt/xysong/Offline-RL-Controller-in-AM/surrogate_model_v3/runs/range_100-200_perturb0.2_bootstrap0.5/traj_002/layer_08_LP390W.png
[evaluate] Saved → /nfs/turbo/coe-sunwbgt/xysong/Offline-RL-Controller-in-AM/surrogate_model_v3/runs/range_100-200_perturb0.2_bootstrap0.5/traj_002/layer_09_LP400W.png
[evaluate] Saved → /nfs/turbo/coe-sunwbgt/xysong/Offline-RL-Controller-in-AM/surrogate_model_v3/runs/range_100-200_perturb0.2_bootstrap0.5/traj_002/layer_10_LP340W.png
[evaluate] Saved → /nfs/turbo/coe-sunwbgt/xysong/Offline-RL-Controller-in-AM/surrogate_model_v3/runs/range_100-200_perturb0.2_bootstrap0.5/traj_002/layer_11_LP320W.png
[evaluate] Saved → /nfs/turbo/coe-sunwbgt/xysong/Offline-RL-Controller-in-AM/surrogate_model_v3/runs/range_100-200_perturb0.2_bootstrap0.5/traj_002/layer_12_LP230W.png

[evaluate] Complete. All outputs in: /nfs/turbo/coe-sunwbgt/xysong/Offline-RL-Controller-in-AM/surrogate_model_v3/runs/range_100-200_perturb0.2_bootstrap0.5
=== [2/7] OOD stress test — uncertainty vs. action (evaluate_ood.py) ===
[evaluate_ood] Output dir : /nfs/turbo/coe-sunwbgt/xysong/Offline-RL-Controller-in-AM/surrogate_model_v3/runs/range_100-200_perturb0.2_bootstrap0.5
[evaluate_ood] Device     : cuda
[evaluate_ood] TwoStageSurrogate(state=1053, lp_dim=1, cool_dim=1, K=5, n_layers=12, embed=8, rank=0 | heat×5=2,554,020  cool×5=2,554,020 | total=5,108,040)
[dataset] Loaded 5000 trajectories × 12 layers from DatasetV2_layer_12_samples_5000.pkl
[evaluate_ood] Wide dataset laser-power range: [100.0, 400.0] W  (checkpoint trained on [100.0, 200.0] W)
[dataset] Bootstrap masks: (60000, 5), resample_frac=1.0, ~36.8% of (sample, member) pairs unseen (expected ≈ 36.8%)
[TwoStageSurrogateDataset] 60,000 transitions, state_dim=1053, layers 0–11, bootstrap K=5 (transition-level resampling)
[evaluate_ood] Running forward pass over all transitions (heating stage) ...

[evaluate_ood] ══════════════════════════════════════════════════════════════════════════════════════════
[evaluate_ood] SUMMARY  (n, mean epistemic σ, mean aleatoric σ, RMSE, corr(epistemic σ, per-sample squared error))
[evaluate_ood] ══════════════════════════════════════════════════════════════════════════════════════════
  ID           n= 21225  epist σ=0.02110  aleat σ=0.19893  RMSE=   7.20 K  corr(epi,err) pearson=0.704 spearman=0.847
  OOD          n= 38775  epist σ=0.04266  aleat σ=0.19421  RMSE= 120.26 K  corr(epi,err) pearson=0.597 spearman=0.766
  ALL          n= 60000  epist σ=0.03503  aleat σ=0.19588  RMSE=  96.77 K  corr(epi,err) pearson=0.680 spearman=0.880
[evaluate_ood] ══════════════════════════════════════════════════════════════════════════════════════════

     Power bin [W]        n     Epist σ     Aleat σ    RMSE [K]
    100.0-  125.0     5942     0.02337     0.19839        8.39
    125.0-  150.0     3803     0.02065     0.19927        6.64
    150.0-  175.0     5694     0.01972     0.19934        6.26
    175.0-  200.0     3853     0.01990     0.19903        6.63
    200.0-  225.0     5813     0.02275     0.19805       11.72
    225.0-  250.0     3925     0.02737     0.19685       25.49
    250.0-  275.0     5813     0.03292     0.19575       47.57
    275.0-  300.0     3940     0.03883     0.19458       72.27
    300.0-  325.0     5749     0.04455     0.19372      101.99
    325.0-  350.0     3942     0.05003     0.19298      131.99
    350.0-  375.0     5800     0.05436     0.19225      164.64
    375.0-  400.0     5726     0.05988     0.19143      203.92
[evaluate_ood] Saved → /nfs/turbo/coe-sunwbgt/xysong/Offline-RL-Controller-in-AM/surrogate_model_v3/runs/range_100-200_perturb0.2_bootstrap0.5/ood_uncertainty_vs_action.png
[evaluate_ood] Saved → /nfs/turbo/coe-sunwbgt/xysong/Offline-RL-Controller-in-AM/surrogate_model_v3/runs/range_100-200_perturb0.2_bootstrap0.5/ood_epistemic_vs_error.png

[evaluate_ood] Running forward pass over all transitions (combined heat+cool, propagate_uncertainty=False) ...

[evaluate_ood] ══════════════════════════════════════════════════════════════════════════════════════════
[evaluate_ood] SUMMARY — COMBINED (post-cooling)
[evaluate_ood] ══════════════════════════════════════════════════════════════════════════════════════════
  ID           n= 21225  epist σ=0.03257  aleat σ=0.35352  RMSE=  11.41 K  corr(epi,err) pearson=0.546 spearman=0.529
  OOD          n= 38775  epist σ=0.05269  aleat σ=0.34377  RMSE=  59.42 K  corr(epi,err) pearson=0.552 spearman=0.805
  ALL          n= 60000  epist σ=0.04557  aleat σ=0.34722  RMSE=  48.25 K  corr(epi,err) pearson=0.629 spearman=0.885
[evaluate_ood] ══════════════════════════════════════════════════════════════════════════════════════════

     Power bin [W]        n     Epist σ     Aleat σ    RMSE [K]
    100.0-  125.0     5942     0.03490     0.35504       12.67
    125.0-  150.0     3803     0.03185     0.35521       11.10
    150.0-  175.0     5694     0.03103     0.35361       10.58
    175.0-  200.0     3853     0.03164     0.35126       10.88
    200.0-  225.0     5813     0.03447     0.34887       12.15
    225.0-  250.0     3925     0.03865     0.34688       16.11
    250.0-  275.0     5813     0.04362     0.34537       24.87
    275.0-  300.0     3940     0.04909     0.34401       35.93
    300.0-  325.0     5749     0.05438     0.34303       50.17
    325.0-  350.0     3942     0.05945     0.34227       64.90
    350.0-  375.0     5800     0.06348     0.34152       80.98
    375.0-  400.0     5726     0.06866     0.34073      100.20
[evaluate_ood] Saved → /nfs/turbo/coe-sunwbgt/xysong/Offline-RL-Controller-in-AM/surrogate_model_v3/runs/range_100-200_perturb0.2_bootstrap0.5/ood_uncertainty_vs_action_combined.png
[evaluate_ood] Saved → /nfs/turbo/coe-sunwbgt/xysong/Offline-RL-Controller-in-AM/surrogate_model_v3/runs/range_100-200_perturb0.2_bootstrap0.5/ood_epistemic_vs_error_combined.png

[evaluate_ood] Complete. All outputs in: /nfs/turbo/coe-sunwbgt/xysong/Offline-RL-Controller-in-AM/surrogate_model_v3/runs/range_100-200_perturb0.2_bootstrap0.5
=== [3/7] Calibrating UCPG's delta (J_min / J_rand, u=epistemic, alpha=0.4) ===
[TwoStageLatentLPBFEnv] Mesh loaded: 1053 nodes  X∈[0.00, 12.00]  Y∈[0.00, 3.00]
=================================================================
[calibrate_delta] UCPG v2 — delta calibration from J_min / J_rand
[calibrate_delta] Surrogate   : surrogate_model_v3/runs/range_100-200_perturb0.2_bootstrap0.5/surrogate_best.pt
[calibrate_delta] Uncertainty : epistemic (info['epistemic_std'])  gamma_u=0.99
=================================================================
 Power [W]     J_u mean    J_u std     return
     100.0     0.495611   0.022003    -9.7079
     110.0     0.477686   0.022939    -8.5477
     120.0     0.460606   0.025301    -7.3683
     130.0     0.443432   0.026952    -6.2404
     140.0     0.422953   0.024926    -5.2416
     150.0     0.399838   0.025249    -4.4344
     160.0     0.379957   0.027354    -3.9043
     170.0     0.365749   0.028578    -3.6828
     180.0     0.356443   0.028486    -3.7506
     190.0     0.351145   0.026455    -4.0383
     200.0     0.350940   0.023061    -4.4636
     210.0     0.357288   0.018711    -4.9692
     220.0     0.370147   0.014176    -5.5148
     230.0     0.388287   0.010526    -6.0721
     240.0     0.410384   0.008326    -6.6227
     250.0     0.435189   0.007497    -7.1572
     260.0     0.461682   0.007701    -7.6731
     270.0     0.489106   0.008479    -8.1676
     280.0     0.516893   0.009443    -8.6397
     290.0     0.544617   0.010376    -9.0903
     300.0     0.571976   0.011198    -9.5199
     310.0     0.598777   0.011899    -9.9316
     320.0     0.624909   0.012502   -10.3271
     330.0     0.650322   0.013037   -10.7085
     340.0     0.675004   0.013528   -11.0788
     350.0     0.698964   0.013987   -11.4379
     360.0     0.722225   0.014421   -11.7861
     370.0     0.744815   0.014829   -12.1241
     380.0     0.766765   0.015210   -12.4530
     390.0     0.788107   0.015562   -12.7742
     400.0     0.808872   0.015884   -13.0885
-----------------------------------------------------------------
[calibrate_delta] J_min  = 0.350940  (constant 200 W)
[calibrate_delta] J_rand = 0.512467  ± 0.006468 (s.e.)
[calibrate_delta] (J_rand - J_min) / J_rand = 31.5%  — the share of J_u a policy can actually influence
[calibrate_delta] delta  = J_min + 0.4 * (J_rand - J_min) = 0.415550
[calibrate_delta] Saved → online_RL_ucpg_v2/runs/range_100-200_perturb0.2_bootstrap0.5_delta_calib_epistemic/delta_calibration.json
[calibrate_delta] Saved → online_RL_ucpg_v2/runs/range_100-200_perturb0.2_bootstrap0.5_delta_calib_epistemic/delta_calibration.png
DELTA=0.41555
Calibration: delta=0.41555  (details: online_RL_ucpg_v2/runs/range_100-200_perturb0.2_bootstrap0.5_delta_calib_epistemic/delta_calibration.json / .png)
=== [4/7] Naive PG (no uncertainty) ===
=================================================================
[naive_pg] Baseline 0 — naive (unconstrained) policy gradient
[naive_pg] Output dir : baselines/naive_pg/runs/range_100-200_perturb0.2_bootstrap0.5
[naive_pg] Device     : cuda
=================================================================
[TwoStageLatentLPBFEnv] Mesh loaded: 1053 nodes  X∈[0.00, 12.00]  Y∈[0.00, 3.00]
[naive_pg] UCPGAgentV2(ContinuousLatentPolicyNet(latent_dim=1053, action_range=[100, 400]W, hidden=128, depth=3, n_layers=12, layer_embed_dim=8, params=237,167)  lambda=0.00000)
Iter     1/2000 | return -7.9347 (avg1 -7.9347) | loss -308.8604 | entropy 5.286 | OOD-action  85.2% | 5s
[agent] Checkpoint saved → baselines/naive_pg/runs/range_100-200_perturb0.2_bootstrap0.5/naive_pg_best.pt
[agent] Checkpoint saved → baselines/naive_pg/runs/range_100-200_perturb0.2_bootstrap0.5/naive_pg_best.pt
[agent] Checkpoint saved → baselines/naive_pg/runs/range_100-200_perturb0.2_bootstrap0.5/naive_pg_best.pt
[agent] Checkpoint saved → baselines/naive_pg/runs/range_100-200_perturb0.2_bootstrap0.5/naive_pg_best.pt
[agent] Checkpoint saved → baselines/naive_pg/runs/range_100-200_perturb0.2_bootstrap0.5/naive_pg_best.pt
[agent] Checkpoint saved → baselines/naive_pg/runs/range_100-200_perturb0.2_bootstrap0.5/naive_pg_best.pt
[agent] Checkpoint saved → baselines/naive_pg/runs/range_100-200_perturb0.2_bootstrap0.5/naive_pg_best.pt
[agent] Checkpoint saved → baselines/naive_pg/runs/range_100-200_perturb0.2_bootstrap0.5/naive_pg_best.pt
[agent] Checkpoint saved → baselines/naive_pg/runs/range_100-200_perturb0.2_bootstrap0.5/naive_pg_best.pt
[agent] Checkpoint saved → baselines/naive_pg/runs/range_100-200_perturb0.2_bootstrap0.5/naive_pg_best.pt
[agent] Checkpoint saved → baselines/naive_pg/runs/range_100-200_perturb0.2_bootstrap0.5/naive_pg_best.pt
[agent] Checkpoint saved → baselines/naive_pg/runs/range_100-200_perturb0.2_bootstrap0.5/naive_pg_best.pt
Iter    20/2000 | return -3.5571 (avg20 -4.7644) | loss -99.2304 | entropy 5.286 | OOD-action  52.3% | 85s
[agent] Checkpoint saved → baselines/naive_pg/runs/range_100-200_perturb0.2_bootstrap0.5/naive_pg_best.pt
[agent] Checkpoint saved → baselines/naive_pg/runs/range_100-200_perturb0.2_bootstrap0.5/naive_pg_best.pt
[agent] Checkpoint saved → baselines/naive_pg/runs/range_100-200_perturb0.2_bootstrap0.5/naive_pg_best.pt
Iter    40/2000 | return -3.4677 (avg20 -3.3779) | loss -94.7877 | entropy 5.284 | OOD-action  58.1% | 169s
[agent] Checkpoint saved → baselines/naive_pg/runs/range_100-200_perturb0.2_bootstrap0.5/naive_pg_best.pt
Iter    60/2000 | return -3.2113 (avg20 -3.2831) | loss -88.2190 | entropy 5.283 | OOD-action  51.3% | 253s
Iter    80/2000 | return -3.4294 (avg20 -3.9794) | loss -93.0142 | entropy 5.281 | OOD-action  56.2% | 337s
Iter   100/2000 | return -3.3207 (avg20 -3.4429) | loss -80.0149 | entropy 5.277 | OOD-action  48.7% | 421s
Iter   120/2000 | return -3.1732 (avg20 -3.2579) | loss -86.7534 | entropy 5.275 | OOD-action  53.1% | 505s
Iter   140/2000 | return -3.1814 (avg20 -3.2285) | loss -82.6658 | entropy 5.273 | OOD-action  59.9% | 589s
Iter   160/2000 | return -3.2664 (avg20 -3.2337) | loss -84.8865 | entropy 5.270 | OOD-action  56.0% | 673s
[agent] Checkpoint saved → baselines/naive_pg/runs/range_100-200_perturb0.2_bootstrap0.5/naive_pg_best.pt
Iter   180/2000 | return -3.1233 (avg20 -3.1400) | loss -81.4364 | entropy 5.268 | OOD-action  53.9% | 756s
[agent] Checkpoint saved → baselines/naive_pg/runs/range_100-200_perturb0.2_bootstrap0.5/naive_pg_best.pt
Iter   200/2000 | return -3.0538 (avg20 -3.0523) | loss -81.9312 | entropy 5.266 | OOD-action  56.0% | 840s
[agent] Checkpoint saved → baselines/naive_pg/runs/range_100-200_perturb0.2_bootstrap0.5/naive_pg_iter00200.pt
[train] Plot saved → baselines/naive_pg/runs/range_100-200_perturb0.2_bootstrap0.5/return.png
[train] Plot saved → baselines/naive_pg/runs/range_100-200_perturb0.2_bootstrap0.5/loss.png
[train] Plot saved → baselines/naive_pg/runs/range_100-200_perturb0.2_bootstrap0.5/entropy.png
[train] Plot saved → baselines/naive_pg/runs/range_100-200_perturb0.2_bootstrap0.5/ood_action_fraction.png
[agent] Checkpoint saved → baselines/naive_pg/runs/range_100-200_perturb0.2_bootstrap0.5/naive_pg_best.pt
[agent] Checkpoint saved → baselines/naive_pg/runs/range_100-200_perturb0.2_bootstrap0.5/naive_pg_best.pt
[agent] Checkpoint saved → baselines/naive_pg/runs/range_100-200_perturb0.2_bootstrap0.5/naive_pg_best.pt
Iter   220/2000 | return -2.9976 (avg20 -2.9675) | loss -78.7830 | entropy 5.265 | OOD-action  54.2% | 926s
Iter   240/2000 | return -3.3295 (avg20 -3.2959) | loss -90.3452 | entropy 5.265 | OOD-action  49.5% | 1010s
Iter   260/2000 | return -2.9912 (avg20 -3.1281) | loss -79.0087 | entropy 5.264 | OOD-action  57.3% | 1095s
Iter   280/2000 | return -2.9853 (avg20 -3.0035) | loss -80.1327 | entropy 5.262 | OOD-action  56.5% | 1179s
Iter   300/2000 | return -2.8917 (avg20 -2.9573) | loss -72.9005 | entropy 5.260 | OOD-action  45.3% | 1263s
Iter   320/2000 | return -3.0323 (avg20 -2.9831) | loss -80.7944 | entropy 5.257 | OOD-action  62.2% | 1348s
Iter   340/2000 | return -2.9142 (avg20 -2.9993) | loss -76.5566 | entropy 5.255 | OOD-action  56.8% | 1432s
Iter   360/2000 | return -3.0715 (avg20 -2.9393) | loss -83.4155 | entropy 5.253 | OOD-action  48.4% | 1517s
Iter   380/2000 | return -2.9154 (avg20 -3.0787) | loss -73.9258 | entropy 5.250 | OOD-action  57.8% | 1601s
Iter   400/2000 | return -3.6012 (avg20 -3.0134) | loss -88.2642 | entropy 5.249 | OOD-action  39.1% | 1685s
[agent] Checkpoint saved → baselines/naive_pg/runs/range_100-200_perturb0.2_bootstrap0.5/naive_pg_iter00400.pt
[train] Plot saved → baselines/naive_pg/runs/range_100-200_perturb0.2_bootstrap0.5/return.png
[train] Plot saved → baselines/naive_pg/runs/range_100-200_perturb0.2_bootstrap0.5/loss.png
[train] Plot saved → baselines/naive_pg/runs/range_100-200_perturb0.2_bootstrap0.5/entropy.png
[train] Plot saved → baselines/naive_pg/runs/range_100-200_perturb0.2_bootstrap0.5/ood_action_fraction.png
Iter   420/2000 | return -2.8373 (avg20 -3.1112) | loss -72.4346 | entropy 5.248 | OOD-action  54.2% | 1771s
Iter   440/2000 | return -2.9621 (avg20 -2.9341) | loss -78.2037 | entropy 5.247 | OOD-action  48.7% | 1855s
Iter   460/2000 | return -2.9489 (avg20 -2.9466) | loss -76.1928 | entropy 5.245 | OOD-action  52.9% | 1939s
Iter   480/2000 | return -2.9281 (avg20 -2.9261) | loss -76.8298 | entropy 5.242 | OOD-action  51.8% | 2024s
Iter   500/2000 | return -2.9847 (avg20 -2.8735) | loss -81.1188 | entropy 5.241 | OOD-action  55.5% | 2108s
Iter   520/2000 | return -2.9154 (avg20 -2.9709) | loss -73.3369 | entropy 5.240 | OOD-action  55.7% | 2193s
Iter   540/2000 | return -3.1772 (avg20 -3.0098) | loss -80.2704 | entropy 5.238 | OOD-action  41.1% | 2277s
[agent] Checkpoint saved → baselines/naive_pg/runs/range_100-200_perturb0.2_bootstrap0.5/naive_pg_best.pt
Iter   560/2000 | return -2.8185 (avg20 -2.9028) | loss -73.7084 | entropy 5.236 | OOD-action  46.1% | 2361s
Iter   580/2000 | return -3.0363 (avg20 -3.1440) | loss -79.1573 | entropy 5.234 | OOD-action  52.6% | 2445s
Iter   600/2000 | return -3.2490 (avg20 -3.0558) | loss -88.2332 | entropy 5.232 | OOD-action  67.2% | 2530s
[agent] Checkpoint saved → baselines/naive_pg/runs/range_100-200_perturb0.2_bootstrap0.5/naive_pg_iter00600.pt
[train] Plot saved → baselines/naive_pg/runs/range_100-200_perturb0.2_bootstrap0.5/return.png
[train] Plot saved → baselines/naive_pg/runs/range_100-200_perturb0.2_bootstrap0.5/loss.png
[train] Plot saved → baselines/naive_pg/runs/range_100-200_perturb0.2_bootstrap0.5/entropy.png
[train] Plot saved → baselines/naive_pg/runs/range_100-200_perturb0.2_bootstrap0.5/ood_action_fraction.png
Iter   620/2000 | return -3.0893 (avg20 -3.0054) | loss -86.5911 | entropy 5.230 | OOD-action  51.0% | 2615s
[agent] Checkpoint saved → baselines/naive_pg/runs/range_100-200_perturb0.2_bootstrap0.5/naive_pg_best.pt
Iter   640/2000 | return -2.9189 (avg20 -2.9000) | loss -74.1269 | entropy 5.229 | OOD-action  58.6% | 2700s
Iter   660/2000 | return -3.0177 (avg20 -3.0591) | loss -81.9134 | entropy 5.228 | OOD-action  50.8% | 2784s
Iter   680/2000 | return -3.0333 (avg20 -2.9917) | loss -79.4289 | entropy 5.226 | OOD-action  58.1% | 2868s
Iter   700/2000 | return -2.9042 (avg20 -2.9581) | loss -75.4529 | entropy 5.224 | OOD-action  54.9% | 2952s
Iter   720/2000 | return -2.8208 (avg20 -2.8987) | loss -72.2804 | entropy 5.221 | OOD-action  51.0% | 3037s
Iter   740/2000 | return -2.9164 (avg20 -2.9376) | loss -76.7526 | entropy 5.218 | OOD-action  50.3% | 3121s
[agent] Checkpoint saved → baselines/naive_pg/runs/range_100-200_perturb0.2_bootstrap0.5/naive_pg_best.pt
Iter   760/2000 | return -3.0237 (avg20 -2.8597) | loss -80.3324 | entropy 5.217 | OOD-action  40.6% | 3206s
Iter   780/2000 | return -2.8511 (avg20 -2.8705) | loss -75.0925 | entropy 5.214 | OOD-action  55.7% | 3291s
Iter   800/2000 | return -2.8864 (avg20 -2.8495) | loss -76.8262 | entropy 5.212 | OOD-action  55.7% | 3376s
[agent] Checkpoint saved → baselines/naive_pg/runs/range_100-200_perturb0.2_bootstrap0.5/naive_pg_iter00800.pt
[train] Plot saved → baselines/naive_pg/runs/range_100-200_perturb0.2_bootstrap0.5/return.png
[train] Plot saved → baselines/naive_pg/runs/range_100-200_perturb0.2_bootstrap0.5/loss.png
[train] Plot saved → baselines/naive_pg/runs/range_100-200_perturb0.2_bootstrap0.5/entropy.png
[train] Plot saved → baselines/naive_pg/runs/range_100-200_perturb0.2_bootstrap0.5/ood_action_fraction.png
Iter   820/2000 | return -2.8818 (avg20 -2.9154) | loss -78.5177 | entropy 5.209 | OOD-action  48.2% | 3461s
Iter   840/2000 | return -2.8144 (avg20 -2.9576) | loss -73.9507 | entropy 5.207 | OOD-action  52.9% | 3546s
Iter   860/2000 | return -3.0229 (avg20 -3.0618) | loss -75.8768 | entropy 5.205 | OOD-action  60.2% | 3631s
Iter   880/2000 | return -2.8832 (avg20 -2.9043) | loss -72.5056 | entropy 5.203 | OOD-action  56.5% | 3715s
Iter   900/2000 | return -2.9358 (avg20 -2.9797) | loss -76.8269 | entropy 5.202 | OOD-action  50.3% | 3800s
Iter   920/2000 | return -2.9225 (avg20 -2.8958) | loss -78.3416 | entropy 5.200 | OOD-action  48.4% | 3884s
Iter   940/2000 | return -2.7470 (avg20 -2.8261) | loss -69.8934 | entropy 5.198 | OOD-action  49.5% | 3969s
Iter   960/2000 | return -2.8925 (avg20 -2.8334) | loss -75.4860 | entropy 5.195 | OOD-action  54.2% | 4053s
Iter   980/2000 | return -2.7996 (avg20 -2.8802) | loss -71.5591 | entropy 5.193 | OOD-action  52.3% | 4138s
Iter  1000/2000 | return -2.8695 (avg20 -2.8368) | loss -74.9459 | entropy 5.191 | OOD-action  49.2% | 4223s
[agent] Checkpoint saved → baselines/naive_pg/runs/range_100-200_perturb0.2_bootstrap0.5/naive_pg_iter01000.pt
[train] Plot saved → baselines/naive_pg/runs/range_100-200_perturb0.2_bootstrap0.5/return.png
[train] Plot saved → baselines/naive_pg/runs/range_100-200_perturb0.2_bootstrap0.5/loss.png
[train] Plot saved → baselines/naive_pg/runs/range_100-200_perturb0.2_bootstrap0.5/entropy.png
[train] Plot saved → baselines/naive_pg/runs/range_100-200_perturb0.2_bootstrap0.5/ood_action_fraction.png
Iter  1020/2000 | return -2.8053 (avg20 -2.8221) | loss -71.9181 | entropy 5.190 | OOD-action  49.5% | 4308s
Iter  1040/2000 | return -2.8652 (avg20 -2.8716) | loss -71.7146 | entropy 5.188 | OOD-action  54.7% | 4393s
Iter  1060/2000 | return -2.9039 (avg20 -2.9696) | loss -74.6119 | entropy 5.186 | OOD-action  54.7% | 4479s
Iter  1080/2000 | return -2.7862 (avg20 -2.8467) | loss -69.6260 | entropy 5.185 | OOD-action  55.2% | 4564s
[agent] Checkpoint saved → baselines/naive_pg/runs/range_100-200_perturb0.2_bootstrap0.5/naive_pg_best.pt
Iter  1100/2000 | return -2.8705 (avg20 -2.8468) | loss -74.4769 | entropy 5.183 | OOD-action  44.0% | 4649s
Iter  1120/2000 | return -2.7898 (avg20 -2.8902) | loss -72.5030 | entropy 5.180 | OOD-action  44.8% | 4734s
Iter  1140/2000 | return -2.8382 (avg20 -2.8165) | loss -72.5455 | entropy 5.179 | OOD-action  53.4% | 4819s
[agent] Checkpoint saved → baselines/naive_pg/runs/range_100-200_perturb0.2_bootstrap0.5/naive_pg_best.pt
Iter  1160/2000 | return -2.7357 (avg20 -2.7924) | loss -69.4424 | entropy 5.176 | OOD-action  46.4% | 4904s
Iter  1180/2000 | return -3.0225 (avg20 -2.9757) | loss -80.5707 | entropy 5.174 | OOD-action  43.2% | 4988s
Iter  1200/2000 | return -2.7261 (avg20 -2.8713) | loss -70.3737 | entropy 5.173 | OOD-action  50.0% | 5073s
[agent] Checkpoint saved → baselines/naive_pg/runs/range_100-200_perturb0.2_bootstrap0.5/naive_pg_iter01200.pt
[train] Plot saved → baselines/naive_pg/runs/range_100-200_perturb0.2_bootstrap0.5/return.png
[train] Plot saved → baselines/naive_pg/runs/range_100-200_perturb0.2_bootstrap0.5/loss.png
[train] Plot saved → baselines/naive_pg/runs/range_100-200_perturb0.2_bootstrap0.5/entropy.png
[train] Plot saved → baselines/naive_pg/runs/range_100-200_perturb0.2_bootstrap0.5/ood_action_fraction.png
[agent] Checkpoint saved → baselines/naive_pg/runs/range_100-200_perturb0.2_bootstrap0.5/naive_pg_best.pt
Iter  1220/2000 | return -2.8188 (avg20 -2.7886) | loss -70.8239 | entropy 5.171 | OOD-action  52.9% | 5159s
Iter  1240/2000 | return -2.8812 (avg20 -2.8596) | loss -71.9600 | entropy 5.170 | OOD-action  52.1% | 5244s
Iter  1260/2000 | return -2.7815 (avg20 -2.8356) | loss -72.0770 | entropy 5.169 | OOD-action  49.5% | 5329s
Iter  1280/2000 | return -2.8665 (avg20 -2.7910) | loss -74.1840 | entropy 5.166 | OOD-action  40.6% | 5414s
Iter  1300/2000 | return -2.8958 (avg20 -3.1223) | loss -74.3618 | entropy 5.164 | OOD-action  54.9% | 5499s
Iter  1320/2000 | return -2.8241 (avg20 -2.8640) | loss -71.6631 | entropy 5.162 | OOD-action  56.0% | 5584s
Iter  1340/2000 | return -2.7220 (avg20 -2.8098) | loss -69.7407 | entropy 5.161 | OOD-action  49.2% | 5669s
Iter  1360/2000 | return -2.7142 (avg20 -2.8027) | loss -69.8222 | entropy 5.159 | OOD-action  48.7% | 5754s
Iter  1380/2000 | return -2.8115 (avg20 -2.7833) | loss -72.5478 | entropy 5.158 | OOD-action  54.9% | 5839s
Iter  1400/2000 | return -2.7649 (avg20 -2.7830) | loss -71.5833 | entropy 5.155 | OOD-action  44.8% | 5924s
[agent] Checkpoint saved → baselines/naive_pg/runs/range_100-200_perturb0.2_bootstrap0.5/naive_pg_iter01400.pt
[train] Plot saved → baselines/naive_pg/runs/range_100-200_perturb0.2_bootstrap0.5/return.png
[train] Plot saved → baselines/naive_pg/runs/range_100-200_perturb0.2_bootstrap0.5/loss.png
[train] Plot saved → baselines/naive_pg/runs/range_100-200_perturb0.2_bootstrap0.5/entropy.png
[train] Plot saved → baselines/naive_pg/runs/range_100-200_perturb0.2_bootstrap0.5/ood_action_fraction.png
[agent] Checkpoint saved → baselines/naive_pg/runs/range_100-200_perturb0.2_bootstrap0.5/naive_pg_best.pt
Iter  1420/2000 | return -2.6163 (avg20 -2.7546) | loss -63.7409 | entropy 5.153 | OOD-action  48.4% | 6010s
[agent] Checkpoint saved → baselines/naive_pg/runs/range_100-200_perturb0.2_bootstrap0.5/naive_pg_best.pt
Iter  1440/2000 | return -3.3085 (avg20 -2.9547) | loss -84.9510 | entropy 5.152 | OOD-action  35.2% | 6095s
Iter  1460/2000 | return -2.6960 (avg20 -2.8481) | loss -66.5661 | entropy 5.151 | OOD-action  50.0% | 6180s
Iter  1480/2000 | return -2.8740 (avg20 -2.9233) | loss -72.4602 | entropy 5.150 | OOD-action  43.2% | 6265s
Iter  1500/2000 | return -2.7010 (avg20 -2.7963) | loss -69.7343 | entropy 5.149 | OOD-action  47.4% | 6350s
Iter  1520/2000 | return -2.7641 (avg20 -2.7895) | loss -71.0958 | entropy 5.148 | OOD-action  45.1% | 6435s
Iter  1540/2000 | return -2.8442 (avg20 -2.7508) | loss -70.9142 | entropy 5.146 | OOD-action  56.2% | 6520s
Iter  1560/2000 | return -2.8017 (avg20 -2.8468) | loss -71.0909 | entropy 5.145 | OOD-action  51.3% | 6605s
[agent] Checkpoint saved → baselines/naive_pg/runs/range_100-200_perturb0.2_bootstrap0.5/naive_pg_best.pt
Iter  1580/2000 | return -2.9099 (avg20 -2.7692) | loss -77.9087 | entropy 5.143 | OOD-action  44.5% | 6690s
Iter  1600/2000 | return -2.9643 (avg20 -2.8084) | loss -74.0438 | entropy 5.142 | OOD-action  58.6% | 6775s
[agent] Checkpoint saved → baselines/naive_pg/runs/range_100-200_perturb0.2_bootstrap0.5/naive_pg_iter01600.pt
[train] Plot saved → baselines/naive_pg/runs/range_100-200_perturb0.2_bootstrap0.5/return.png
[train] Plot saved → baselines/naive_pg/runs/range_100-200_perturb0.2_bootstrap0.5/loss.png
[train] Plot saved → baselines/naive_pg/runs/range_100-200_perturb0.2_bootstrap0.5/entropy.png
[train] Plot saved → baselines/naive_pg/runs/range_100-200_perturb0.2_bootstrap0.5/ood_action_fraction.png
Iter  1620/2000 | return -2.9282 (avg20 -2.9300) | loss -76.1821 | entropy 5.140 | OOD-action  50.0% | 6861s
Iter  1640/2000 | return -2.7492 (avg20 -2.7786) | loss -70.7848 | entropy 5.139 | OOD-action  48.2% | 6945s
Iter  1660/2000 | return -2.9379 (avg20 -2.7435) | loss -73.3288 | entropy 5.138 | OOD-action  38.3% | 7030s
Iter  1680/2000 | return -2.6757 (avg20 -2.9526) | loss -65.8060 | entropy 5.136 | OOD-action  48.4% | 7115s
Iter  1700/2000 | return -2.8041 (avg20 -2.8430) | loss -68.9402 | entropy 5.134 | OOD-action  50.5% | 7200s
Iter  1720/2000 | return -2.7822 (avg20 -2.7939) | loss -71.9301 | entropy 5.133 | OOD-action  49.7% | 7285s
Iter  1740/2000 | return -2.9316 (avg20 -2.8212) | loss -73.4030 | entropy 5.131 | OOD-action  56.8% | 7369s
Iter  1760/2000 | return -2.9129 (avg20 -2.9578) | loss -74.4426 | entropy 5.129 | OOD-action  56.0% | 7454s
Iter  1780/2000 | return -3.1891 (avg20 -2.8778) | loss -84.2093 | entropy 5.125 | OOD-action  40.1% | 7539s
Iter  1800/2000 | return -3.1326 (avg20 -3.2804) | loss -89.9742 | entropy 5.124 | OOD-action  48.2% | 7624s
[agent] Checkpoint saved → baselines/naive_pg/runs/range_100-200_perturb0.2_bootstrap0.5/naive_pg_iter01800.pt
[train] Plot saved → baselines/naive_pg/runs/range_100-200_perturb0.2_bootstrap0.5/return.png
[train] Plot saved → baselines/naive_pg/runs/range_100-200_perturb0.2_bootstrap0.5/loss.png
[train] Plot saved → baselines/naive_pg/runs/range_100-200_perturb0.2_bootstrap0.5/entropy.png
[train] Plot saved → baselines/naive_pg/runs/range_100-200_perturb0.2_bootstrap0.5/ood_action_fraction.png
Iter  1820/2000 | return -2.7740 (avg20 -2.9004) | loss -70.9203 | entropy 5.123 | OOD-action  48.4% | 7710s
Iter  1840/2000 | return -2.7204 (avg20 -2.7480) | loss -69.2294 | entropy 5.120 | OOD-action  44.3% | 7795s
Iter  1860/2000 | return -2.7598 (avg20 -2.7865) | loss -71.5669 | entropy 5.118 | OOD-action  47.1% | 7881s
Iter  1880/2000 | return -2.7964 (avg20 -2.8190) | loss -71.3615 | entropy 5.115 | OOD-action  49.2% | 7966s
Iter  1900/2000 | return -2.7085 (avg20 -2.7298) | loss -67.8820 | entropy 5.113 | OOD-action  51.8% | 8051s
Iter  1920/2000 | return -2.6231 (avg20 -2.7404) | loss -65.0519 | entropy 5.112 | OOD-action  46.1% | 8136s
Iter  1940/2000 | return -2.9195 (avg20 -2.7584) | loss -75.4282 | entropy 5.109 | OOD-action  57.3% | 8221s
Iter  1960/2000 | return -2.7539 (avg20 -2.7934) | loss -71.7427 | entropy 5.107 | OOD-action  50.3% | 8306s
Iter  1980/2000 | return -2.6700 (avg20 -2.7348) | loss -66.6728 | entropy 5.105 | OOD-action  51.3% | 8392s
Iter  2000/2000 | return -2.7167 (avg20 -2.6965) | loss -66.7441 | entropy 5.103 | OOD-action  52.1% | 8477s
[agent] Checkpoint saved → baselines/naive_pg/runs/range_100-200_perturb0.2_bootstrap0.5/naive_pg_iter02000.pt
[train] Plot saved → baselines/naive_pg/runs/range_100-200_perturb0.2_bootstrap0.5/return.png
[train] Plot saved → baselines/naive_pg/runs/range_100-200_perturb0.2_bootstrap0.5/loss.png
[train] Plot saved → baselines/naive_pg/runs/range_100-200_perturb0.2_bootstrap0.5/entropy.png
[train] Plot saved → baselines/naive_pg/runs/range_100-200_perturb0.2_bootstrap0.5/ood_action_fraction.png
[agent] Checkpoint saved → baselines/naive_pg/runs/range_100-200_perturb0.2_bootstrap0.5/naive_pg_final.pt
[train] Plot saved → baselines/naive_pg/runs/range_100-200_perturb0.2_bootstrap0.5/return.png
[train] Plot saved → baselines/naive_pg/runs/range_100-200_perturb0.2_bootstrap0.5/ood_action_fraction.png

[naive_pg] Done. Best return: -2.5908
[naive_pg] Best checkpoint: baselines/naive_pg/runs/range_100-200_perturb0.2_bootstrap0.5/naive_pg_best.pt
=== [5/7] UCPG v2 (relative, u=epistemic, delta=0.41555) ===
=================================================================
[train] Uncertainty-Constrained Policy Gradient v2 — LPBF Controller
[train] (continuous action, two-stage heating/cooling surrogate)
[train] Output dir : online_RL_ucpg_v2/runs/range_100-200_perturb0.2_bootstrap0.5_relative_epistemic
[train] Device     : cuda
[train] delta (uncertainty budget) : 0.41555
[train] RELATIVE uncertainty constraint: G_u/delta in the advantage, dual step on (J_u_hat/delta - 1)
[train] Uncertainty signal u_t : epistemic (env info['epistemic_std'])
=================================================================

[train] Loading surrogate: surrogate_model_v3/runs/range_100-200_perturb0.2_bootstrap0.5/surrogate_best.pt
[train] Surrogate   : TwoStageSurrogate(state=1053, lp_dim=1, cool_dim=1, K=5, n_layers=12, embed=8, rank=0 | heat×5=2,554,020  cool×5=2,554,020 | total=5,108,040)
[TwoStageLatentLPBFEnv] Mesh loaded: 1053 nodes  X∈[0.00, 12.00]  Y∈[0.00, 3.00]
[train] Action aim range : [100, 400] W  (continuous, unclipped)
[train] cool_time range  : [0.050, 0.150] s  (drawn once/episode)
[train] obs_dim     : 1055  (latent_dim=1053 + layer token + cool_time token)
[train] UCPGAgentV2(ContinuousLatentPolicyNet(latent_dim=1053, action_range=[100, 400]W, hidden=128, depth=3, n_layers=12, layer_embed_dim=8, params=237,167)  lambda=0.00000)

[train] Starting 2000 iterations (N=32 trajectories/iter, T=12 steps/traj)
[train] gamma_r=0.99  gamma_u=0.99  lr_theta=0.0003  lr_lambda=0.01
-----------------------------------------------------------------
Iter     1/2000 | return -7.9347 (avg1 -7.9347) | J_u 0.46485 (δ=0.41555) | λ 0.00119 | loss -308.8604 | entropy 5.286 | action 251.3±47.1W | OOD-action  85.2% | 6s
[agent] Checkpoint saved → online_RL_ucpg_v2/runs/range_100-200_perturb0.2_bootstrap0.5_relative_epistemic/ucpg_best.pt
[agent] Checkpoint saved → online_RL_ucpg_v2/runs/range_100-200_perturb0.2_bootstrap0.5_relative_epistemic/ucpg_best.pt
[agent] Checkpoint saved → online_RL_ucpg_v2/runs/range_100-200_perturb0.2_bootstrap0.5_relative_epistemic/ucpg_best.pt
[agent] Checkpoint saved → online_RL_ucpg_v2/runs/range_100-200_perturb0.2_bootstrap0.5_relative_epistemic/ucpg_best.pt
[agent] Checkpoint saved → online_RL_ucpg_v2/runs/range_100-200_perturb0.2_bootstrap0.5_relative_epistemic/ucpg_best.pt
[agent] Checkpoint saved → online_RL_ucpg_v2/runs/range_100-200_perturb0.2_bootstrap0.5_relative_epistemic/ucpg_best.pt
[agent] Checkpoint saved → online_RL_ucpg_v2/runs/range_100-200_perturb0.2_bootstrap0.5_relative_epistemic/ucpg_best.pt
[agent] Checkpoint saved → online_RL_ucpg_v2/runs/range_100-200_perturb0.2_bootstrap0.5_relative_epistemic/ucpg_best.pt
[agent] Checkpoint saved → online_RL_ucpg_v2/runs/range_100-200_perturb0.2_bootstrap0.5_relative_epistemic/ucpg_best.pt
[agent] Checkpoint saved → online_RL_ucpg_v2/runs/range_100-200_perturb0.2_bootstrap0.5_relative_epistemic/ucpg_best.pt
[agent] Checkpoint saved → online_RL_ucpg_v2/runs/range_100-200_perturb0.2_bootstrap0.5_relative_epistemic/ucpg_best.pt
[agent] Checkpoint saved → online_RL_ucpg_v2/runs/range_100-200_perturb0.2_bootstrap0.5_relative_epistemic/ucpg_best.pt
Iter    20/2000 | return -3.5572 (avg20 -4.7645) | J_u 0.41723 (δ=0.41555) | λ 0.00206 | loss -99.3101 | entropy 5.286 | action 194.2±64.8W | OOD-action  52.3% | 92s
[agent] Checkpoint saved → online_RL_ucpg_v2/runs/range_100-200_perturb0.2_bootstrap0.5_relative_epistemic/ucpg_best.pt
[agent] Checkpoint saved → online_RL_ucpg_v2/runs/range_100-200_perturb0.2_bootstrap0.5_relative_epistemic/ucpg_best.pt
[agent] Checkpoint saved → online_RL_ucpg_v2/runs/range_100-200_perturb0.2_bootstrap0.5_relative_epistemic/ucpg_best.pt
Iter    40/2000 | return -3.4679 (avg20 -3.3781) | J_u 0.47109 (δ=0.41555) | λ 0.01004 | loss -95.1485 | entropy 5.284 | action 198.0±88.1W | OOD-action  58.1% | 178s
[agent] Checkpoint saved → online_RL_ucpg_v2/runs/range_100-200_perturb0.2_bootstrap0.5_relative_epistemic/ucpg_best.pt
Iter    60/2000 | return -3.2199 (avg20 -3.2842) | J_u 0.45620 (δ=0.41555) | λ 0.04138 | loss -90.1186 | entropy 5.283 | action 194.6±79.7W | OOD-action  51.0% | 263s
Iter    80/2000 | return -3.4294 (avg20 -4.0093) | J_u 0.45385 (δ=0.41555) | λ 0.05446 | loss -94.9659 | entropy 5.281 | action 179.1±70.9W | OOD-action  54.7% | 349s
Iter   100/2000 | return -3.3399 (avg20 -3.4595) | J_u 0.41652 (δ=0.41555) | λ 0.06047 | loss -82.6070 | entropy 5.277 | action 178.7±60.6W | OOD-action  49.2% | 435s
Iter   120/2000 | return -3.1870 (avg20 -3.2759) | J_u 0.43950 (δ=0.41555) | λ 0.07002 | loss -89.8810 | entropy 5.275 | action 189.8±68.9W | OOD-action  52.3% | 521s
Iter   140/2000 | return -3.1603 (avg20 -3.2120) | J_u 0.46289 (δ=0.41555) | λ 0.09688 | loss -85.9247 | entropy 5.273 | action 202.0±81.0W | OOD-action  59.9% | 606s
Iter   160/2000 | return -3.2803 (avg20 -3.1678) | J_u 0.43522 (δ=0.41555) | λ 0.11108 | loss -89.5442 | entropy 5.270 | action 172.1±61.9W | OOD-action  50.5% | 692s
Iter   180/2000 | return -3.1570 (avg20 -3.1562) | J_u 0.45196 (δ=0.41555) | λ 0.12013 | loss -87.8540 | entropy 5.268 | action 184.0±74.6W | OOD-action  55.5% | 778s
[agent] Checkpoint saved → online_RL_ucpg_v2/runs/range_100-200_perturb0.2_bootstrap0.5_relative_epistemic/ucpg_best.pt
Iter   200/2000 | return -3.0682 (avg20 -3.0932) | J_u 0.46757 (δ=0.41555) | λ 0.14065 | loss -87.3869 | entropy 5.267 | action 191.7±81.1W | OOD-action  58.3% | 863s
[agent] Checkpoint saved → online_RL_ucpg_v2/runs/range_100-200_perturb0.2_bootstrap0.5_relative_epistemic/ucpg_iter00200.pt
[train] Plot saved → online_RL_ucpg_v2/runs/range_100-200_perturb0.2_bootstrap0.5_relative_epistemic/return.png
[train] Plot saved → online_RL_ucpg_v2/runs/range_100-200_perturb0.2_bootstrap0.5_relative_epistemic/j_u.png
[train] Plot saved → online_RL_ucpg_v2/runs/range_100-200_perturb0.2_bootstrap0.5_relative_epistemic/lambda.png
[train] Plot saved → online_RL_ucpg_v2/runs/range_100-200_perturb0.2_bootstrap0.5_relative_epistemic/loss.png
[train] Plot saved → online_RL_ucpg_v2/runs/range_100-200_perturb0.2_bootstrap0.5_relative_epistemic/entropy.png
[train] Plot saved → online_RL_ucpg_v2/runs/range_100-200_perturb0.2_bootstrap0.5_relative_epistemic/action_stats.png
[train] Plot saved → online_RL_ucpg_v2/runs/range_100-200_perturb0.2_bootstrap0.5_relative_epistemic/ood_action_fraction.png
[agent] Checkpoint saved → online_RL_ucpg_v2/runs/range_100-200_perturb0.2_bootstrap0.5_relative_epistemic/ucpg_best.pt
[agent] Checkpoint saved → online_RL_ucpg_v2/runs/range_100-200_perturb0.2_bootstrap0.5_relative_epistemic/ucpg_best.pt
[agent] Checkpoint saved → online_RL_ucpg_v2/runs/range_100-200_perturb0.2_bootstrap0.5_relative_epistemic/ucpg_best.pt
[agent] Checkpoint saved → online_RL_ucpg_v2/runs/range_100-200_perturb0.2_bootstrap0.5_relative_epistemic/ucpg_best.pt
[agent] Checkpoint saved → online_RL_ucpg_v2/runs/range_100-200_perturb0.2_bootstrap0.5_relative_epistemic/ucpg_best.pt
Iter   220/2000 | return -2.9506 (avg20 -2.9546) | J_u 0.43716 (δ=0.41555) | λ 0.16416 | loss -82.6696 | entropy 5.265 | action 184.4±69.4W | OOD-action  50.8% | 951s
Iter   240/2000 | return -3.0802 (avg20 -3.1120) | J_u 0.42309 (δ=0.41555) | λ 0.17687 | loss -88.0380 | entropy 5.265 | action 194.1±66.5W | OOD-action  51.8% | 1037s
Iter   260/2000 | return -2.9920 (avg20 -3.0534) | J_u 0.46924 (δ=0.41555) | λ 0.19125 | loss -86.7017 | entropy 5.264 | action 185.5±80.7W | OOD-action  58.1% | 1123s
Iter   280/2000 | return -3.0015 (avg20 -3.0206) | J_u 0.48322 (δ=0.41555) | λ 0.22133 | loss -90.0076 | entropy 5.262 | action 191.6±89.4W | OOD-action  56.0% | 1209s
Iter   300/2000 | return -2.7875 (avg20 -2.9110) | J_u 0.44382 (δ=0.41555) | λ 0.23903 | loss -80.4555 | entropy 5.260 | action 181.1±71.6W | OOD-action  47.4% | 1295s
Iter   320/2000 | return -2.9996 (avg20 -2.9144) | J_u 0.47280 (δ=0.41555) | λ 0.25959 | loss -90.7287 | entropy 5.258 | action 199.5±88.3W | OOD-action  62.0% | 1380s
Iter   340/2000 | return -2.9044 (avg20 -2.9927) | J_u 0.45749 (δ=0.41555) | λ 0.28656 | loss -87.6402 | entropy 5.256 | action 192.2±79.2W | OOD-action  56.2% | 1467s
Iter   360/2000 | return -3.0662 (avg20 -2.9181) | J_u 0.44044 (δ=0.41555) | λ 0.30315 | loss -95.7728 | entropy 5.253 | action 179.2±70.6W | OOD-action  48.7% | 1553s
Iter   380/2000 | return -2.8976 (avg20 -3.0622) | J_u 0.47674 (δ=0.41555) | λ 0.31443 | loss -86.2938 | entropy 5.251 | action 193.6±84.4W | OOD-action  55.7% | 1639s
Iter   400/2000 | return -3.0505 (avg20 -2.9153) | J_u 0.42600 (δ=0.41555) | λ 0.33633 | loss -92.6197 | entropy 5.250 | action 175.9±64.4W | OOD-action  45.1% | 1725s
[agent] Checkpoint saved → online_RL_ucpg_v2/runs/range_100-200_perturb0.2_bootstrap0.5_relative_epistemic/ucpg_iter00400.pt
[train] Plot saved → online_RL_ucpg_v2/runs/range_100-200_perturb0.2_bootstrap0.5_relative_epistemic/return.png
[train] Plot saved → online_RL_ucpg_v2/runs/range_100-200_perturb0.2_bootstrap0.5_relative_epistemic/j_u.png
[train] Plot saved → online_RL_ucpg_v2/runs/range_100-200_perturb0.2_bootstrap0.5_relative_epistemic/lambda.png
[train] Plot saved → online_RL_ucpg_v2/runs/range_100-200_perturb0.2_bootstrap0.5_relative_epistemic/loss.png
[train] Plot saved → online_RL_ucpg_v2/runs/range_100-200_perturb0.2_bootstrap0.5_relative_epistemic/entropy.png
[train] Plot saved → online_RL_ucpg_v2/runs/range_100-200_perturb0.2_bootstrap0.5_relative_epistemic/action_stats.png
[train] Plot saved → online_RL_ucpg_v2/runs/range_100-200_perturb0.2_bootstrap0.5_relative_epistemic/ood_action_fraction.png
Iter   420/2000 | return -2.8142 (avg20 -2.9683) | J_u 0.45978 (δ=0.41555) | λ 0.34967 | loss -86.1251 | entropy 5.248 | action 197.6±85.0W | OOD-action  52.3% | 1812s
Iter   440/2000 | return -2.9567 (avg20 -2.9009) | J_u 0.44250 (δ=0.41555) | λ 0.37797 | loss -93.1811 | entropy 5.248 | action 192.1±78.0W | OOD-action  46.4% | 1898s
Iter   460/2000 | return -3.2347 (avg20 -3.1265) | J_u 0.42718 (δ=0.41555) | λ 0.38852 | loss -99.0407 | entropy 5.245 | action 181.5±67.7W | OOD-action  44.0% | 1984s
Iter   480/2000 | return -3.0078 (avg20 -3.0557) | J_u 0.48552 (δ=0.41555) | λ 0.40367 | loss -94.7368 | entropy 5.244 | action 201.7±98.1W | OOD-action  55.7% | 2070s
Iter   500/2000 | return -3.1586 (avg20 -3.0586) | J_u 0.49885 (δ=0.41555) | λ 0.45038 | loss -103.3037 | entropy 5.243 | action 204.5±106.6W | OOD-action  54.2% | 2156s
Iter   520/2000 | return -2.8379 (avg20 -2.9968) | J_u 0.47907 (δ=0.41555) | λ 0.49212 | loss -91.4846 | entropy 5.241 | action 200.4±102.3W | OOD-action  46.9% | 2242s
Iter   540/2000 | return -2.9670 (avg20 -2.9704) | J_u 0.46256 (δ=0.41555) | λ 0.52109 | loss -96.1889 | entropy 5.239 | action 194.1±96.6W | OOD-action  47.4% | 2328s
Iter   560/2000 | return -2.8874 (avg20 -2.9990) | J_u 0.48815 (δ=0.41555) | λ 0.55955 | loss -97.3925 | entropy 5.237 | action 200.9±102.9W | OOD-action  50.5% | 2414s
Iter   580/2000 | return -3.0582 (avg20 -3.0198) | J_u 0.41974 (δ=0.41555) | λ 0.57458 | loss -100.5757 | entropy 5.235 | action 186.7±66.3W | OOD-action  53.9% | 2500s
Iter   600/2000 | return -3.2212 (avg20 -3.0454) | J_u 0.44947 (δ=0.41555) | λ 0.58629 | loss -110.1755 | entropy 5.234 | action 206.0±78.2W | OOD-action  64.1% | 2586s
[agent] Checkpoint saved → online_RL_ucpg_v2/runs/range_100-200_perturb0.2_bootstrap0.5_relative_epistemic/ucpg_iter00600.pt
[train] Plot saved → online_RL_ucpg_v2/runs/range_100-200_perturb0.2_bootstrap0.5_relative_epistemic/return.png
[train] Plot saved → online_RL_ucpg_v2/runs/range_100-200_perturb0.2_bootstrap0.5_relative_epistemic/j_u.png
[train] Plot saved → online_RL_ucpg_v2/runs/range_100-200_perturb0.2_bootstrap0.5_relative_epistemic/lambda.png
[train] Plot saved → online_RL_ucpg_v2/runs/range_100-200_perturb0.2_bootstrap0.5_relative_epistemic/loss.png
[train] Plot saved → online_RL_ucpg_v2/runs/range_100-200_perturb0.2_bootstrap0.5_relative_epistemic/entropy.png
[train] Plot saved → online_RL_ucpg_v2/runs/range_100-200_perturb0.2_bootstrap0.5_relative_epistemic/action_stats.png
[train] Plot saved → online_RL_ucpg_v2/runs/range_100-200_perturb0.2_bootstrap0.5_relative_epistemic/ood_action_fraction.png
Iter   620/2000 | return -3.1233 (avg20 -3.0019) | J_u 0.46706 (δ=0.41555) | λ 0.61254 | loss -112.1880 | entropy 5.233 | action 181.9±88.0W | OOD-action  50.0% | 2674s
[agent] Checkpoint saved → online_RL_ucpg_v2/runs/range_100-200_perturb0.2_bootstrap0.5_relative_epistemic/ucpg_best.pt
Iter   640/2000 | return -3.0635 (avg20 -2.9600) | J_u 0.44294 (δ=0.41555) | λ 0.63219 | loss -101.0978 | entropy 5.231 | action 192.2±72.3W | OOD-action  59.4% | 2760s
Iter   660/2000 | return -3.1253 (avg20 -3.2009) | J_u 0.48835 (δ=0.41555) | λ 0.65424 | loss -113.9166 | entropy 5.231 | action 170.0±80.0W | OOD-action  50.5% | 2845s
Iter   680/2000 | return -3.3026 (avg20 -3.1854) | J_u 0.47413 (δ=0.41555) | λ 0.68177 | loss -116.0304 | entropy 5.229 | action 208.4±81.8W | OOD-action  57.8% | 2931s
Iter   700/2000 | return -3.0397 (avg20 -3.0996) | J_u 0.46067 (δ=0.41555) | λ 0.70066 | loss -106.9678 | entropy 5.227 | action 191.0±76.5W | OOD-action  55.7% | 3017s
Iter   720/2000 | return -2.9531 (avg20 -3.0266) | J_u 0.44388 (δ=0.41555) | λ 0.71226 | loss -102.2583 | entropy 5.224 | action 188.0±69.4W | OOD-action  53.4% | 3103s
Iter   740/2000 | return -3.1205 (avg20 -3.0457) | J_u 0.42336 (δ=0.41555) | λ 0.71979 | loss -109.0170 | entropy 5.222 | action 181.0±65.9W | OOD-action  44.0% | 3188s
Iter   760/2000 | return -2.9677 (avg20 -2.9328) | J_u 0.43605 (δ=0.41555) | λ 0.72762 | loss -105.6740 | entropy 5.220 | action 186.6±77.7W | OOD-action  42.2% | 3274s
Iter   780/2000 | return -2.8581 (avg20 -2.8700) | J_u 0.45641 (δ=0.41555) | λ 0.74247 | loss -104.8365 | entropy 5.218 | action 186.3±81.4W | OOD-action  53.4% | 3360s
Iter   800/2000 | return -2.9118 (avg20 -2.8376) | J_u 0.46918 (δ=0.41555) | λ 0.76145 | loss -108.4657 | entropy 5.215 | action 201.5±88.6W | OOD-action  54.4% | 3445s
[agent] Checkpoint saved → online_RL_ucpg_v2/runs/range_100-200_perturb0.2_bootstrap0.5_relative_epistemic/ucpg_iter00800.pt
[train] Plot saved → online_RL_ucpg_v2/runs/range_100-200_perturb0.2_bootstrap0.5_relative_epistemic/return.png
[train] Plot saved → online_RL_ucpg_v2/runs/range_100-200_perturb0.2_bootstrap0.5_relative_epistemic/j_u.png
[train] Plot saved → online_RL_ucpg_v2/runs/range_100-200_perturb0.2_bootstrap0.5_relative_epistemic/lambda.png
[train] Plot saved → online_RL_ucpg_v2/runs/range_100-200_perturb0.2_bootstrap0.5_relative_epistemic/loss.png
[train] Plot saved → online_RL_ucpg_v2/runs/range_100-200_perturb0.2_bootstrap0.5_relative_epistemic/entropy.png
[train] Plot saved → online_RL_ucpg_v2/runs/range_100-200_perturb0.2_bootstrap0.5_relative_epistemic/action_stats.png
[train] Plot saved → online_RL_ucpg_v2/runs/range_100-200_perturb0.2_bootstrap0.5_relative_epistemic/ood_action_fraction.png
[agent] Checkpoint saved → online_RL_ucpg_v2/runs/range_100-200_perturb0.2_bootstrap0.5_relative_epistemic/ucpg_best.pt
Iter   820/2000 | return -2.8560 (avg20 -2.8903) | J_u 0.45728 (δ=0.41555) | λ 0.78612 | loss -107.5690 | entropy 5.213 | action 184.9±82.0W | OOD-action  46.4% | 3533s
Iter   840/2000 | return -2.9480 (avg20 -3.0441) | J_u 0.41600 (δ=0.41555) | λ 0.79867 | loss -107.0748 | entropy 5.211 | action 191.6±72.9W | OOD-action  48.4% | 3619s
Iter   860/2000 | return -3.0199 (avg20 -3.1353) | J_u 0.46374 (δ=0.41555) | λ 0.82142 | loss -109.7596 | entropy 5.209 | action 205.6±88.1W | OOD-action  60.9% | 3705s
Iter   880/2000 | return -2.8659 (avg20 -2.8956) | J_u 0.48089 (δ=0.41555) | λ 0.84141 | loss -108.0345 | entropy 5.208 | action 188.1±83.9W | OOD-action  54.7% | 3791s
Iter   900/2000 | return -3.0476 (avg20 -2.9855) | J_u 0.48197 (δ=0.41555) | λ 0.87594 | loss -118.7028 | entropy 5.207 | action 185.1±88.3W | OOD-action  51.0% | 3877s
Iter   920/2000 | return -2.9029 (avg20 -2.9058) | J_u 0.49040 (δ=0.41555) | λ 0.90473 | loss -116.5575 | entropy 5.205 | action 187.6±93.8W | OOD-action  48.7% | 3963s
Iter   940/2000 | return -2.7953 (avg20 -2.8659) | J_u 0.47807 (δ=0.41555) | λ 0.92670 | loss -108.1606 | entropy 5.204 | action 195.1±87.3W | OOD-action  47.1% | 4049s
Iter   960/2000 | return -3.0138 (avg20 -2.9173) | J_u 0.44932 (δ=0.41555) | λ 0.94483 | loss -116.0887 | entropy 5.201 | action 198.5±74.8W | OOD-action  59.4% | 4135s
Iter   980/2000 | return -2.8589 (avg20 -2.9249) | J_u 0.44589 (δ=0.41555) | λ 0.95419 | loss -109.9858 | entropy 5.200 | action 183.6±71.7W | OOD-action  48.4% | 4221s
Iter  1000/2000 | return -2.8976 (avg20 -2.8547) | J_u 0.44334 (δ=0.41555) | λ 0.97051 | loss -111.9368 | entropy 5.198 | action 193.3±77.7W | OOD-action  50.3% | 4306s
[agent] Checkpoint saved → online_RL_ucpg_v2/runs/range_100-200_perturb0.2_bootstrap0.5_relative_epistemic/ucpg_iter01000.pt
[train] Plot saved → online_RL_ucpg_v2/runs/range_100-200_perturb0.2_bootstrap0.5_relative_epistemic/return.png
[train] Plot saved → online_RL_ucpg_v2/runs/range_100-200_perturb0.2_bootstrap0.5_relative_epistemic/j_u.png
[train] Plot saved → online_RL_ucpg_v2/runs/range_100-200_perturb0.2_bootstrap0.5_relative_epistemic/lambda.png
[train] Plot saved → online_RL_ucpg_v2/runs/range_100-200_perturb0.2_bootstrap0.5_relative_epistemic/loss.png
[train] Plot saved → online_RL_ucpg_v2/runs/range_100-200_perturb0.2_bootstrap0.5_relative_epistemic/entropy.png
[train] Plot saved → online_RL_ucpg_v2/runs/range_100-200_perturb0.2_bootstrap0.5_relative_epistemic/action_stats.png
[train] Plot saved → online_RL_ucpg_v2/runs/range_100-200_perturb0.2_bootstrap0.5_relative_epistemic/ood_action_fraction.png
Iter  1020/2000 | return -2.8676 (avg20 -2.8676) | J_u 0.44289 (δ=0.41555) | λ 0.99105 | loss -110.8114 | entropy 5.197 | action 187.0±70.3W | OOD-action  47.7% | 4394s
Iter  1040/2000 | return -2.8434 (avg20 -2.8794) | J_u 0.44597 (δ=0.41555) | λ 1.00544 | loss -109.1506 | entropy 5.196 | action 194.2±75.5W | OOD-action  48.4% | 4479s
Iter  1060/2000 | return -2.9211 (avg20 -2.9488) | J_u 0.43298 (δ=0.41555) | λ 1.02258 | loss -112.6113 | entropy 5.194 | action 194.9±70.5W | OOD-action  52.1% | 4565s
Iter  1080/2000 | return -2.8628 (avg20 -2.8718) | J_u 0.44492 (δ=0.41555) | λ 1.03643 | loss -110.5373 | entropy 5.193 | action 192.3±70.5W | OOD-action  53.9% | 4650s
Iter  1100/2000 | return -2.8888 (avg20 -2.9366) | J_u 0.43076 (δ=0.41555) | λ 1.04403 | loss -113.1100 | entropy 5.191 | action 179.4±67.6W | OOD-action  47.1% | 4735s
Iter  1120/2000 | return -2.8927 (avg20 -2.9146) | J_u 0.44620 (δ=0.41555) | λ 1.05404 | loss -116.1819 | entropy 5.189 | action 180.2±69.4W | OOD-action  43.8% | 4821s
Iter  1140/2000 | return -2.9133 (avg20 -2.9063) | J_u 0.43657 (δ=0.41555) | λ 1.06266 | loss -114.9443 | entropy 5.187 | action 188.3±69.4W | OOD-action  52.1% | 4906s
Iter  1160/2000 | return -2.7934 (avg20 -2.8524) | J_u 0.46299 (δ=0.41555) | λ 1.07465 | loss -114.1271 | entropy 5.185 | action 180.3±71.8W | OOD-action  47.4% | 4991s
Iter  1180/2000 | return -3.1439 (avg20 -3.0887) | J_u 0.46063 (δ=0.41555) | λ 1.09621 | loss -129.4782 | entropy 5.183 | action 174.5±82.2W | OOD-action  40.9% | 5076s
Iter  1200/2000 | return -2.8028 (avg20 -2.8669) | J_u 0.45194 (δ=0.41555) | λ 1.10960 | loss -116.8809 | entropy 5.181 | action 192.2±80.4W | OOD-action  46.4% | 5162s
[agent] Checkpoint saved → online_RL_ucpg_v2/runs/range_100-200_perturb0.2_bootstrap0.5_relative_epistemic/ucpg_iter01200.pt
[train] Plot saved → online_RL_ucpg_v2/runs/range_100-200_perturb0.2_bootstrap0.5_relative_epistemic/return.png
[train] Plot saved → online_RL_ucpg_v2/runs/range_100-200_perturb0.2_bootstrap0.5_relative_epistemic/j_u.png
[train] Plot saved → online_RL_ucpg_v2/runs/range_100-200_perturb0.2_bootstrap0.5_relative_epistemic/lambda.png
[train] Plot saved → online_RL_ucpg_v2/runs/range_100-200_perturb0.2_bootstrap0.5_relative_epistemic/loss.png
[train] Plot saved → online_RL_ucpg_v2/runs/range_100-200_perturb0.2_bootstrap0.5_relative_epistemic/entropy.png
[train] Plot saved → online_RL_ucpg_v2/runs/range_100-200_perturb0.2_bootstrap0.5_relative_epistemic/action_stats.png
[train] Plot saved → online_RL_ucpg_v2/runs/range_100-200_perturb0.2_bootstrap0.5_relative_epistemic/ood_action_fraction.png
[agent] Checkpoint saved → online_RL_ucpg_v2/runs/range_100-200_perturb0.2_bootstrap0.5_relative_epistemic/ucpg_best.pt
Iter  1220/2000 | return -2.8301 (avg20 -2.8385) | J_u 0.45932 (δ=0.41555) | λ 1.12307 | loss -113.4549 | entropy 5.180 | action 201.9±85.8W | OOD-action  51.0% | 5249s
Iter  1240/2000 | return -2.8963 (avg20 -2.8615) | J_u 0.46463 (δ=0.41555) | λ 1.14577 | loss -116.5502 | entropy 5.179 | action 202.5±83.6W | OOD-action  52.9% | 5335s
Iter  1260/2000 | return -2.8821 (avg20 -2.8607) | J_u 0.42078 (δ=0.41555) | λ 1.16477 | loss -116.2507 | entropy 5.178 | action 191.1±68.7W | OOD-action  49.5% | 5420s
Iter  1280/2000 | return -2.9764 (avg20 -2.8766) | J_u 0.43090 (δ=0.41555) | λ 1.17542 | loss -120.2449 | entropy 5.177 | action 177.2±65.5W | OOD-action  39.8% | 5505s
Iter  1300/2000 | return -3.2027 (avg20 -3.2140) | J_u 0.39871 (δ=0.41555) | λ 1.17487 | loss -122.7173 | entropy 5.175 | action 193.6±60.1W | OOD-action  47.7% | 5591s
Iter  1320/2000 | return -2.8855 (avg20 -3.0888) | J_u 0.42903 (δ=0.41555) | λ 1.17665 | loss -116.1294 | entropy 5.172 | action 191.4±69.8W | OOD-action  53.4% | 5677s
Iter  1340/2000 | return -2.8023 (avg20 -2.8766) | J_u 0.43795 (δ=0.41555) | λ 1.18975 | loss -116.3885 | entropy 5.171 | action 192.0±78.5W | OOD-action  50.3% | 5763s
[agent] Checkpoint saved → online_RL_ucpg_v2/runs/range_100-200_perturb0.2_bootstrap0.5_relative_epistemic/ucpg_best.pt
Iter  1360/2000 | return -2.7709 (avg20 -2.8444) | J_u 0.43812 (δ=0.41555) | λ 1.20200 | loss -117.3678 | entropy 5.169 | action 183.2±71.0W | OOD-action  44.5% | 5849s
Iter  1380/2000 | return -2.8405 (avg20 -2.8333) | J_u 0.42416 (δ=0.41555) | λ 1.21073 | loss -117.0705 | entropy 5.168 | action 192.7±70.4W | OOD-action  50.3% | 5935s
Iter  1400/2000 | return -2.8337 (avg20 -2.8702) | J_u 0.44075 (δ=0.41555) | λ 1.22084 | loss -119.6204 | entropy 5.166 | action 182.9±76.1W | OOD-action  46.4% | 6021s
[agent] Checkpoint saved → online_RL_ucpg_v2/runs/range_100-200_perturb0.2_bootstrap0.5_relative_epistemic/ucpg_iter01400.pt
[train] Plot saved → online_RL_ucpg_v2/runs/range_100-200_perturb0.2_bootstrap0.5_relative_epistemic/return.png
[train] Plot saved → online_RL_ucpg_v2/runs/range_100-200_perturb0.2_bootstrap0.5_relative_epistemic/j_u.png
[train] Plot saved → online_RL_ucpg_v2/runs/range_100-200_perturb0.2_bootstrap0.5_relative_epistemic/lambda.png
[train] Plot saved → online_RL_ucpg_v2/runs/range_100-200_perturb0.2_bootstrap0.5_relative_epistemic/loss.png
[train] Plot saved → online_RL_ucpg_v2/runs/range_100-200_perturb0.2_bootstrap0.5_relative_epistemic/entropy.png
[train] Plot saved → online_RL_ucpg_v2/runs/range_100-200_perturb0.2_bootstrap0.5_relative_epistemic/action_stats.png
[train] Plot saved → online_RL_ucpg_v2/runs/range_100-200_perturb0.2_bootstrap0.5_relative_epistemic/ood_action_fraction.png
[agent] Checkpoint saved → online_RL_ucpg_v2/runs/range_100-200_perturb0.2_bootstrap0.5_relative_epistemic/ucpg_best.pt
Iter  1420/2000 | return -2.6612 (avg20 -2.8023) | J_u 0.45362 (δ=0.41555) | λ 1.23280 | loss -112.9495 | entropy 5.164 | action 178.6±74.1W | OOD-action  44.0% | 6109s
[agent] Checkpoint saved → online_RL_ucpg_v2/runs/range_100-200_perturb0.2_bootstrap0.5_relative_epistemic/ucpg_best.pt
Iter  1440/2000 | return -3.4445 (avg20 -3.0991) | J_u 0.45246 (δ=0.41555) | λ 1.24928 | loss -139.2226 | entropy 5.162 | action 158.2±70.4W | OOD-action  33.1% | 6195s
Iter  1460/2000 | return -2.9125 (avg20 -2.9152) | J_u 0.48298 (δ=0.41555) | λ 1.27268 | loss -120.5132 | entropy 5.161 | action 209.4±88.6W | OOD-action  56.8% | 6281s
Iter  1480/2000 | return -2.9576 (avg20 -3.0789) | J_u 0.47092 (δ=0.41555) | λ 1.29886 | loss -124.5368 | entropy 5.160 | action 198.6±81.9W | OOD-action  55.7% | 6367s
Iter  1500/2000 | return -2.7818 (avg20 -2.8952) | J_u 0.47249 (δ=0.41555) | λ 1.32356 | loss -126.0821 | entropy 5.160 | action 190.6±89.5W | OOD-action  49.7% | 6453s
Iter  1520/2000 | return -2.9567 (avg20 -2.8655) | J_u 0.42890 (δ=0.41555) | λ 1.34089 | loss -126.3760 | entropy 5.160 | action 182.9±69.7W | OOD-action  38.3% | 6539s
Iter  1540/2000 | return -2.8488 (avg20 -2.8231) | J_u 0.43249 (δ=0.41555) | λ 1.35088 | loss -120.8940 | entropy 5.158 | action 198.1±75.6W | OOD-action  53.6% | 6625s
Iter  1560/2000 | return -2.8648 (avg20 -2.9202) | J_u 0.44874 (δ=0.41555) | λ 1.36396 | loss -123.7100 | entropy 5.157 | action 204.3±82.6W | OOD-action  52.3% | 6712s
[agent] Checkpoint saved → online_RL_ucpg_v2/runs/range_100-200_perturb0.2_bootstrap0.5_relative_epistemic/ucpg_best.pt
Iter  1580/2000 | return -2.9223 (avg20 -2.7871) | J_u 0.45401 (δ=0.41555) | λ 1.38289 | loss -132.0247 | entropy 5.156 | action 188.2±82.4W | OOD-action  45.6% | 6798s
Iter  1600/2000 | return -2.8736 (avg20 -2.7970) | J_u 0.49794 (δ=0.41555) | λ 1.40653 | loss -129.1855 | entropy 5.155 | action 205.7±99.2W | OOD-action  56.2% | 6884s
[agent] Checkpoint saved → online_RL_ucpg_v2/runs/range_100-200_perturb0.2_bootstrap0.5_relative_epistemic/ucpg_iter01600.pt
[train] Plot saved → online_RL_ucpg_v2/runs/range_100-200_perturb0.2_bootstrap0.5_relative_epistemic/return.png
[train] Plot saved → online_RL_ucpg_v2/runs/range_100-200_perturb0.2_bootstrap0.5_relative_epistemic/j_u.png
[train] Plot saved → online_RL_ucpg_v2/runs/range_100-200_perturb0.2_bootstrap0.5_relative_epistemic/lambda.png
[train] Plot saved → online_RL_ucpg_v2/runs/range_100-200_perturb0.2_bootstrap0.5_relative_epistemic/loss.png
[train] Plot saved → online_RL_ucpg_v2/runs/range_100-200_perturb0.2_bootstrap0.5_relative_epistemic/entropy.png
[train] Plot saved → online_RL_ucpg_v2/runs/range_100-200_perturb0.2_bootstrap0.5_relative_epistemic/action_stats.png
[train] Plot saved → online_RL_ucpg_v2/runs/range_100-200_perturb0.2_bootstrap0.5_relative_epistemic/ood_action_fraction.png
Iter  1620/2000 | return -2.9007 (avg20 -2.8640) | J_u 0.49572 (δ=0.41555) | λ 1.44816 | loss -132.8156 | entropy 5.154 | action 204.3±105.3W | OOD-action  49.5% | 6972s
Iter  1640/2000 | return -2.7681 (avg20 -2.8023) | J_u 0.43300 (δ=0.41555) | λ 1.47333 | loss -125.4873 | entropy 5.153 | action 191.3±74.5W | OOD-action  43.2% | 7058s
Iter  1660/2000 | return -3.3274 (avg20 -2.8867) | J_u 0.42375 (δ=0.41555) | λ 1.48421 | loss -134.8213 | entropy 5.152 | action 177.9±76.6W | OOD-action  37.0% | 7145s
Iter  1680/2000 | return -2.8788 (avg20 -3.3897) | J_u 0.40929 (δ=0.41555) | λ 1.49690 | loss -121.7134 | entropy 5.150 | action 186.0±79.1W | OOD-action  37.0% | 7231s
Iter  1700/2000 | return -2.7541 (avg20 -2.8226) | J_u 0.41580 (δ=0.41555) | λ 1.50219 | loss -120.3398 | entropy 5.149 | action 198.0±81.8W | OOD-action  46.1% | 7317s
Iter  1720/2000 | return -2.9249 (avg20 -2.9183) | J_u 0.42169 (δ=0.41555) | λ 1.50744 | loss -129.7644 | entropy 5.147 | action 190.9±80.6W | OOD-action  41.9% | 7403s
Iter  1740/2000 | return -2.8046 (avg20 -2.7815) | J_u 0.47445 (δ=0.41555) | λ 1.52031 | loss -133.4705 | entropy 5.145 | action 191.9±91.8W | OOD-action  52.9% | 7490s
Iter  1760/2000 | return -2.9392 (avg20 -2.9035) | J_u 0.45139 (δ=0.41555) | λ 1.54723 | loss -139.4661 | entropy 5.144 | action 181.0±86.5W | OOD-action  43.8% | 7576s
Iter  1780/2000 | return -4.1874 (avg20 -3.7845) | J_u 0.43601 (δ=0.41555) | λ 1.55304 | loss -154.0135 | entropy 5.141 | action 162.0±44.8W | OOD-action  31.5% | 7662s
Iter  1800/2000 | return -3.2822 (avg20 -3.6044) | J_u 0.41089 (δ=0.41555) | λ 1.54913 | loss -140.9288 | entropy 5.141 | action 180.8±56.2W | OOD-action  45.8% | 7749s
[agent] Checkpoint saved → online_RL_ucpg_v2/runs/range_100-200_perturb0.2_bootstrap0.5_relative_epistemic/ucpg_iter01800.pt
[train] Plot saved → online_RL_ucpg_v2/runs/range_100-200_perturb0.2_bootstrap0.5_relative_epistemic/return.png
[train] Plot saved → online_RL_ucpg_v2/runs/range_100-200_perturb0.2_bootstrap0.5_relative_epistemic/j_u.png
[train] Plot saved → online_RL_ucpg_v2/runs/range_100-200_perturb0.2_bootstrap0.5_relative_epistemic/lambda.png
[train] Plot saved → online_RL_ucpg_v2/runs/range_100-200_perturb0.2_bootstrap0.5_relative_epistemic/loss.png
[train] Plot saved → online_RL_ucpg_v2/runs/range_100-200_perturb0.2_bootstrap0.5_relative_epistemic/entropy.png
[train] Plot saved → online_RL_ucpg_v2/runs/range_100-200_perturb0.2_bootstrap0.5_relative_epistemic/action_stats.png
[train] Plot saved → online_RL_ucpg_v2/runs/range_100-200_perturb0.2_bootstrap0.5_relative_epistemic/ood_action_fraction.png
Iter  1820/2000 | return -3.0993 (avg20 -3.1399) | J_u 0.43026 (δ=0.41555) | λ 1.55086 | loss -136.9829 | entropy 5.140 | action 175.1±63.6W | OOD-action  47.7% | 7836s
Iter  1840/2000 | return -2.8854 (avg20 -3.0320) | J_u 0.42914 (δ=0.41555) | λ 1.55452 | loss -130.0400 | entropy 5.138 | action 185.7±63.5W | OOD-action  46.9% | 7922s
Iter  1860/2000 | return -2.9515 (avg20 -2.9212) | J_u 0.44252 (δ=0.41555) | λ 1.55559 | loss -138.6367 | entropy 5.136 | action 197.5±74.7W | OOD-action  54.9% | 8008s
Iter  1880/2000 | return -2.9339 (avg20 -3.0421) | J_u 0.46241 (δ=0.41555) | λ 1.57767 | loss -135.5443 | entropy 5.134 | action 202.1±84.0W | OOD-action  60.7% | 8093s
Iter  1900/2000 | return -2.8554 (avg20 -2.8179) | J_u 0.41525 (δ=0.41555) | λ 1.59002 | loss -126.5062 | entropy 5.132 | action 184.0±62.7W | OOD-action  49.7% | 8179s
Iter  1920/2000 | return -2.7929 (avg20 -2.9393) | J_u 0.42814 (δ=0.41555) | λ 1.58964 | loss -126.5099 | entropy 5.131 | action 181.2±65.6W | OOD-action  49.0% | 8265s
Iter  1940/2000 | return -3.0944 (avg20 -2.9487) | J_u 0.46609 (δ=0.41555) | λ 1.60405 | loss -139.3936 | entropy 5.129 | action 213.3±83.6W | OOD-action  61.2% | 8350s
Iter  1960/2000 | return -2.8850 (avg20 -3.0092) | J_u 0.48872 (δ=0.41555) | λ 1.63380 | loss -141.7048 | entropy 5.127 | action 197.5±89.8W | OOD-action  54.9% | 8436s
Iter  1980/2000 | return -2.7128 (avg20 -2.8260) | J_u 0.43562 (δ=0.41555) | λ 1.65324 | loss -129.6625 | entropy 5.125 | action 185.8±71.2W | OOD-action  45.6% | 8521s
Iter  2000/2000 | return -2.6987 (avg20 -2.7664) | J_u 0.44996 (δ=0.41555) | λ 1.66648 | loss -127.9201 | entropy 5.124 | action 194.6±80.6W | OOD-action  48.4% | 8607s
[agent] Checkpoint saved → online_RL_ucpg_v2/runs/range_100-200_perturb0.2_bootstrap0.5_relative_epistemic/ucpg_iter02000.pt
[train] Plot saved → online_RL_ucpg_v2/runs/range_100-200_perturb0.2_bootstrap0.5_relative_epistemic/return.png
[train] Plot saved → online_RL_ucpg_v2/runs/range_100-200_perturb0.2_bootstrap0.5_relative_epistemic/j_u.png
[train] Plot saved → online_RL_ucpg_v2/runs/range_100-200_perturb0.2_bootstrap0.5_relative_epistemic/lambda.png
[train] Plot saved → online_RL_ucpg_v2/runs/range_100-200_perturb0.2_bootstrap0.5_relative_epistemic/loss.png
[train] Plot saved → online_RL_ucpg_v2/runs/range_100-200_perturb0.2_bootstrap0.5_relative_epistemic/entropy.png
[train] Plot saved → online_RL_ucpg_v2/runs/range_100-200_perturb0.2_bootstrap0.5_relative_epistemic/action_stats.png
[train] Plot saved → online_RL_ucpg_v2/runs/range_100-200_perturb0.2_bootstrap0.5_relative_epistemic/ood_action_fraction.png
[agent] Checkpoint saved → online_RL_ucpg_v2/runs/range_100-200_perturb0.2_bootstrap0.5_relative_epistemic/ucpg_final.pt
[train] Plot saved → online_RL_ucpg_v2/runs/range_100-200_perturb0.2_bootstrap0.5_relative_epistemic/return.png
[train] Plot saved → online_RL_ucpg_v2/runs/range_100-200_perturb0.2_bootstrap0.5_relative_epistemic/j_u.png
[train] Plot saved → online_RL_ucpg_v2/runs/range_100-200_perturb0.2_bootstrap0.5_relative_epistemic/lambda.png
[train] Plot saved → online_RL_ucpg_v2/runs/range_100-200_perturb0.2_bootstrap0.5_relative_epistemic/loss.png
[train] Plot saved → online_RL_ucpg_v2/runs/range_100-200_perturb0.2_bootstrap0.5_relative_epistemic/entropy.png
[train] Plot saved → online_RL_ucpg_v2/runs/range_100-200_perturb0.2_bootstrap0.5_relative_epistemic/action_stats.png
[train] Plot saved → online_RL_ucpg_v2/runs/range_100-200_perturb0.2_bootstrap0.5_relative_epistemic/ood_action_fraction.png

=================================================================
[train] Training complete in 143.5 min
[train] Best undiscounted return : -2.6144
[train] Final J_u_hat / delta     : 0.44996 / 0.41555
[train] Final lambda              : 1.66648
[train] Final action              : 194.6 ± 80.6 W
[train] Best checkpoint  : online_RL_ucpg_v2/runs/range_100-200_perturb0.2_bootstrap0.5_relative_epistemic/ucpg_best.pt
[train] Final checkpoint : online_RL_ucpg_v2/runs/range_100-200_perturb0.2_bootstrap0.5_relative_epistemic/ucpg_final.pt
=================================================================
=== [6/7] Aggregate — SURROGATE-driven leaderboard (naive_pg vs. UCPG) ===
======================================================================
  Baselines — Aggregated Evaluation
======================================================================
  Surrogate (shared environment) : surrogate_model_v3/runs/range_100-200_perturb0.2_bootstrap0.5/surrogate_best.pt
  Episodes/method                : 50
======================================================================
[TwoStageLatentLPBFEnv] Mesh loaded: 1053 nodes  X∈[0.00, 12.00]  Y∈[0.00, 3.00]
[agent] Loaded checkpoint from baselines/naive_pg/runs/range_100-200_perturb0.2_bootstrap0.5/naive_pg_best.pt  (lambda=0.00000)
[eval_harness] Saved → baselines/results_range_100-200_perturb0.2_bootstrap0.5/per_layer_0_naive_pg.png
[agent] Loaded checkpoint from online_RL_ucpg_v2/runs/range_100-200_perturb0.2_bootstrap0.5_relative_epistemic/ucpg_best.pt  (lambda=1.37631)
[eval_harness] Saved → baselines/results_range_100-200_perturb0.2_bootstrap0.5/per_layer_ucpg_v2_ours.png

Method                     Return (mean±std)   Uncertainty     Action (mean±std)
--------------------------------------------------------------------------------
UCPG v2 (ours)          -2.2569 ± 0.1548        0.38803     189.1 ± 67.6   
0. Naive PG             -2.2586 ± 0.1476        0.38933     191.4 ± 85.7   
[eval_harness] Saved → baselines/results_range_100-200_perturb0.2_bootstrap0.5/leaderboard.csv
[eval_harness] Saved → baselines/results_range_100-200_perturb0.2_bootstrap0.5/leaderboard.png
=== [7/7] Aggregate — REAL PHYSICS leaderboard (naive_pg vs. UCPG) ===
======================================================================
  All-Methods REAL PHYSICS Evaluation (simulateHeatingCooling_v2.m)
======================================================================
  Surrogate (norm stats only) : surrogate_model_v3/runs/range_100-200_perturb0.2_bootstrap0.5/surrogate_best.pt
  Episodes/method              : 1
======================================================================
  Scratch dir : /tmp/real_eval_all_8rd4mgj9

=== Naive PG ===
[agent] Loaded checkpoint from baselines/naive_pg/runs/range_100-200_perturb0.2_bootstrap0.5/naive_pg_best.pt  (lambda=0.00000)
    [0. Naive PG] episode 1/1  (cool_time=0.100s)
[evaluate_real] Mesh consistency check passed (matches surrogate_model/mesh.mat).
      layer  1/12  LP= 386.63W  reward=-2.0278  (17s)
      layer  2/12  LP= 121.49W  reward=-0.2222  (14s)
      layer  3/12  LP= 117.32W  reward=-0.1474  (14s)
      layer  4/12  LP= 327.04W  reward=-2.4117  (13s)
      layer  5/12  LP= 102.38W  reward=-0.3650  (14s)
      layer  6/12  LP= 119.11W  reward=-0.4044  (14s)
      layer  7/12  LP= 225.44W  reward=-1.9725  (14s)
      layer  8/12  LP= 194.78W  reward=-2.0114  (14s)
      layer  9/12  LP= 237.82W  reward=-2.6018  (14s)
      layer 10/12  LP= 266.21W  reward=-3.7288  (14s)
      layer 11/12  LP= 282.88W  reward=-4.5501  (14s)
      layer 12/12  LP= 308.31W  reward=-5.4241  (14s)
      → episode return: -25.8673
[eval_harness] Saved → baselines/results_range_100-200_perturb0.2_bootstrap0.5_real/per_layer_real_0_naive_pg.png
  [0. Naive PG] done in 2.8 min

=== UCPG v2 (ours) ===
[agent] Loaded checkpoint from online_RL_ucpg_v2/runs/range_100-200_perturb0.2_bootstrap0.5_relative_epistemic/ucpg_best.pt  (lambda=1.37631)
    [UCPG v2 (ours)] episode 1/1  (cool_time=0.100s)
[evaluate_real] Mesh consistency check passed (matches surrogate_model/mesh.mat).
      layer  1/12  LP= 338.33W  reward=-1.4878  (14s)
      layer  2/12  LP= 162.32W  reward=-0.4650  (14s)
      layer  3/12  LP= 118.81W  reward=-0.1679  (14s)
      layer  4/12  LP= 178.82W  reward=-0.6261  (14s)
      layer  5/12  LP= 105.87W  reward=-0.1382  (13s)
      layer  6/12  LP= 135.05W  reward=-0.3742  (14s)
      layer  7/12  LP= 128.91W  reward=-0.4233  (14s)
      layer  8/12  LP= 178.31W  reward=-1.1725  (13s)
      layer  9/12  LP= 172.03W  reward=-1.2194  (14s)
      layer 10/12  LP= 250.84W  reward=-2.8487  (14s)
      layer 11/12  LP= 230.31W  reward=-3.1975  (14s)
      layer 12/12  LP= 304.90W  reward=-4.7090  (13s)
      → episode return: -16.8296
[eval_harness] Saved → baselines/results_range_100-200_perturb0.2_bootstrap0.5_real/per_layer_real_ucpg_v2_ours.png
  [UCPG v2 (ours)] done in 2.7 min


Method                     Return (mean±std)   Uncertainty     Action (mean±std)
--------------------------------------------------------------------------------
UCPG v2 (ours)         -16.8296 ± 0.0000        0.00000     192.0 ± 71.1   
0. Naive PG            -25.8673 ± 0.0000        0.00000     224.1 ± 90.4   
[eval_harness] Saved → baselines/results_range_100-200_perturb0.2_bootstrap0.5_real/leaderboard_real.csv
[eval_harness] Saved → baselines/results_range_100-200_perturb0.2_bootstrap0.5_real/leaderboard_real.png
============================================================
Finished : Tue Sep 29 08:09:16 EDT 2026  (exit code: 0)
Surrogate checkpoint      : surrogate_model_v3/runs/range_100-200_perturb0.2_bootstrap0.5/surrogate_best.pt
Surrogate eval plots      : surrogate_model_v3/runs/range_100-200_perturb0.2_bootstrap0.5/  (evaluate.py) and alongside checkpoint (evaluate_ood.py)
Delta calibration         : online_RL_ucpg_v2/runs/range_100-200_perturb0.2_bootstrap0.5_delta_calib_epistemic/delta_calibration.json / .png  (delta=0.41555)
Naive PG / UCPG checkpts  : baselines/naive_pg/runs/range_100-200_perturb0.2_bootstrap0.5/naive_pg_best.pt , online_RL_ucpg_v2/runs/range_100-200_perturb0.2_bootstrap0.5_relative_epistemic/ucpg_best.pt
Surrogate leaderboard     : baselines/results_range_100-200_perturb0.2_bootstrap0.5/leaderboard.png / .csv
Real-physics leaderboard  : baselines/results_range_100-200_perturb0.2_bootstrap0.5_real/leaderboard_real.png / .csv
============================================================
